p.value,m.z,t.score,pos_inx
0.04,763.4310333,0,1
0.04,1427.852311,0,1
0.04,1426.850391,0,1
0.04,1425.846088,0,1
0.04,1422.76447,0,1
0.04,1421.789673,0,1
0.04,1420.789322,0,1
0.04,797.4049683,0,1
0.04,1405.392935,0,1
0.04,1398.816735,0,1
0.04,1397.815186,0,1
0.04,1395.96936,0,1
0.04,1395.967722,0,1
0.04,1395.762934,0,1
0.04,1428.05727,0,1
0.04,1394.965251,0,1
0.04,563.2662964,0,1
0.04,559.9729614,0,1
0.04,559.9611206,0,1
0.04,559.7967529,0,1
0.04,559.3806152,0,1
0.04,559.2949219,0,1
0.04,395.2143555,0,1
0.04,396.2166138,0,1
0.04,558.793335,0,1
0.04,558.7930908,0,1
0.04,804.989502,0,1
0.04,402.2003479,0,1
0.04,1428.390908,0,1
0.04,942.5211054,0,1
0.04,732.4082642,0,1
0.04,731.9609985,0,1
0.04,949.512447,0,1
0.04,949.4813839,0,1
0.04,730.9595947,0,1
0.04,1471.878476,0,1
0.04,1470.876709,0,1
0.04,730.9574742,0,1
0.04,730.8655396,0,1
0.04,942.0186525,0,1
0.04,730.8626571,0,1
0.04,1469.49707,0,1
0.04,730.3585888,0,1
0.04,729.8780597,0,1
0.04,945.9698486,0,1
0.04,944.9646606,0,1
0.04,944.5477295,0,1
0.04,730.8091431,0,1
0.04,1480.489624,0,1
0.04,402.2309265,0,1
0.04,810.9458008,0,1
0.04,686.9926147,0,1
0.04,686.8339425,0,1
0.04,685.3498947,0,1
0.04,685.3485718,0,1
0.04,685.3212891,0,1
0.04,684.8548662,0,1
0.04,684.3510798,0,1
0.04,683.3777697,0,1
0.04,683.29426,0,1
0.04,891.4772339,0,1
0.04,857.0001831,0,1
0.04,857.0387243,0,1
0.04,890.0137329,0,1
0.04,1147.985229,0,1
0.04,1148.484692,0,1
0.04,1148.484906,0,1
0.04,1148.485228,0,1
0.04,1148.486084,0,1
0.04,873.4923537,0,1
0.04,873.829895,0,1
0.04,874.0988637,0,1
0.04,1157.805746,0,1
0.04,403.1564331,0,1
0.04,686.9935201,0,1
0.04,686.9969471,0,1
0.04,811.3805607,0,1
0.04,811.4453735,0,1
0.04,557.2157593,0,1
0.04,556.805603,0,1
0.04,556.3051147,0,1
0.04,556.2722778,0,1
0.04,555.8130493,0,1
0.04,555.2860291,0,1
0.04,554.9852295,0,1
0.04,554.6411743,0,1
0.04,554.2808838,0,1
0.04,686.9943,0,1
0.04,553.9386029,0,1
0.04,553.7733154,0,1
0.04,553.6066203,0,1
0.04,553.292671,0,1
0.04,553.274231,0,1
0.04,819.4157104,0,1
0.04,699.3677368,0,1
0.04,1266.479535,0,1
0.04,903.1450806,0,1
0.04,901.5048828,0,1
0.04,687.9971071,0,1
0.04,553.795934,0,1
0.04,1480.987861,0,1
0.04,605.3346558,0,1
0.04,755.4299316,0,1
0.04,767.4193726,0,1
0.04,613.3356934,0,1
0.04,767.3519287,0,1
0.04,597.3012085,0,1
0.04,767.3284912,0,1
0.04,604.8335571,0,1
0.04,774.8902588,0,1
0.04,586.833313,0,1
0.04,604.3510742,0,1
0.04,1674.915548,0,1
0.04,605.9936754,0,1
0.04,785.9120483,0,1
0.04,609.3028564,0,1
0.04,1001.865889,0,1
0.04,215.0132751,0,1
0.04,1024.552002,0,1
0.04,606.3276367,0,1
0.04,581.8092574,0,1
0.04,1859.643072,0,1
0.04,767.4194624,0,1
0.04,768.4464111,0,1
0.04,1675.920416,0,1
0.04,954.3447351,0,1
0.04,753.3754883,0,1
0.04,758.4235751,0,1
0.04,604.4365845,0,1
0.04,1655.681694,0,1
0.04,216.0173798,0,1
0.04,217.1023865,0,1
0.04,217.0190277,0,1
0.04,774.9199174,0,1
0.04,578.3184683,0,1
0.04,217.016983,0,1
0.04,737.3525391,0,1
0.04,737.3528442,0,1
0.04,738.4348755,0,1
0.04,738.9358521,0,1
0.04,739.4407961,0,1
0.04,217.0172577,0,1
0.04,601.9719238,0,1
1,903.0055022,0,1
1,903.0061273,0,1
1,902.0270996,0,1
1,902.0061646,0,1
1,901.50488283,0,1
1,901.0037842,0,1
1,901.0245054,0,1
1,901.4541626,0,1
1,903.0070989,0,1
1,901.5258179,0,1
1,903.0092163,0,1
1,953.8434917,0,1
1,907.822937,0,1
1,908.5192261,0,1
1,908.824936,0,1
1,909.020282,0,1
1,911.9939391,0,1
1,911.9939848,0,1
1,911.9939904,0,1
1,907.7650757,0,1
1,911.9942268,0,1
1,911.9947633,0,1
1,911.995943,0,1
1,912.493968,0,1
1,912.4941508,0,1
1,986.4788818,0,1
1,912.4948338,0,1
1,912.4950716,0,1
1,911.9946373,0,1
1,907.5011324,0,1
1,907.3230715,0,1
1,906.8187866,0,1
1,903.14508063,0,1
1,903.1454926,0,1
1,903.1455401,0,1
1,903.9082031,0,1
1,904.4101563,0,1
1,904.9749756,0,1
1,905.4526419,0,1
1,905.4859396,0,1
1,905.875,0,1
1,906.4558105,0,1
1,901.0020844,0,1
1,897.9939575,0,1
1,899.8349609,0,1
1,881.0249634,0,1
1,881.0253296,0,1
1,881.0264476,0,1
1,989.5786743,0,1
1,881.9282304,0,1
1,882.4270483,0,1
1,989.4315597,0,1
1,989.0755005,0,1
1,988.9332886,0,1
1,988.930852,0,1
1,988.9308281,0,1
1,882.9931641,0,1
1,883.4065552,0,1
1,883.9958496,0,1
1,881.0230332,0,1
1,880.0239258,0,1
1,989.9325248,0,1
1,879.0189209,0,1
1,879.0191808,0,1
1,879.0203247,0,1
1,879.5029203,0,1
1,884.527832,0,1
1,879.513916,0,1
1,879.8695679,0,1
1,993.5045166,0,1
1,880.0237573,0,1
1,992.534729,0,1
1,879.7354736,0,1
1,885.0286448,0,1
1,885.8580933,0,1
1,886.3574754,0,1
1,894.5038631,0,1
1,895.0053711,0,1
1,895.4812761,0,1
1,895.5071689,0,1
1,897.4242405,0,1
1,897.4891968,0,1
1,897.4913385,0,1
1,988.928493,0,1
1,894.4807129,0,1
1,897.9934943,0,1
1,898.4951053,0,1
1,898.4974149,0,1
1,898.8858643,0,1
1,898.9982721,0,1
1,988.5743419,0,1
1,988.3385849,0,1
1,987.8379909,0,1
1,912.4951693,0,1
1,900.5236206,0,1
1,893.4824219,0,1
1,893.34729,0,1
1,886.507761,0,1
1,887.0074463,0,1
1,887.4425049,0,1
1,887.5092163,0,1
1,889.4388002,0,1
1,889.545014,0,1
1,988.929344,0,1
1,988.9292517,0,1
1,893.4200439,0,1
1,988.9291388,0,1
1,890.4437256,0,1
1,988.9285499,0,1
1,891.5544434,0,1
1,892.4743652,0,1
1,892.846415,0,1
1,892.8466103,0,1
1,892.9164413,0,1
1,893.0270972,0,1
1,988.929107,0,1
1,912.861145,0,1
1,917.4888306,0,1
1,912.9962158,0,1
1,967.564209,0,1
1,967.5503498,0,1
1,967.0632756,0,1
1,966.9476929,0,1
1,936.5058594,0,1
1,937.0528315,0,1
1,938.5077515,0,1
1,938.5305476,0,1
1,939.0315118,0,1
1,939.5095215,0,1
1,939.8662083,0,1
1,940.8151855,0,1
1,937.5065308,0,1
1,966.9468819,0,1
1,935.4986087,0,1
1,934.4767841,0,1
1,926.837529,0,1
1,926.8379234,0,1
1,927.4336953,0,1
1,930.5341187,0,1
1,931.0337002,0,1
1,932.880127,0,1
1,933.4718857,0,1
1,933.5707397,0,1
1,935.4967041,0,1
1,933.8257446,0,1
1,933.9745483,0,1
1,934.4712359,0,1
1,926.390686,0,1
1,966.9462494,0,1
1,966.5490168,0,1
1,961.8327593,0,1
1,945.96984862,0,1
1,961.5127563,0,1
1,961.5109863,0,1
1,961.3339769,0,1
1,960.831665,0,1
1,946.8555227,0,1
1,947.8564541,0,1
1,959.8832397,0,1
1,959.4614556,0,1
1,950.4819785,0,1
1,951.4718693,0,1
1,955.9567715,0,1
1,955.9565844,0,1
1,951.5274261,0,1
1,946.8563002,0,1
1,966.5606362,0,1
1,965.5484009,0,1
1,965.520752,0,1
1,941.3165894,0,1
1,941.4506226,0,1
1,941.5169629,0,1
1,941.8175606,0,1
1,964.5220337,0,1
1,964.0340423,0,1
1,963.5216236,0,1
1,963.5182929,0,1
1,962.5170037,0,1
1,962.5167103,0,1
1,962.5153961,0,1
1,944.96466066,0,1
1,945.0501709,0,1
1,945.5527344,0,1
1,963.5192892,0,1
1,925.889743,0,1
1,924.9896232,0,1
1,920.0082397,0,1
1,920.4970601,0,1
1,920.5086349,0,1
1,921.0106201,0,1
1,921.4962158,0,1
1,985.5458374,0,1
1,921.517334,0,1
1,922.5221558,0,1
1,922.5357666,0,1
1,983.5379639,0,1
1,922.9853516,0,1
1,982.53479,0,1
1,981.5321655,0,1
1,981.3504905,0,1
1,980.8482909,0,1
1,980.5299683,0,1
1,919.8500366,0,1
1,919.50354,0,1
1,914.5361328,0,1
1,914.899231,0,1
1,915.0405884,0,1
1,915.4014569,0,1
1,915.435791,0,1
1,915.539769,0,1
1,916.5175975,0,1
1,919.5050481,0,1
1,917.0191481,0,1
1,917.5202517,0,1
1,918.4898682,0,1
1,919.4932631,0,1
1,919.4953391,0,1
1,952.5299625,0,1
1,924.9912162,0,1
1,923.4862039,0,1
1,923.4864534,0,1
1,923.4864922,0,1
1,923.4866624,0,1
1,923.524292,0,1
1,923.5394897,0,1
1,923.9877931,0,1
1,923.9881444,0,1
1,923.485991,0,1
1,923.9893799,0,1
1,967.8190918,0,1
1,924.0389367,0,1
1,924.5286255,0,1
1,924.9858227,0,1
1,923.4855297,0,1
1,879.0131226,0,1
1,979.5283813,0,1
1,978.600672,0,1
1,978.5054932,0,1
1,978.4401855,0,1
1,977.9398804,0,1
1,977.5966187,0,1
1,967.9489746,0,1
1,923.0377,0,1
1,975.8093872,0,1
1,975.3096924,0,1
1,974.8101807,0,1
1,973.8606159,0,1
1,971.4589926,0,1
1,971.024292,0,1
1,970.5217423,0,1
1,967.9502589,0,1
1,977.5048828,0,1
1,878.8654324,0,1
1,860.9568604,0,1
1,878.4976807,0,1
1,796.5389209,0,1
1,796.9042358,0,1
1,797.40496835,0,1
1,797.8529732,0,1
1,797.8544602,0,1
1,797.9059448,0,1
1,798.4561768,0,1
1,798.9573975,0,1
1,799.3900146,0,1
1,799.4588623,0,1
1,799.9597147,0,1
1,800.3933105,0,1
1,801.3873291,0,1
1,801.4947123,0,1
1,801.4956665,0,1
1,796.4764791,0,1
1,795.9172363,0,1
1,795.4148445,0,1
1,795.3538208,0,1
1,790.4573364,0,1
1,790.9596407,0,1
1,791.4451904,0,1
1,791.4488723,0,1
1,791.4595947,0,1
1,791.9626556,0,1
1,792.4519813,0,1
1,792.4525405,0,1
1,794.0008545,0,1
1,802.3894718,0,1
1,794.5007324,0,1
1,795.0007324,0,1
1,790.4475708,0,1
1,802.5002441,0,1
1,802.939641,0,1
1,806.4536293,0,1
1,806.9539185,0,1
1,807.4249268,0,1
1,807.4535522,0,1
1,807.9259687,0,1
1,807.9576416,0,1
1,809.3718872,0,1
1,809.4411621,0,1
1,809.9423622,0,1
1,809.9458618,0,1
1,810.3736831,0,1
1,810.4417725,0,1
1,810.8807983,0,1
1,811.8832934,0,1
1,812.4716797,0,1
1,812.9717407,0,1
1,806.4312148,0,1
1,806.4307861,0,1
1,806.4228163,0,1
1,805.4924927,0,1
1,803.4210205,0,1
1,803.4976132,0,1
1,803.4990142,0,1
1,803.8916043,0,1
1,804.4234619,0,1
1,804.4238499,0,1
1,804.8411255,0,1
1,804.9749756,0,1
1,804.9891357,0,1
1,804.9893188,0,1
1,804.9895024,0,1
1,805.3419235,0,1
1,805.426774,0,1
1,805.489817,0,1
1,805.4904327,0,1
1,805.4905633,0,1
1,805.4910562,0,1
1,813.4038086,0,1
1,789.5580444,0,1
1,771.8514655,0,1
1,771.8533325,0,1
1,772.4041748,0,1
1,772.8503705,0,1
1,772.9068604,0,1
1,773.4000854,0,1
1,773.9030762,0,1
1,774.3869019,0,1
1,774.89025886,0,1
1,775.3886108,0,1
1,775.3915423,0,1
1,775.4259867,0,1
1,775.9264526,0,1
1,776.4400024,0,1
1,776.8865815,0,1
1,776.9439697,0,1
1,777.4430348,0,1
1,777.9468765,0,1
1,781.1840279,0,1
1,782.4598389,0,1
1,782.9606323,0,1
1,771.4476318,0,1
1,770.8488159,0,1
1,770.3799438,0,1
1,769.9490256,0,1
1,763.858915,0,1
1,763.8994094,0,1
1,763.9301565,0,1
1,763.9315796,0,1
1,764.432251,0,1
1,765.3452148,0,1
1,765.4125977,0,1
1,765.4129639,0,1
1,765.9137573,0,1
1,783.0055542,0,1
1,766.3501032,0,1
1,766.4165503,0,1
1,766.4177246,0,1
1,766.918457,0,1
1,767.9204712,0,1
1,768.9478149,0,1
1,769.3764038,0,1
1,769.4482597,0,1
1,769.8987112,0,1
1,789.9336548,0,1
1,783.0065819,0,1
1,783.007028,0,1
1,786.5315552,0,1
1,787.4174539,0,1
1,787.4193726,0,1
1,787.4291382,0,1
1,787.9268799,0,1
1,787.9272838,0,1
1,788.4180232,0,1
1,788.4193115,0,1
1,788.4301096,0,1
1,788.4306376,0,1
1,788.9327393,0,1
1,789.3412322,0,1
1,789.4212036,0,1
1,789.4318848,0,1
1,789.4407349,0,1
1,786.4144897,0,1
1,783.0072261,0,1
1,783.0073856,0,1
1,783.0074966,0,1
1,783.8753052,0,1
1,784.4168724,0,1
1,784.4170474,0,1
1,784.4379169,0,1
1,784.9425049,0,1
1,785.4102783,0,1
1,783.0066938,0,1
1,785.4130221,0,1
1,785.4395142,0,1
1,785.5272217,0,1
1,785.91204839,0,1
1,785.9442988,0,1
1,878.50885,0,1
1,813.4386493,0,1
1,813.973938,0,1
1,850.4572842,0,1
1,850.4764404,0,1
1,850.9799222,0,1
1,850.9814208,0,1
1,851.480835,0,1
1,851.8628975,0,1
1,851.9826441,0,1
1,853.3972641,0,1
1,853.3987012,0,1
1,853.4656982,0,1
1,853.4689082,0,1
1,853.9689331,0,1
1,854.4004822,0,1
1,854.46698,0,1
1,854.4682007,0,1
1,854.970273,0,1
1,855.4737549,0,1
1,856.4962223,0,1
1,857.0388428,0,1
1,857.0397254,0,1
1,850.4561768,0,1
1,849.4523926,0,1
1,849.0007324,0,1
1,848.9557495,0,1
1,843.4149998,0,1
1,843.4153834,0,1
1,843.4157946,0,1
1,843.482605,0,1
1,843.9843677,0,1
1,844.4197402,0,1
1,844.875135,0,1
1,845.4140625,0,1
1,845.5184326,0,1
1,857.0409546,0,1
1,846.4616812,0,1
1,846.5233115,0,1
1,846.5255737,0,1
1,846.9666264,0,1
1,847.4465942,0,1
1,847.5275879,0,1
1,848.4492188,0,1
1,848.4501272,0,1
1,848.5302124,0,1
1,846.4163221,0,1
1,843.4147081,0,1
1,857.4991455,0,1
1,858.5019531,0,1
1,873.4598389,0,1
1,873.4611206,0,1
1,873.9958997,0,1
1,874.4674072,0,1
1,875.4665527,0,1
1,875.468776,0,1
1,875.4768492,0,1
1,875.4784913,0,1
1,875.9797974,0,1
1,876.473938,0,1
1,876.4842529,0,1
1,876.9834595,0,1
1,876.9842735,0,1
1,877.4935913,0,1
1,872.9935153,0,1
1,872.8273087,0,1
1,872.4914907,0,1
1,871.8781426,0,1
1,858.8532374,0,1
1,859.3536377,0,1
1,859.9450684,0,1
1,860.4550781,0,1
1,993.5368652,0,1
1,861.0087296,0,1
1,861.4263241,0,1
1,861.4599609,0,1
1,862.0140049,0,1
1,863.0154796,0,1
1,858.0008321,0,1
1,863.477356,0,1
1,864.8882446,0,1
1,864.9949951,0,1
1,865.4962769,0,1
1,865.8396606,0,1
1,865.8913477,0,1
1,870.5123901,0,1
1,870.9331665,0,1
1,871.0142738,0,1
1,871.5125122,0,1
1,864.4938354,0,1
1,813.4732056,0,1
1,842.9816651,0,1
1,841.5645752,0,1
1,824.8602905,0,1
1,825.8599649,0,1
1,826.4853836,0,1
1,826.9691772,0,1
1,826.9702759,0,1
1,826.9706599,0,1
1,826.9706997,0,1
1,826.9874,0,1
1,827.4874664,0,1
1,828.444285,0,1
1,828.4443359,0,1
1,828.4647827,0,1
1,828.9661541,0,1
1,829.4351937,0,1
1,829.4360352,0,1
1,829.4374283,0,1
1,824.451815,0,1
1,821.9709473,0,1
1,821.469809,0,1
1,814.4753418,0,1
1,815.4220004,0,1
1,815.9794922,0,1
1,815.9807019,0,1
1,815.9808298,0,1
1,815.9813207,0,1
1,815.9819394,0,1
1,815.9827251,0,1
1,815.9830402,0,1
1,816.4318237,0,1
1,829.4380151,0,1
1,816.4815063,0,1
1,816.9300305,0,1
1,817.4301758,0,1
1,817.8691039,0,1
1,818.4105225,0,1
1,818.9164673,0,1
1,819.4515595,0,1
1,820.4560547,0,1
1,820.4660645,0,1
1,820.9694214,0,1
1,842.4829102,0,1
1,829.4660645,0,1
1,829.9706518,0,1
1,835.4744522,0,1
1,835.4866943,0,1
1,835.9889195,0,1
1,836.4853986,0,1
1,837.8861694,0,1
1,837.9627017,0,1
1,837.9628209,0,1
1,837.9629746,0,1
1,837.9631568,0,1
1,837.9632306,0,1
1,837.9636388,0,1
1,838.8327026,0,1
1,839.3364258,0,1
1,839.376709,0,1
1,839.4454424,0,1
1,839.840271,0,1
1,840.5003052,0,1
1,840.5661011,0,1
1,840.8383179,0,1
1,840.9291382,0,1
1,841.0040894,0,1
1,834.9866862,0,1
1,834.4817505,0,1
1,834.4710905,0,1
1,833.4673462,0,1
1,830.1826172,0,1
1,830.4431763,0,1
1,830.8963473,0,1
1,831.4456787,0,1
1,829.9397792,0,1
1,831.4557495,0,1
1,831.8468628,0,1
1,831.9572144,0,1
1,832.4477151,0,1
1,832.4588623,0,1
1,832.958566,0,1
1,832.9606323,0,1
1,833.4610086,0,1
1,993.876709,0,1
1,103.9528122,0,1
1,994.5408325,0,1
1,1314.743774,0,1
1,1315.244629,0,1
1,1315.411827,0,1
1,1315.747758,0,1
1,1320.786093,0,1
1,1320.932573,0,1
1,1321.434063,0,1
1,1325.757956,0,1
1,1326.759766,0,1
1,1326.82312,0,1
1,1313.799246,0,1
1,1327.774847,0,1
1,1329.015625,0,1
1,1329.016594,0,1
1,1329.016714,0,1
1,1329.017024,0,1
1,1329.017216,0,1
1,1329.018022,0,1
1,1331.730225,0,1
1,1331.732083,0,1
1,1331.923067,0,1
1,1332.733538,0,1
1,1332.735754,0,1
1,1312.846451,0,1
1,1309.942537,0,1
1,1286.788452,0,1
1,1287.705566,0,1
1,1288.710449,0,1
1,1289.713977,0,1
1,1289.715576,0,1
1,1290.714966,0,1
1,1290.864868,0,1
1,1291.866637,0,1
1,1310.443604,0,1
1,1292.082469,0,1
1,1293.768921,0,1
1,1293.771729,0,1
1,1294.772583,0,1
1,1300.767456,0,1
1,1301.685853,0,1
1,1302.688825,0,1
1,1306.807739,0,1
1,1307.755424,0,1
1,1307.756247,0,1
1,1292.416615,0,1
1,1281.74707,0,1
1,1333.737571,0,1
1,1337.405101,0,1
1,1353.789494,0,1
1,1360.069402,0,1
1,1360.403363,0,1
1,1360.73735,0,1
1,1361.766312,0,1
1,1361.991577,0,1
1,1352.00324,0,1
1,1362.492188,0,1
1,1362.49349,0,1
1,1362.993958,0,1
1,1362.994683,0,1
1,1368.7531,0,1
1,1368.753897,0,1
1,1369.78064,0,1
1,1370.78479,0,1
1,1334.741209,0,1
1,1352.002686,0,1
1,1352.002168,0,1
1,1338.075714,0,1
1,1340.009855,0,1
1,1340.800293,0,1
1,1341.749878,0,1
1,1342.913687,0,1
1,1345.7146,0,1
1,1347.790278,0,1
1,1348.73999,0,1
1,1349.238524,0,1
1,1349.73961,0,1
1,1352.002347,0,1
1,1351.001587,0,1
1,1351.500696,0,1
1,1352.00167,0,1
1,1352.001883,0,1
1,1352.001904,0,1
1,1372.980469,0,1
1,1281.251833,0,1
1,1279.802777,0,1
1,1225.793109,0,1
1,1225.92181,0,1
1,1232.781006,0,1
1,1233.006226,0,1
1,1233.507807,0,1
1,1235.909791,0,1
1,1238.820435,0,1
1,1239.768677,0,1
1,1225.671299,0,1
1,1243.682,0,1
1,1243.996087,0,1
1,1243.996354,0,1
1,1243.996535,0,1
1,1243.99657,0,1
1,1243.996851,0,1
1,1243.996905,0,1
1,1243.996948,0,1
1,1244.496933,0,1
1,1244.497318,0,1
1,1244.497382,0,1
1,1243.684814,0,1
1,1244.497666,0,1
1,1225.419839,0,1
1,1224.430664,0,1
1,1202.661552,0,1
1,1202.937378,0,1
1,1203.439873,0,1
1,1203.666088,0,1
1,1204.825073,0,1
1,1205.715794,0,1
1,1205.716109,0,1
1,1205.773982,0,1
1,1205.77552,0,1
1,1206.719693,0,1
1,1224.91748,0,1
1,1206.721069,0,1
1,1212.763794,0,1
1,1213.265869,0,1
1,1213.635986,0,1
1,1213.765766,0,1
1,1213.926758,0,1
1,1214.430611,0,1
1,1214.641737,0,1
1,1217.854574,0,1
1,1218.802734,0,1
1,1224.095459,0,1
1,1211.815239,0,1
1,1280.751099,0,1
1,1244.497681,0,1
1,1244.68396,0,1
1,1255.488352,0,1
1,1257.659912,0,1
1,1257.890869,0,1
1,1258.667703,0,1
1,1258.836089,0,1
1,1259.788318,0,1
1,1259.834761,0,1
1,1265.978449,0,1
1,1265.978599,0,1
1,1265.978739,0,1
1,1255.488245,0,1
1,1265.979152,0,1
1,1266.479436,0,1
1,1268.88069,0,1
1,1269.419473,0,1
1,1269.754456,0,1
1,1269.883911,0,1
1,1270.088379,0,1
1,1272.810578,0,1
1,1273.763365,0,1
1,1273.763611,0,1
1,1273.811228,0,1
1,1265.980329,0,1
1,1244.498434,0,1
1,1255.488225,0,1
1,1255.487781,0,1
1,1244.68457,0,1
1,1244.997437,0,1
1,1245.684814,0,1
1,1245.686685,0,1
1,1245.809829,0,1
1,1246.691528,0,1
1,1246.754593,0,1
1,1246.900269,0,1
1,1247.257965,0,1
1,1255.488213,0,1
1,1247.691573,0,1
1,1247.905011,0,1
1,1249.741939,0,1
1,1250.74707,0,1
1,1252.796376,0,1
1,1254.987183,0,1
1,1254.987434,0,1
1,1254.98749,0,1
1,1254.987675,0,1
1,1254.987793,0,1
1,1247.76001,0,1
1,1201.659058,0,1
1,1372.981201,0,1
1,1564.365578,0,1
1,1564.698433,0,1
1,1576.500165,0,1
1,1586.691528,0,1
1,1586.989746,0,1
1,1586.989841,0,1
1,1586.99005,0,1
1,1586.990121,0,1
1,1586.990161,0,1
1,1586.990608,0,1
1,1564.030548,0,1
1,1587.193074,0,1
1,1587.493774,0,1
1,1587.695333,0,1
1,1587.994019,0,1
1,1597.980522,0,1
1,1597.98155,0,1
1,1598.48304,0,1
1,1598.483307,0,1
1,1598.98389,0,1
1,1598.984408,0,1
1,1587.49241,0,1
1,1608.971989,0,1
1,1558.927612,0,1
1,1557.925293,0,1
1,1491.979858,0,1
1,1496.042751,0,1
1,1496.377551,0,1
1,1496.712124,0,1
1,1502.469727,0,1
1,1504.870885,0,1
1,1511.716761,0,1
1,1513.899358,0,1
1,1514.900822,0,1
1,1518.706375,0,1
1,1558.738404,0,1
1,1519.038789,0,1
1,1519.708735,0,1
1,1526.852783,0,1
1,1530.785192,0,1
1,1541.368347,0,1
1,1541.702271,0,1
1,1542.036877,0,1
1,1544.763419,0,1
1,1552.699707,0,1
1,1553.199463,0,1
1,1553.701139,0,1
1,1519.207125,0,1
1,1491.480212,0,1
1,1608.972572,0,1
1,1608.973094,0,1
1,1700.338574,0,1
1,1722.666165,0,1
1,1723.16765,0,1
1,1723.669159,0,1
1,1745.3284,0,1
1,1745.662951,0,1
1,1756.660121,0,1
1,1757.161084,0,1
1,1790.653571,0,1
1,1791.154337,0,1
1,1700.003906,0,1
1,1791.65484,0,1
1,1856.454422,0,1
1,1858.640908,0,1
1,1859.140408,0,1
1,1867.945288,0,1
1,1888.924679,0,1
1,1892.634268,0,1
1,1893.134929,0,1
1,1926.626645,0,1
1,1927.629832,0,1
1,1960.621003,0,1
1,1825.149039,0,1
1,1608.972998,0,1
1,1696.897142,0,1
1,1689.174078,0,1
1,1608.973114,0,1
1,1608.973633,0,1
1,1608.97583,0,1
1,1609.355245,0,1
1,1609.47361,0,1
1,1609.474939,0,1
1,1609.688447,0,1
1,1609.974537,0,1
1,1609.974887,0,1
1,1609.974888,0,1
1,1689.674216,0,1
1,1609.974934,0,1
1,1621.187963,0,1
1,1630.952148,0,1
1,1631.956055,0,1
1,1632.016932,0,1
1,1653.939676,0,1
1,1654.67894,0,1
1,1655.180365,0,1
1,1677.342497,0,1
1,1677.676371,0,1
1,1688.673706,0,1
1,1620.687378,0,1
1,1491.480211,0,1
1,1491.479743,0,1
1,1394.962161,0,1
1,1394.962646,0,1
1,1394.963141,0,1
1,1394.963351,0,1
1,1394.963384,0,1
1,1394.963755,0,1
1,1405.729104,0,1
1,1406.062148,0,1
1,1408.787228,0,1
1,1394.811031,0,1
1,1413.809744,0,1
1,1416.725147,0,1
1,1416.941895,0,1
1,1417.226629,0,1
1,1419.784058,0,1
1,1428.438604,0,1
1,1428.725106,0,1
1,1429.75458,0,1
1,1438.928101,0,1
1,1439.930908,0,1
1,1414.81269,0,1
1,1441.841049,0,1
1,1383.97583,0,1
1,1383.734073,0,1
1,1372.981537,0,1
1,1372.982097,0,1
1,1372.982192,0,1
1,1372.983906,0,1
1,1373.484102,0,1
1,1373.983622,0,1
1,1373.983887,0,1
1,1373.984254,0,1
1,1373.984495,0,1
1,1373.984623,0,1
1,1383.973731,0,1
1,1373.984969,0,1
1,1375.759371,0,1
1,1375.759521,0,1
1,1376.762285,0,1
1,1376.763809,0,1
1,1377.764734,0,1
1,1380.833215,0,1
1,1381.821899,0,1
1,1382.734131,0,1
1,1383.232652,0,1
1,1383.398765,0,1
1,1373.985758,0,1
1,1491.480043,0,1
1,1443.729734,0,1
1,1448.821542,0,1
1,1473.71528,0,1
1,1474.049473,0,1
1,1476.774414,0,1
1,1479.985552,0,1
1,1479.985718,0,1
1,1479.985907,0,1
1,1479.986022,0,1
1,1479.986057,0,1
1,1480.4896245,0,1
1,1473.380691,0,1
1,1484.711416,0,1
1,1485.214637,0,1
1,1485.714367,0,1
1,1490.752821,0,1
1,1490.977013,0,1
1,1490.977051,0,1
1,1490.977776,0,1
1,1491.479734,0,1
1,1482.890385,0,1
1,1443.73131,0,1
1,1469.999344,0,1
1,1469.872103,0,1
1,1450.719727,0,1
1,1451.220915,0,1
1,1451.385894,0,1
1,1451.720929,0,1
1,1457.834495,0,1
1,1458.001906,0,1
1,1458.003875,0,1
1,1458.505737,0,1
1,1460.909072,0,1
1,1469.99888,0,1
1,1461.910466,0,1
1,1463.750659,0,1
1,1463.809937,0,1
1,1468.994995,0,1
1,1468.995498,0,1
1,1468.995661,0,1
1,1469.497073,0,1
1,1462.79895,0,1
1,994.5079346,0,1
1,1200.658691,0,1
1,1047.511561,0,1
1,1048.515015,0,1
1,1048.8372,0,1
1,1049.565796,0,1
1,1049.567707,0,1
1,1049.568171,0,1
1,1050.57353,0,1
1,1051.544189,0,1
1,1051.572266,0,1
1,1051.970548,0,1
1,1043.884596,0,1
1,1051.970625,0,1
1,1051.970923,0,1
1,1051.972778,0,1
1,1052.471436,0,1
1,1052.575684,0,1
1,1053.568749,0,1
1,1053.597778,0,1
1,1054.602661,0,1
1,1054.873779,0,1
1,1051.970789,0,1
1,1055.603852,0,1
1,1043.799561,0,1
1,1042.799805,0,1
1,1038.536499,0,1
1,1038.567279,0,1
1,1039.52368,0,1
1,1039.576868,0,1
1,1040.532471,0,1
1,1040.980544,0,1
1,1040.981201,0,1
1,1043.297321,0,1
1,1041.480793,0,1
1,1041.481021,0,1
1,1041.481454,0,1
1,1041.481721,0,1
1,1041.48178,0,1
1,1041.481948,0,1
1,1041.482113,0,1
1,1041.531128,0,1
1,1041.847656,0,1
1,1037.561768,0,1
1,1055.824009,0,1
1,1058.571984,0,1
1,1077.290583,0,1
1,1077.791016,0,1
1,1079.172974,0,1
1,1079.175214,0,1
1,1080.587635,0,1
1,1081.558651,0,1
1,1081.587604,0,1
1,1082.559801,0,1
1,1082.828491,0,1
1,1082.829426,0,1
1,1076.787422,0,1
1,1083.330161,0,1
1,1084.555111,0,1
1,1084.94167,0,1
1,1085.44388,0,1
1,1088.121145,0,1
1,1088.869223,0,1
1,1089.817871,0,1
1,1090.320126,0,1
1,1091.537389,0,1
1,1092.54209,0,1
1,1093.02882,0,1
1,1083.553101,0,1
1,1055.875554,0,1
1,1075.839797,0,1
1,1073.63916,0,1
1,1059.511358,0,1
1,1061.60314,0,1
1,1061.864661,0,1
1,1062.606226,0,1
1,1062.621138,0,1
1,1062.811768,0,1
1,1063.315,0,1
1,1065.458877,0,1
1,1065.556658,0,1
1,1066.562866,0,1
1,1073.951904,0,1
1,1067.573975,0,1
1,1068.582797,0,1
1,1068.585449,0,1
1,1068.851822,0,1
1,1069.586182,0,1
1,1069.802246,0,1
1,1069.852783,0,1
1,1070.58728,0,1
1,1071.588867,0,1
1,1067.575109,0,1
1,1093.029631,0,1
1,1037.530273,0,1
1,1035.808129,0,1
1,1008.008344,0,1
1,1008.010498,0,1
1,1008.551636,0,1
1,1008.805664,0,1
1,1009.302795,0,1
1,1009.545324,0,1
1,1009.570068,0,1
1,1009.804932,0,1
1,1010.573853,0,1
1,1010.910889,0,1
1,1008.008172,0,1
1,763.8588257,0,1
1,1011.579762,0,1
1,1011.911987,0,1
1,1014.546692,0,1
1,1014.843372,0,1
1,1014.84344,0,1
1,1015.485196,0,1
1,1015.843201,0,1
1,1017.575902,0,1
1,1018.995855,0,1
1,1018.995986,0,1
1,1011.414246,0,1
1,1018.997012,0,1
1,1008.008097,0,1
1,1008.007835,0,1
1,994.8259888,0,1
1,995.3277271,0,1
1,995.500061,0,1
1,995.5501222,0,1
1,996.5050049,0,1
1,999.9222412,0,1
1,1000.422485,0,1
1,1000.866791,0,1
1,1001.814636,0,1
1,1008.008091,0,1
1,1004.491333,0,1
1,1005.538696,0,1
1,1006.542542,0,1
1,1007.546814,0,1
1,1007.854689,0,1
1,1008.006465,0,1
1,1003.488525,0,1
1,1036.56038,0,1
1,1018.997331,0,1
1,1018.99791,0,1
1,1028.819946,0,1
1,1029.818481,0,1
1,1029.989596,0,1
1,1029.990168,0,1
1,1029.990398,0,1
1,1029.990615,0,1
1,1029.991577,0,1
1,1027.871948,0,1
1,1030.491379,0,1
1,1030.491722,0,1
1,1030.49174,0,1
1,1030.491806,0,1
1,1030.492151,0,1
1,1030.493675,0,1
1,1030.990112,0,1
1,1032.89563,0,1
1,1033.396412,0,1
1,1033.89577,0,1
1,1035.807247,0,1
1,1030.491666,0,1
1,1018.997548,0,1
1,1027.559814,0,1
1,1025.55653,0,1
1,1018.998509,0,1
1,1019.498961,0,1
1,1019.499369,0,1
1,1019.499509,0,1
1,1019.499555,0,1
1,1019.499687,0,1
1,1019.500156,0,1
1,1020.001802,0,1
1,1020.00205,0,1
1,1020.133335,0,1
1,1026.556763,0,1
1,1021.53125,0,1
1,1021.831077,0,1
1,1021.90404,0,1
1,1022.332275,0,1
1,1022.404663,0,1
1,1022.53691,0,1
1,1022.627075,0,1
1,1023.550415,0,1
1,1024.5520029,0,1
1,1025.55451,0,1
1,1021.626404,0,1
1,1201.43286,0,1
1,1093.029785,0,1
1,1149.654311,0,1
1,1150.673462,0,1
1,1150.815063,0,1
1,1150.886749,0,1
1,1151.389187,0,1
1,1155.627686,0,1
1,1155.633667,0,1
1,1156.107889,0,1
1,1156.44233,0,1
1,1148.485234,0,1
1,1156.632202,0,1
1,1157.632568,0,1
1,1157.63378,0,1
1,1158.63855,0,1
1,1158.969971,0,1
1,1158.972715,0,1
1,1158.9729,0,1
1,1158.972987,0,1
1,1158.973022,0,1
1,1158.973167,0,1
1,1156.632813,0,1
1,1158.97345,0,1
1,1148.485229,0,1
1,1147.984366,0,1
1,1137.994019,0,1
1,1137.994644,0,1
1,1137.994961,0,1
1,1137.99499,0,1
1,1138.624878,0,1
1,1138.992855,0,1
1,1138.994507,0,1
1,1138.99599,0,1
1,1147.9852299,0,1
1,1138.996493,0,1
1,1139.000366,0,1
1,1139.624029,0,1
1,1139.897064,0,1
1,1140.398982,0,1
1,1141.648202,0,1
1,1142.652513,0,1
1,1143.829468,0,1
1,1144.776489,0,1
1,1145.277141,0,1
1,1145.778343,0,1
1,1138.998068,0,1
1,1158.973725,0,1
1,1159.638958,0,1
1,1179.772158,0,1
1,1180.952881,0,1
1,1180.954489,0,1
1,1180.954782,0,1
1,1180.95487,0,1
1,1180.954982,0,1
1,1180.955129,0,1
1,1180.955319,0,1
1,1180.955345,0,1
1,1181.64624,0,1
1,1179.27135,0,1
1,1182.649542,0,1
1,1183.861046,0,1
1,1184.810422,0,1
1,1185.675572,0,1
1,1186.677979,0,1
1,1190.848389,0,1
1,1191.799072,0,1
1,1194.700017,0,1
1,1198.786989,0,1
1,1199.658691,0,1
1,1183.651058,0,1
1,1159.476926,0,1
1,1178.766846,0,1
1,1172.868176,0,1
1,1159.976563,0,1
1,1161.689825,0,1
1,1161.690373,0,1
1,1177.82256,0,1
1,1161.879511,0,1
1,1162.694299,0,1
1,1163.845897,0,1
1,1164.790527,0,1
1,1164.791321,0,1
1,1169.609906,0,1
1,1170.61377,0,1
1,1170.832997,0,1
1,1171.601563,0,1
1,1171.780151,0,1
1,1162.693481,0,1
1,1137.791725,0,1
1,1137.615845,0,1
1,1111.283569,0,1
1,1111.603146,0,1
1,1111.607436,0,1
1,1111.784668,0,1
1,1112.605591,0,1
1,1113.609131,0,1
1,1113.610457,0,1
1,1114.613403,0,1
1,1110.785034,0,1
1,1115.008179,0,1
1,1115.009571,0,1
1,1115.612785,0,1
1,1116.012817,0,1
1,1110.588013,0,1
1,1109.583922,0,1
1,1093.593262,0,1
1,1094.030273,0,1
1,1094.593994,0,1
1,1095.597778,0,1
1,1095.858097,0,1
1,1095.933291,0,1
1,1096.435791,0,1
1,1096.602173,0,1
1,1109.834839,0,1
1,1096.804321,0,1
1,1097.000122,0,1
1,1097.622314,0,1
1,1098.625478,0,1
1,1102.846624,0,1
1,1103.795166,0,1
1,1105.628419,0,1
1,1106.647263,0,1
1,1106.926007,0,1
1,1107.42627,0,1
1,1137.790242,0,1
1,1116.012936,0,1
1,1116.821974,0,1
1,1129.407959,0,1
1,1129.852051,0,1
1,1130.799194,0,1
1,1131.302124,0,1
1,1133.446199,0,1
1,1133.659668,0,1
1,1135.563965,0,1
1,1136.839672,0,1
1,1136.992394,0,1
1,1136.994263,0,1
1,1128.905396,0,1
1,1137.494179,0,1
1,1137.494386,0,1
1,1137.494602,0,1
1,1137.495149,0,1
1,1137.495654,0,1
1,1137.495852,0,1
1,1137.496243,0,1
1,1116.014222,0,1
1,1126.586392,0,1
1,1126.502197,0,1
1,1117.011596,0,1
1,1117.013407,0,1
1,1117.014863,0,1
1,1117.015488,0,1
1,1117.015552,0,1
1,1117.015795,0,1
1,1117.018066,0,1
1,1117.663208,0,1
1,1117.915231,0,1
1,1118.417598,0,1
1,1118.983276,0,1
1,1122.860718,0,1
1,1123.812208,0,1
1,1123.86215,0,1
1,1125.583374,0,1
1,1126.000366,0,1
1,1126.000724,0,1
1,1126.001544,0,1
1,1126.00157,0,1
1,1126.002331,0,1
1,1118.669189,0,1
1,749.882328,0,1
1,762.927124,0,1
1,522.2592773,0,1
1,522.2596436,0,1
1,523.2615967,0,1
1,523.2695313,0,1
1,523.770813,0,1
1,524.2723999,0,1
1,524.7741699,0,1
1,525.2762451,0,1
1,525.2841797,0,1
1,526.2443848,0,1
1,526.2890015,0,1
1,527.2900391,0,1
1,527.2902832,0,1
1,522.251709,0,1
1,521.9179688,0,1
1,521.2540283,0,1
1,514.7680664,0,1
1,515.2685547,0,1
1,515.7706909,0,1
1,515.9321289,0,1
1,516.2683716,0,1
1,516.279541,0,1
1,516.350647,0,1
1,516.7821655,0,1
1,516.9481812,0,1
1,528.2615356,0,1
1,517.7867432,0,1
1,517.9370728,0,1
1,518.2730713,0,1
1,519.2359619,0,1
1,519.7385864,0,1
1,520.2428589,0,1
1,520.7903442,0,1
1,521.2507935,0,1
1,517.2803345,0,1
1,528.2935181,0,1
1,530.2617188,0,1
1,530.6061401,0,1
1,536.7798462,0,1
1,537.2600708,0,1
1,537.2834858,0,1
1,537.3354047,0,1
1,537.7841797,0,1
1,538.2762451,0,1
1,538.2923584,0,1
1,538.3408203,0,1
1,538.7766113,0,1
1,538.7927856,0,1
1,536.5911865,0,1
1,538.9299927,0,1
1,539.2611084,0,1
1,539.2617622,0,1
1,539.2628373,0,1
1,539.2644043,0,1
1,539.294969,0,1
1,539.3418579,0,1
1,539.7975464,0,1
1,539.9349365,0,1
1,540.2666016,0,1
1,540.2681313,0,1
1,538.9304788,0,1
1,514.7678528,0,1
1,536.2770386,0,1
1,536.2367554,0,1
1,530.609436,0,1
1,530.6221924,0,1
1,530.7616577,0,1
1,530.77771,0,1
1,531.2587891,0,1
1,531.2825928,0,1
1,531.760376,0,1
1,532.6143799,0,1
1,532.947998,0,1
1,533.2836556,0,1
1,533.3815918,0,1
1,533.8026733,0,1
1,534.2896118,0,1
1,534.7640381,0,1
1,534.7962036,0,1
1,535.2305908,0,1
1,535.2338867,0,1
1,535.2502441,0,1
1,535.7536621,0,1
1,535.9307861,0,1
1,533.2848511,0,1
1,540.2683315,0,1
1,514.2632446,0,1
1,484.9216614,0,1
1,486.2352295,0,1
1,486.2505798,0,1
1,486.5844421,0,1
1,486.7384338,0,1
1,486.914917,0,1
1,486.9993286,0,1
1,487.2367249,0,1
1,487.2578735,0,1
1,487.7594299,0,1
1,488.2588196,0,1
1,488.589325,0,1
1,490.2358093,0,1
1,490.2666016,0,1
1,490.7672729,0,1
1,491.2065125,0,1
1,492.2399292,0,1
1,492.2510071,0,1
1,492.2548218,0,1
1,483.2642822,0,1
1,482.2601929,0,1
1,481.3822937,0,1
1,475.2138977,0,1
1,475.714386,0,1
1,476.2151489,0,1
1,476.3056335,0,1
1,477.2250977,0,1
1,477.2281189,0,1
1,477.8862915,0,1
1,478.2284851,0,1
1,478.2336426,0,1
1,492.7526855,0,1
1,478.7336121,0,1
1,479.2329102,0,1
1,479.2405396,0,1
1,479.2435913,0,1
1,479.3699646,0,1
1,479.7462158,0,1
1,480.2460327,0,1
1,480.749176,0,1
1,481.252594,0,1
1,481.2602234,0,1
1,493.254364,0,1
1,493.3130188,0,1
1,493.7565613,0,1
1,502.760025,0,1
1,503.2654419,0,1
1,503.6004944,0,1
1,504.2958374,0,1
1,506.5789185,0,1
1,507.2366333,0,1
1,508.2475586,0,1
1,508.5847473,0,1
1,508.7494812,0,1
1,502.259491,0,1
1,509.2197876,0,1
1,509.2516174,0,1
1,509.267334,0,1
1,509.7493896,0,1
1,509.7729492,0,1
1,510.2567139,0,1
1,512.2462158,0,1
1,512.2776489,0,1
1,512.750061,0,1
1,512.7815552,0,1
1,513.2384644,0,1
1,509.2511902,0,1
1,501.7603149,0,1
1,501.2577209,0,1
1,493.9079895,0,1
1,494.2667236,0,1
1,494.7662964,0,1
1,494.9674377,0,1
1,495.2382813,0,1
1,495.3156738,0,1
1,496.2405701,0,1
1,497.2215881,0,1
1,497.725769,0,1
1,498.2302246,0,1
1,498.8980713,0,1
1,499.2321472,0,1
1,499.2709961,0,1
1,500.2460022,0,1
1,501.2545471,0,1
1,495.2692566,0,1
1,541.2496338,0,1
1,541.7514038,0,1
1,542.253418,0,1
1,572.2871021,0,1
1,572.3190918,0,1
1,572.789978,0,1
1,572.9243682,0,1
1,573.284668,0,1
1,573.2932129,0,1
1,573.3228149,0,1
1,574.2890015,0,1
1,574.2891846,0,1
1,574.634443,0,1
1,574.647644,0,1
1,574.7893677,0,1
1,574.9727783,0,1
1,574.982873,0,1
1,575.2254508,0,1
1,575.2851563,0,1
1,575.7857666,0,1
1,576.40802,0,1
1,576.6417236,0,1
1,576.9758911,0,1
1,571.317688,0,1
1,570.772644,0,1
1,567.2848511,0,1
1,567.2931519,0,1
1,567.7985229,0,1
1,567.8897095,0,1
1,568.2799715,0,1
1,568.2875977,0,1
1,568.2993164,0,1
1,576.9759521,0,1
1,569.3078003,0,1
1,569.3112183,0,1
1,569.8039585,0,1
1,570.2541504,0,1
1,570.270752,0,1
1,570.3123169,0,1
1,570.315704,0,1
1,570.7560425,0,1
1,568.8016968,0,1
1,577.3099976,0,1
1,577.4104614,0,1
1,577.8248961,0,1
1,583.322889,0,1
1,583.3674927,0,1
1,583.8231908,0,1
1,584.2918701,0,1
1,584.2924816,0,1
1,584.3710327,0,1
1,584.939209,0,1
1,585.2758179,0,1
1,585.7807617,0,1
1,586.2774658,0,1
1,583.2919312,0,1
1,586.3027344,0,1
1,586.3231201,0,1
1,586.801497,0,1
1,587.2936687,0,1
1,587.2967529,0,1
1,587.3256836,0,1
1,587.3305664,0,1
1,587.7960028,0,1
1,587.8342182,0,1
1,588.3002319,0,1
1,589.3082886,0,1
1,586.3226003,0,1
1,567.0446777,0,1
1,583.291748,0,1
1,578.288269,0,1
1,578.6610222,0,1
1,578.8191686,0,1
1,578.994751,0,1
1,579.2587891,0,1
1,579.2755127,0,1
1,579.3173828,0,1
1,579.3292847,0,1
1,579.7778931,0,1
1,579.989275,0,1
1,580.2636719,0,1
1,580.3054199,0,1
1,580.6158876,0,1
1,580.8081665,0,1
1,581.3082918,0,1
1,581.3088176,0,1
1,581.3616333,0,1
1,582.3179932,0,1
1,582.3683472,0,1
1,582.8216553,0,1
1,579.9900693,0,1
1,566.887146,0,1
1,566.7879639,0,1
1,566.2864622,0,1
1,547.7906494,0,1
1,547.9584122,0,1
1,547.9599971,0,1
1,548.2418213,0,1
1,548.2580566,0,1
1,548.2942698,0,1
1,548.3242024,0,1
1,548.7434082,0,1
1,548.7597046,0,1
1,549.2486572,0,1
1,547.6249254,0,1
1,549.28125,0,1
1,549.6435547,0,1
1,549.9779053,0,1
1,550.2515869,0,1
1,550.2753682,0,1
1,550.605835,0,1
1,550.7738647,0,1
1,551.0840454,0,1
1,551.2636719,0,1
1,551.264431,0,1
1,551.5985107,0,1
1,549.3093262,0,1
1,551.5996417,0,1
1,547.6247168,0,1
1,547.2894897,0,1
1,542.7556152,0,1
1,542.8042603,0,1
1,543.2580566,0,1
1,543.2661743,0,1
1,543.2676477,0,1
1,543.298584,0,1
1,543.3067017,0,1
1,543.5919488,0,1
1,543.8081418,0,1
1,544.2717896,0,1
1,544.7749634,0,1
1,545.2861938,0,1
1,545.6195068,0,1
1,545.7819824,0,1
1,545.7853394,0,1
1,546.2858276,0,1
1,546.7896118,0,1
1,547.2892306,0,1
1,545.2819824,0,1
1,473.9107666,0,1
1,552.2763672,0,1
1,552.7753296,0,1
1,563.9595947,0,1
1,563.9846191,0,1
1,564.2654419,0,1
1,564.2876228,0,1
1,564.3187256,0,1
1,564.3561401,0,1
1,564.6538086,0,1
1,564.7695313,0,1
1,564.8190918,0,1
1,565.2774658,0,1
1,563.7650757,0,1
1,565.2818604,0,1
1,565.2820435,0,1
1,565.3192432,0,1
1,565.7817383,0,1
1,565.8196411,0,1
1,565.9427335,0,1
1,566.28302,0,1
1,552.6118164,0,1
1,563.26629649,0,1
1,562.9543434,0,1
1,552.906189,0,1
1,553.2415161,0,1
1,553.2739868,0,1
1,553.2802782,0,1
1,557.2652588,0,1
1,557.3062744,0,1
1,557.7661743,0,1
1,557.8270874,0,1
1,558.2919312,0,1
1,562.9543499,0,1
1,560.3070068,0,1
1,560.3732067,0,1
1,560.8093262,0,1
1,561.3109935,0,1
1,561.8107289,0,1
1,561.9657446,0,1
1,561.9663696,0,1
1,562.3007813,0,1
1,562.6343384,0,1
1,560.2953225,0,1
1,473.2556152,0,1
1,472.9875793,0,1
1,306.157196,0,1
1,307.1609192,0,1
1,307.1620789,0,1
1,308.1625061,0,1
1,312.2358093,0,1
1,315.1864014,0,1
1,318.1632385,0,1
1,319.1317139,0,1
1,319.1339722,0,1
1,320.1378479,0,1
1,320.1389771,0,1
1,321.1478577,0,1
1,322.8828125,0,1
1,323.166626,0,1
1,326.2159729,0,1
1,327.1966248,0,1
1,328.2028198,0,1
1,333.1494446,0,1
1,334.1531677,0,1
1,305.1539612,0,1
1,304.142395,0,1
1,277.1233215,0,1
1,280.9575806,0,1
1,280.9596252,0,1
1,283.0659485,0,1
1,283.1712952,0,1
1,284.20224,0,1
1,289.1603394,0,1
1,290.1606445,0,1
1,335.1647644,0,1
1,291.067749,0,1
1,291.1626892,0,1
1,294.9372559,0,1
1,297.1513062,0,1
1,300.2769165,0,1
1,300.7773132,0,1
1,301.1212158,0,1
1,303.1402893,0,1
1,291.1389771,0,1
1,336.1419678,0,1
1,338.1598816,0,1
1,340.1750793,0,1
1,358.2408752,0,1
1,360.1721497,0,1
1,360.6739502,0,1
1,361.1760864,0,1
1,362.1880493,0,1
1,358.2038574,0,1
1,362.6912537,0,1
1,362.9230957,0,1
1,363.1616516,0,1
1,363.1906433,0,1
1,363.190918,0,1
1,364.1631165,0,1
1,365.1726074,0,1
1,371.2253113,0,1
1,375.1960449,0,1
1,276.111084,0,1
1,354.2433167,0,1
1,351.186554,0,1
1,340.1774597,0,1
1,340.6755981,0,1
1,341.1148682,0,1
1,341.178833,0,1
1,342.2104492,0,1
1,343.1321106,0,1
1,345.1504517,0,1
1,352.1899109,0,1
1,346.153717,0,1
1,347.1638489,0,1
1,348.1689758,0,1
1,348.9481506,0,1
1,349.1690674,0,1
1,349.1809998,0,1
1,349.2860413,0,1
1,350.1835938,0,1
1,275.1064758,0,1
1,162.0163116,0,1
1,164.027832,0,1
1,164.9288177,0,1
1,169.9841309,0,1
1,173.0754089,0,1
1,174.0788574,0,1
1,176.0621643,0,1
1,159.0244751,0,1
1,187.0926361,0,1
1,195.1204834,0,1
1,212.1399384,0,1
1,214.0030365,0,1
1,215.01327513,0,1
1,216.01737988,0,1
1,191.0377502,0,1
1,218.1047668,0,1
1,158.963089,0,1
1,154.9676056,0,1
1,103.9530487,0,1
1,105.9515762,0,1
1,118.0855179,0,1
1,121.0861588,0,1
1,123.0534821,0,1
1,123.0882111,0,1
1,123.0959244,0,1
1,124.9875717,0,1
1,129.0162506,0,1
1,130.048111,0,1
1,132.9847412,0,1
1,134.0162048,0,1
1,135.0003815,0,1
1,136.109848,0,1
1,137.0446472,0,1
1,138.9992065,0,1
1,140.0657654,0,1
1,144.0992279,0,1
1,132.0746613,0,1
1,377.1749878,0,1
1,219.105484,0,1
1,223.1513977,0,1
1,245.1326447,0,1
1,246.0919189,0,1
1,246.1355743,0,1
1,246.1374207,0,1
1,247.113205,0,1
1,247.1405334,0,1
1,250.1732483,0,1
1,258.106842,0,1
1,258.9758301,0,1
1,245.0999756,0,1
1,258.9768829,0,1
1,260.1166077,0,1
1,261.1272278,0,1
1,262.1328735,0,1
1,263.1317444,0,1
1,264.1369019,0,1
1,266.1699524,0,1
1,267.1752014,0,1
1,272.006073,0,1
1,259.1135559,0,1
1,222.1118164,0,1
1,244.0937195,0,1
1,242.0982666,0,1
1,226.9495697,0,1
1,230.9788361,0,1
1,231.0792694,0,1
1,231.1162872,0,1
1,232.121933,0,1
1,236.9955139,0,1
1,243.1166687,0,1
1,237.9977722,0,1
1,237.999588,0,1
1,239.1473236,0,1
1,240.1505432,0,1
1,589.3122668,0,1
1,378.1524353,0,1
1,379.1904602,0,1
1,442.2070313,0,1
1,442.5581665,0,1
1,443.2315063,0,1
1,444.1911926,0,1
1,444.5643616,0,1
1,446.256134,0,1
1,447.1794128,0,1
1,447.8783569,0,1
1,448.2243347,0,1
1,448.5368042,0,1
1,448.7251587,0,1
1,448.7280884,0,1
1,449.229187,0,1
1,449.2852478,0,1
1,449.7305603,0,1
1,450.2398682,0,1
1,450.7418213,0,1
1,451.0044861,0,1
1,440.2419434,0,1
1,439.2383728,0,1
1,438.2375183,0,1
1,430.2614136,0,1
1,430.910675,0,1
1,431.1850586,0,1
1,431.6878967,0,1
1,432.1938477,0,1
1,432.2764587,0,1
1,433.1994019,0,1
1,434.2061462,0,1
1,435.2169189,0,1
1,435.2171631,0,1
1,435.721344,0,1
1,436.12146,0,1
1,436.2223816,0,1
1,436.2231445,0,1
1,436.7203064,0,1
1,437.2333679,0,1
1,437.3497314,0,1
1,435.2068176,0,1
1,463.5503235,0,1
1,464.5610962,0,1
1,465.1916199,0,1
1,465.229126,0,1
1,465.2441101,0,1
1,465.7468567,0,1
1,466.2303162,0,1
1,468.2194214,0,1
1,468.252533,0,1
1,470.2384033,0,1
1,463.2164307,0,1
1,471.2419739,0,1
1,471.7434082,0,1
1,471.9065857,0,1
1,472.2390747,0,1
1,472.2541809,0,1
1,472.7531128,0,1
1,472.986969,0,1
1,470.739563,0,1
1,430.22229,0,1
1,462.5549927,0,1
1,458.8599243,0,1
1,451.2113037,0,1
1,451.2437744,0,1
1,452.0070648,0,1
1,452.0088196,0,1
1,452.0095215,0,1
1,452.2165527,0,1
1,459.2772217,0,1
1,453.2007141,0,1
1,453.6998596,0,1
1,456.2611694,0,1
1,457.2298584,0,1
1,457.5645752,0,1
1,457.7350159,0,1
1,457.8994141,0,1
1,458.103302,0,1
1,458.2343445,0,1
1,458.7332764,0,1
1,453.2187195,0,1
1,429.8847198,0,1
1,429.7319031,0,1
1,429.2304382,0,1
1,389.1741333,0,1
1,390.1777802,0,1
1,390.1790771,0,1
1,391.1525879,0,1
1,391.1898499,0,1
1,391.1929321,0,1
1,392.1918945,0,1
1,393.1705017,0,1
1,393.2049866,0,1
1,394.2115784,0,1
1,394.2124939,0,1
1,394.3229675,0,1
1,400.1662903,0,1
1,400.5350952,0,1
1,400.8692627,0,1
1,401.2035828,0,1
1,404.1975708,0,1
1,393.3182373,0,1
1,404.7011719,0,1
1,388.2510986,0,1
1,386.2363892,0,1
1,382.1871338,0,1
1,382.6894836,0,1
1,382.6904297,0,1
1,383.1885223,0,1
1,383.1898193,0,1
1,383.6911926,0,1
1,384.2022705,0,1
1,387.159668,0,1
1,384.7029419,0,1
1,384.7059631,0,1
1,385.1426697,0,1
1,385.1435852,0,1
1,385.2050171,0,1
1,385.8605652,0,1
1,386.146637,0,1
1,386.1954041,0,1
1,378.1795044,0,1
1,405.2010193,0,1
1,416.9336548,0,1
1,419.0141602,0,1
1,421.1668701,0,1
1,421.2025757,0,1
1,421.2168274,0,1
1,422.1809692,0,1
1,422.2024231,0,1
1,423.0031433,0,1
1,426.2136841,0,1
1,415.8805542,0,1
1,426.7164307,0,1
1,427.2150879,0,1
1,427.8810425,0,1
1,428.2264404,0,1
1,428.5479126,0,1
1,428.7303467,0,1
1,429.0212708,0,1
1,429.1697388,0,1
1,429.2301941,0,1
1,426.7156372,0,1
1,415.5473022,0,1
1,415.2141418,0,1
1,405.2041931,0,1
1,405.7022705,0,1
1,405.7036133,0,1
1,406.2137756,0,1
1,406.7186279,0,1
1,407.0272827,0,1
1,407.0413208,0,1
1,407.1846313,0,1
1,415.2495728,0,1
1,407.2167664,0,1
1,408.1885376,0,1
1,409.1701355,0,1
1,409.1912231,0,1
1,413.2039795,0,1
1,413.7060547,0,1
1,414.2084656,0,1
1,407.1886902,0,1
1,589.4142456,0,1
1,589.8111572,0,1
1,698.3656006,0,1
1,698.4709473,0,1
1,698.4758911,0,1
1,698.9878264,0,1
1,699.3635319,0,1
1,699.3673886,0,1
1,699.36773687,0,1
1,699.3769531,0,1
1,699.4744191,0,1
1,699.8736572,0,1
1,699.8738708,0,1
1,700.3685628,0,1
1,700.3687005,0,1
1,700.3706055,0,1
1,700.3798218,0,1
1,700.877071,0,1
1,700.8780034,0,1
1,701.3688965,0,1
1,698.362706,0,1
1,698.3612528,0,1
1,698.3610927,0,1
1,698.3606567,0,1
1,694.4087667,0,1
1,695.4136353,0,1
1,696.3638916,0,1
1,696.3861084,0,1
1,696.8683472,0,1
1,696.887146,0,1
1,697.3549805,0,1
1,697.3551941,0,1
1,701.3833618,0,1
1,697.3554077,0,1
1,697.3589478,0,1
1,697.3627881,0,1
1,697.3871652,0,1
1,697.46521,0,1
1,697.4658351,0,1
1,697.8290551,0,1
1,697.8693848,0,1
1,697.8916743,0,1
1,697.9867368,0,1
1,697.9877774,0,1
1,697.3583803,0,1
1,701.3925781,0,1
1,708.3459603,0,1
1,708.4840698,0,1
1,708.4842826,0,1
1,708.8476787,0,1
1,708.9747925,0,1
1,708.9752808,0,1
1,708.165502,0,1
1,709.3492432,0,1
1,709.3945396,0,1
1,709.4881592,0,1
1,709.9778783,0,1
1,709.9789205,0,1
1,709.9795532,0,1
1,710.3963013,0,1
1,710.3963225,0,1
1,694.4070034,0,1
1,707.8640137,0,1
1,707.3644409,0,1
1,701.5002194,0,1
1,701.5003298,0,1
1,701.8808594,0,1
1,702.3953373,0,1
1,702.3969116,0,1
1,702.4061279,0,1
1,702.8578491,0,1
1,703.3931274,0,1
1,703.3962131,0,1
1,707.3679014,0,1
1,703.8631592,0,1
1,704.3984375,0,1
1,705.307251,0,1
1,705.3627163,0,1
1,705.3996537,0,1
1,705.8096419,0,1
1,706.3658447,0,1
1,706.366333,0,1
1,706.8650513,0,1
1,707.1644576,0,1
1,707.3619977,0,1
1,693.8276405,0,1
1,693.3287495,0,1
1,693.3241577,0,1
1,674.8753384,0,1
1,674.8822021,0,1
1,674.9041138,0,1
1,674.9063392,0,1
1,675.3521118,0,1
1,675.3755158,0,1
1,675.3762905,0,1
1,675.8554946,0,1
1,675.9091553,0,1
1,676.0029907,0,1
1,674.8551025,0,1
1,676.9023438,0,1
1,677.3599854,0,1
1,677.4686279,0,1
1,677.8630012,0,1
1,677.8669434,0,1
1,678.3650513,0,1
1,678.8636475,0,1
1,674.3748216,0,1
1,674.3530391,0,1
1,670.3723755,0,1
1,670.4174194,0,1
1,670.871582,0,1
1,671.3132935,0,1
1,671.3432548,0,1
1,671.3452148,0,1
1,674.3530884,0,1
1,671.4211426,0,1
1,671.8155195,0,1
1,672.1113892,0,1
1,672.3458252,0,1
1,672.3947754,0,1
1,672.4227678,0,1
1,672.4251431,0,1
1,673.3291016,0,1
1,673.34198,0,1
1,673.8312883,0,1
1,710.4016113,0,1
1,679.3681565,0,1
1,679.8695068,0,1
1,688.0005493,0,1
1,688.3477836,0,1
1,688.3837891,0,1
1,688.3880005,0,1
1,688.8857422,0,1
1,689.3421631,0,1
1,689.3845304,0,1
1,689.8444824,0,1
1,687.9987373,0,1
1,690.3677609,0,1
1,690.9615305,0,1
1,690.9668088,0,1
1,691.3505054,0,1
1,691.3746948,0,1
1,691.4586426,0,1
1,691.8751936,0,1
1,692.3847885,0,1
1,692.4024715,0,1
1,692.4880876,0,1
1,692.8851452,0,1
1,690.8701609,0,1
1,679.3688929,0,1
1,687.9985157,0,1
1,687.9973517,0,1
1,680.39513,0,1
1,680.3955688,0,1
1,680.8945923,0,1
1,681.3256936,0,1
1,681.3616943,0,1
1,681.3938599,0,1
1,681.3948212,0,1
1,682.3286832,0,1
1,685.3573886,0,1
1,687.9976969,0,1
1,685.357666,0,1
1,685.8494263,0,1
1,685.8573993,0,1
1,686.3345033,0,1
1,686.4324341,0,1
1,686.9974976,0,1
1,687.3352051,0,1
1,687.4982571,0,1
1,687.4989624,0,1
1,687.9970645,0,1
1,685.430542,0,1
1,669.8630371,0,1
1,710.8975657,0,1
1,710.9044816,0,1
1,743.3902588,0,1
1,743.3913605,0,1
1,743.3933058,0,1
1,743.3997192,0,1
1,743.4047852,0,1
1,743.9020386,0,1
1,743.9023438,0,1
1,744.3912354,0,1
1,744.3913685,0,1
1,744.4014282,0,1
1,744.402316,0,1
1,744.9037476,0,1
1,744.9044189,0,1
1,745.3973999,0,1
1,745.4068604,0,1
1,745.4163818,0,1
1,743.3896694,0,1
1,742.8928223,0,1
1,742.5042114,0,1
1,742.5018583,0,1
1,740.3924561,0,1
1,740.411377,0,1
1,740.9130249,0,1
1,741.3849732,0,1
1,741.3864136,0,1
1,745.5303345,0,1
1,741.500061,0,1
1,741.8876609,0,1
1,741.9168091,0,1
1,741.9481041,0,1
1,742.3905029,0,1
1,741.4147949,0,1
1,745.9084243,0,1
1,745.9085628,0,1
1,746.4232178,0,1
1,755.3814087,0,1
1,755.9315908,0,1
1,756.366272,0,1
1,756.87323,0,1
1,757.4665527,0,1
1,758.4719238,0,1
1,755.3623047,0,1
1,759.392395,0,1
1,759.4725342,0,1
1,759.4737996,0,1
1,760.3983154,0,1
1,760.9492188,0,1
1,761.3946763,0,1
1,762.3943481,0,1
1,762.4039917,0,1
1,762.4239502,0,1
1,759.3947071,0,1
1,736.8529574,0,1
1,754.4265747,0,1
1,746.9345277,0,1
1,747.4212834,0,1
1,747.4256023,0,1
1,747.9347534,0,1
1,748.4240112,0,1
1,748.4245313,0,1
1,749.3902052,0,1
1,1994.613748,0,1
1,750.390625,0,1
1,754.932251,0,1
1,750.8947435,0,1
1,751.3912964,0,1
1,751.3919678,0,1
1,751.8899214,0,1
1,752.3734741,0,1
1,752.5111694,0,1
1,752.8740845,0,1
1,752.9383281,0,1
1,752.9394767,0,1
1,754.4221838,0,1
1,751.3892755,0,1
1,736.5176392,0,1
1,736.4084473,0,1
1,735.9042969,0,1
1,716.3743286,0,1
1,716.4488525,0,1
1,718.3770752,0,1
1,718.3997192,0,1
1,718.8998105,0,1
1,719.3794301,0,1
1,719.402771,0,1
1,719.8735829,0,1
1,716.3730228,0,1
1,719.9038909,0,1
1,719.9674864,0,1
1,719.9677756,0,1
1,719.968059,0,1
1,719.9681017,0,1
1,719.9681145,0,1
1,720.3881918,0,1
1,721.3889194,0,1
1,721.3909912,0,1
1,721.8867188,0,1
1,721.889417,0,1
1,719.9669189,0,1
1,721.8899578,0,1
1,715.8900227,0,1
1,715.4478149,0,1
1,711.3381348,0,1
1,711.3566284,0,1
1,711.857605,0,1
1,712.34021,0,1
1,712.3806572,0,1
1,713.3872503,0,1
1,713.4402466,0,1
1,715.8424756,0,1
1,713.8895952,0,1
1,714.4435425,0,1
1,714.4435987,0,1
1,714.8991089,0,1
1,715.3406041,0,1
1,715.3693848,0,1
1,715.4448992,0,1
1,715.4468972,0,1
1,714.3970337,0,1
1,710.8979037,0,1
1,722.3908081,0,1
1,722.8956909,0,1
1,727.1136475,0,1
1,727.3203789,0,1
1,728.3761597,0,1
1,728.8795793,0,1
1,729.3748541,0,1
1,729.3769466,0,1
1,729.3807983,0,1
1,730.95959479,0,1
1,731.3639526,0,1
1,731.4015503,0,1
1,731.96099853,0,1
1,732.4159373,0,1
1,732.9112968,0,1
1,732.916626,0,1
1,733.3686523,0,1
1,733.4197998,0,1
1,735.9020703,0,1
1,722.3910828,0,1
1,723.3919067,0,1
1,723.3926013,0,1
1,723.8962449,0,1
1,724.4206543,0,1
1,724.9208374,0,1
1,725.3499948,0,1
1,725.4225464,0,1
1,725.9230957,0,1
1,726.354187,0,1
1,763.4029541,0,1
1,669.4166194,0,1
1,669.3607545,0,1
1,617.3126831,0,1
1,617.34729,0,1
1,618.3154297,0,1
1,618.8171387,0,1
1,619.3103638,0,1
1,619.3167006,0,1
1,619.812439,0,1
1,619.8163452,0,1
1,620.4312744,0,1
1,620.6676658,0,1
1,620.8952026,0,1
1,622.3135039,0,1
1,622.3432617,0,1
1,622.3519287,0,1
1,622.6871882,0,1
1,622.8465576,0,1
1,622.9767456,0,1
1,623.0206533,0,1
1,617.1744385,0,1
1,616.3453369,0,1
1,612.9636665,0,1
1,612.9638782,0,1
1,612.9641958,0,1
1,612.9642675,0,1
1,612.9653931,0,1
1,613.3166253,0,1
1,613.33569344,0,1
1,613.8288259,0,1
1,623.2845459,0,1
1,614.2799879,0,1
1,614.343811,0,1
1,614.7835083,0,1
1,614.8561401,0,1
1,615.0336304,0,1
1,615.3441772,0,1
1,616.1726685,0,1
1,614.2983784,0,1
1,623.30511,0,1
1,627.3157959,0,1
1,627.3942261,0,1
1,627.3959172,0,1
1,627.789917,0,1
1,628.3179321,0,1
1,628.3192803,0,1
1,629.3034058,0,1
1,629.8044434,0,1
1,630.3070679,0,1
1,630.3245239,0,1
1,630.324646,0,1
1,630.350769,0,1
1,630.8485107,0,1
1,630.8562619,0,1
1,631.3203735,0,1
1,631.3502197,0,1
1,631.3589478,0,1
1,631.8222046,0,1
1,631.8574829,0,1
1,632.3709238,0,1
1,612.9636493,0,1
1,623.3450317,0,1
1,623.3557677,0,1
1,623.803404,0,1
1,623.9542734,0,1
1,623.9543085,0,1
1,623.9543274,0,1
1,623.9545888,0,1
1,624.288208,0,1
1,624.305542,0,1
1,624.3307344,0,1
1,625.3002319,0,1
1,625.335022,0,1
1,625.3875122,0,1
1,625.387796,0,1
1,625.8358765,0,1
1,626.3445435,0,1
1,626.3928223,0,1
1,626.84552,0,1
1,627.2849121,0,1
1,624.8309937,0,1
1,612.8276367,0,1
1,612.3283691,0,1
1,593.670516,0,1
1,594.0050827,0,1
1,594.2996826,0,1
1,594.8303223,0,1
1,595.2931929,0,1
1,595.3262329,0,1
1,596.298645,0,1
1,596.7998047,0,1
1,597.3011475,0,1
1,597.3047485,0,1
1,593.3366928,0,1
1,598.3096263,0,1
1,599.8398394,0,1
1,600.300415,0,1
1,600.3308716,0,1
1,600.5478586,0,1
1,600.8337402,0,1
1,601.2894897,0,1
1,601.3326905,0,1
1,601.7903484,0,1
1,601.9718062,0,1
1,601.97192381,0,1
1,599.5471802,0,1
1,593.309965,0,1
1,592.7879639,0,1
1,590.3095703,0,1
1,590.3131104,0,1
1,590.8165894,0,1
1,590.980835,0,1
1,590.9810791,0,1
1,590.981306,0,1
1,593.2727073,0,1
1,591.2562866,0,1
1,591.3154907,0,1
1,591.3539322,0,1
1,591.650153,0,1
1,591.6511881,0,1
1,591.8160681,0,1
1,591.9838257,0,1
1,592.2666016,0,1
1,592.2846208,0,1
1,592.3407087,0,1
1,592.7701329,0,1
1,633.3322899,0,1
1,601.9725435,0,1
1,602.3179321,0,1
1,609.3051758,0,1
1,609.3059877,0,1
1,609.3062459,0,1
1,609.3153687,0,1
1,609.3457642,0,1
1,609.4144897,0,1
1,609.8094482,0,1
1,609.8468099,0,1
1,610.3076782,0,1
1,609.30285647,0,1
1,611.3132935,0,1
1,611.3218994,0,1
1,611.8207397,0,1
1,611.8223384,0,1
1,612.3145016,0,1
1,612.3148193,0,1
1,601.9727418,0,1
1,608.8431855,0,1
1,608.8136597,0,1
1,602.8207577,0,1
1,603.3207,0,1
1,603.3220131,0,1
1,603.4060059,0,1
1,603.8040161,0,1
1,603.9851667,0,1
1,604.3339844,0,1
1,606.9187012,0,1
1,608.8376309,0,1
1,607.2871704,0,1
1,607.7929077,0,1
1,607.9215088,0,1
1,608.0111694,0,1
1,608.2902832,0,1
1,608.3113403,0,1
1,608.31604,0,1
1,608.3331909,0,1
1,608.3347749,0,1
1,608.3800049,0,1
1,608.6799927,0,1
1,669.414297,0,1
1,633.3354492,0,1
1,633.8394775,0,1
1,657.4723511,0,1
1,657.8549814,0,1
1,658.3070679,0,1
1,658.3695068,0,1
1,658.378418,0,1
1,658.8068237,0,1
1,658.8817668,0,1
1,658.8820801,0,1
1,659.3693237,0,1
1,660.3701172,0,1
1,660.3709603,0,1
1,661.335692,0,1
1,661.375061,0,1
1,662.3375244,0,1
1,662.3396245,0,1
1,662.8209229,0,1
1,662.8388672,0,1
1,657.4694897,0,1
1,657.3617554,0,1
1,657.3615112,0,1
1,654.3334351,0,1
1,654.3335571,0,1
1,654.4439087,0,1
1,655.3389893,0,1
1,655.3479004,0,1
1,655.3479919,0,1
1,663.3352051,0,1
1,655.4547119,0,1
1,655.8503418,0,1
1,656.340332,0,1
1,656.3403749,0,1
1,656.3405762,0,1
1,656.3543091,0,1
1,656.8533936,0,1
1,656.9246826,0,1
1,657.343689,0,1
1,655.8484253,0,1
1,663.340332,0,1
1,663.8372192,0,1
1,664.3259888,0,1
1,667.0178833,0,1
1,667.3123445,0,1
1,667.3143311,0,1
1,666.8779907,0,1
1,667.3322754,0,1
1,667.8303223,0,1
1,667.9163818,0,1
1,668.3131545,0,1
1,668.3150338,0,1
1,668.3314736,0,1
1,668.3568726,0,1
1,668.4197998,0,1
1,668.8580035,0,1
1,668.9858034,0,1
1,669.3282471,0,1
1,667.3715804,0,1
1,654.333313,0,1
1,666.8763583,0,1
1,666.8725519,0,1
1,664.4565608,0,1
1,664.4604492,0,1
1,664.822937,0,1
1,665.0115356,0,1
1,665.0144968,0,1
1,665.0157415,0,1
1,666.8742065,0,1
1,665.3251953,0,1
1,666.0151332,0,1
1,666.0159002,0,1
1,666.0160473,0,1
1,666.0161133,0,1
1,666.3713379,0,1
1,666.377086,0,1
1,666.3777615,0,1
1,666.0143106,0,1
1,653.8746338,0,1
1,639.3519925,0,1
1,640.3264771,0,1
1,640.828186,0,1
1,640.9125341,0,1
1,641.3220242,0,1
1,641.3301392,0,1
1,641.3302612,0,1
1,641.8234253,0,1
1,641.8322144,0,1
1,642.3083138,0,1
1,637.697876,0,1
1,642.8106079,0,1
1,643.0310669,0,1
1,644.0330461,0,1
1,644.0334818,0,1
1,644.0347863,0,1
1,644.0348489,0,1
1,644.0350399,0,1
1,637.3681641,0,1
1,637.3378296,0,1
1,634.338623,0,1
1,634.8380127,0,1
1,634.8730469,0,1
1,634.9437657,0,1
1,635.2849731,0,1
1,635.3413086,0,1
1,635.8424868,0,1
1,636.293457,0,1
1,636.3665325,0,1
1,636.3668214,0,1
1,636.3673706,0,1
1,636.7935791,0,1
1,636.8675537,0,1
1,636.8761037,0,1
1,637.0130005,0,1
1,637.3014342,0,1
1,635.8741324,0,1
1,633.4407349,0,1
1,644.0354202,0,1
1,644.3265064,0,1
1,649.3014687,0,1
1,649.8005687,0,1
1,651.3158985,0,1
1,651.8181763,0,1
1,652.3421021,0,1
1,652.3598633,0,1
1,652.4080811,0,1
1,652.8396606,0,1
1,649.2989502,0,1
1,652.8634651,0,1
1,652.9234009,0,1
1,653.3284302,0,1
1,653.3303872,0,1
1,653.3322144,0,1
1,653.343665,0,1
1,653.368103,0,1
1,653.439209,0,1
1,653.8352661,0,1
1,652.8700562,0,1
1,644.0368042,0,1
1,648.8596802,0,1
1,648.3599243,0,1
1,644.3563632,0,1
1,644.3634033,0,1
1,644.8579102,0,1
1,644.8666119,0,1
1,644.8666992,0,1
1,645.0345459,0,1
1,645.034668,0,1
1,645.2679443,0,1
1,648.3767154,0,1
1,645.3171997,0,1
1,645.8208618,0,1
1,645.935791,0,1
1,646.3190844,0,1
1,646.3424683,0,1
1,646.4382417,0,1
1,646.8454652,0,1
1,647.0018919,0,1
1,647.3495207,0,1
1,647.8501587,0,1
1,647.8996766,0,1
1,645.3581774,0,1
