m.z,p.value
700.8780034,0.04
436.7203064,0.04
581.3616333,0.04
437.2333679,0.04
1469.49707,0.04
322.8828125,0.04
437.2333679,0.04
580.8081665,0.04
580.6158876,0.04
437.3497314,0.04
438.2375183,0.04
438.2375183,0.04
436.2231445,0.04
439.2383728,0.04
649.3014687,0.04
579.3173828,0.04
579.2755127,0.04
649.2989502,0.04
701.3688965,0.04
648.8596802,0.04
648.3767154,0.04
440.2419434,0.04
442.2070313,0.04
442.5581665,0.04
901.0037842,0.04
649.8005687,0.04
436.2223816,0.04
797.8544602,0.04
436.12146,0.04
743.3902588,0.04
587.3305664,0.04
587.3256836,0.04
587.2967529,0.04
587.2936687,0.04
493.3130188,0.04
493.254364,0.04
1158.973022,0.04
821.469809,0.04
964.5220337,0.04
294.9372559,0.04
297.1513062,0.04
964.0340423,0.04
837.9636388,0.04
700.3798218,0.04
963.5182929,0.04
700.3798218,0.04
584.2924816,0.04
584.2918701,0.04
583.8231908,0.04
305.1539612,0.04
305.1539612,0.04
583.3674927,0.04
741.3864136,0.04
700.3706055,0.04
443.2315063,0.04
587.7960028,0.04
444.1911926,0.04
831.4456787,0.04
633.8394775,0.04
634.338623,0.04
845.5184326,0.04
846.4163221,0.04
1137.494386,0.04
1137.494179,0.04
1136.994263,0.04
1136.994263,0.04
1136.994263,0.04
1136.994263,0.04
636.8761037,0.04
885.0286448,0.04
815.9794922,0.04
846.4616812,0.04
846.5233115,0.04
563.2662964,0.04
846.5255737,0.04
563.9595947,0.04
657.4694897,0.04
641.3220242,0.04
641.3301392,0.04
641.3302612,0.04
641.8234253,0.04
821.9709473,0.04
1136.994263,0.04
663.340332,0.04
1244.68396,0.04
663.8372192,0.04
1233.507807,0.04
444.5643616,0.04
446.256134,0.04
447.1794128,0.04
447.87835689999997,0.04
830.4431763,0.04
842.4829102,0.04
349.2860413,0.04
350.1835938,0.04
351.186554,0.04
699.3769531,0.04
1289.715576,0.04
1289.713977,0.04
699.3769531,0.04
630.3245239,0.04
665.0115356,0.04
664.822937,0.04
664.4604492,0.04
1244.497318,0.04
664.4565608,0.04
631.3203735,0.04
1244.497666,0.04
631.3589478,0.04
807.9259687,0.04
664.3259888,0.04
831.4456787,0.04
743.3933058,0.04
1158.972987,0.04
1496.042751,0.04
1009.804932,0.04
1010.573853,0.04
1010.910889,0.04
762.3943481,0.04
761.3946763,0.04
760.9492188,0.04
1010.910889,0.04
1011.414246,0.04
1011.579762,0.04
1011.911987,0.04
512.2462158,0.04
1014.843372,0.04
510.2567139,0.04
509.7729492,0.04
509.7493896,0.04
611.8223384,0.04
509.267334,0.04
216.0173798,0.04
743.3997192,0.04
785.4102783,0.04
509.2511902,0.04
509.2197876,0.04
702.3953373,0.04
1159.976563,0.04
700.877071,0.04
1009.570068,0.04
512.2776489,0.04
1009.302795,0.04
512.750061,0.04
103.9530487,0.04
885.8580933,0.04
886.3574754,0.04
701.3833618,0.04
1893.134929,0.04
1892.634268,0.04
995.500061,0.04
701.3925781,0.04
701.3925781,0.04
701.3925781,0.04
881.0249634,0.04
881.0249634,0.04
912.4950716,0.04
773.9030762,0.04
880.0239258,0.04
880.0239258,0.04
880.0239258,0.04
880.0239258,0.04
765.4125977,0.04
765.4125977,0.04
775.3915423,0.04
701.5002194,0.04
701.5003298,0.04
1159.976563,0.04
1159.976563,0.04
701.8808594,0.04
881.0230332,0.04
912.4951693,0.04
509.2516174,0.04
1159.476926,0.04
1024.552002,0.04
912.861145,0.04
496.2405701,0.04
788.9327393,0.04
495.3156738,0.04
495.2692566,0.04
495.2382813,0.04
495.2382813,0.04
967.564209,0.04
495.2382813,0.04
494.9674377,0.04
1564.365578,0.04
494.9674377,0.04
618.3154297,0.04
494.9674377,0.04
494.9674377,0.04
494.9674377,0.04
494.7662964,0.04
494.2667236,0.04
493.9079895,0.04
792.4519813,0.04
493.7565613,0.04
743.9020386,0.04
743.4047852,0.04
617.34729,0.04
497.2215881,0.04
1558.927612,0.04
820.9694214,0.04
236.9955139,0.04
236.9955139,0.04
236.9955139,0.04
236.9955139,0.04
237.99777219999999,0.04
497.725769,0.04
501.2577209,0.04
501.2545471,0.04
500.2460022,0.04
499.2709961,0.04
787.4174539,0.04
592.7701329,0.04
501.7603149,0.04
501.7603149,0.04
978.600672,0.04
502.259491,0.04
499.2321472,0.04
498.8980713,0.04
752.9383281,0.04
498.2302246,0.04
912.9962158,0.04
912.9962158,0.04
912.9962158,0.04
236.9955139,0.04
787.4193726,0.04
906.8187866,1.0
906.4558105,1.0
905.875,1.0
905.4859396,1.0
911.9947633,1.0
907.5011324,1.0
907.7650757,1.0
907.822937,1.0
908.5192261,1.0
908.824936,1.0
909.020282,1.0
911.9939391,1.0
911.9939848,1.0
911.9939904,1.0
911.9942268,1.0
912.4941508,1.0
912.493968,1.0
911.995943,1.0
907.3230715,1.0
911.9946373,1.0
103.9528122,1.0
904.9749756,1.0
894.5038631,1.0
895.0053711,1.0
895.4812761,1.0
895.5071689,1.0
897.4242405,1.0
897.4891968,1.0
897.4913385,1.0
897.9934943,1.0
897.9939575,1.0
898.4951053,1.0
898.4974149,1.0
898.8858643,1.0
898.9982721,1.0
899.8349609,1.0
899.8349609,1.0
901.0020844,1.0
901.0037842,1.0
894.4807129,1.0
901.0037842,1.0
893.4824219,1.0
893.34729,1.0
886.507761,1.0
887.0074463,1.0
887.4425049,1.0
887.5092163,1.0
889.4388002,1.0
889.545014,1.0
890.0137329,1.0
890.0137329,1.0
890.0137329,1.0
890.4437256,1.0
891.4772339,1.0
891.5544434,1.0
892.4743652,1.0
892.846415,1.0
892.8466103,1.0
892.9164413,1.0
893.0270972,1.0
893.4200439,1.0
901.0037842,1.0
901.0037842,1.0
901.0037842,1.0
903.0092163,1.0
903.0092163,1.0
903.1450806,1.0
903.1450806,1.0
903.1450806,1.0
903.1450806,1.0
903.1450806,1.0
903.1450806,1.0
903.1450806,1.0
903.1450806,1.0
903.1450806,1.0
903.1450806,1.0
903.1450806,1.0
903.1454926,1.0
903.1455401,1.0
903.9082031,1.0
904.4101563,1.0
903.0092163,1.0
903.0092163,1.0
903.0070989,1.0
903.0061273,1.0
901.0245054,1.0
901.4541626,1.0
901.5048828,1.0
901.5048828,1.0
901.5048828,1.0
901.5048828,1.0
901.5048828,1.0
901.5048828,1.0
905.4526419,1.0
901.5258179,1.0
902.0061646,1.0
902.0061646,1.0
902.0061646,1.0
902.0061646,1.0
902.0061646,1.0
902.0061646,1.0
902.0270996,1.0
903.0055022,1.0
902.0061646,1.0
900.5236206,1.0
922.9853516,1.0
914.5361328,1.0
961.8327593,1.0
962.5153961,1.0
962.5167103,1.0
962.5170037,1.0
963.5192892,1.0
963.5216236,1.0
965.520752,1.0
965.5484009,1.0
966.5490168,1.0
966.5606362,1.0
961.5127563,1.0
966.9462494,1.0
966.9476929,1.0
966.9476929,1.0
966.9476929,1.0
966.9476929,1.0
966.9476929,1.0
966.9476929,1.0
967.0632756,1.0
967.5503498,1.0
967.8190918,1.0
967.8190918,1.0
966.9468819,1.0
961.5127563,1.0
961.5109863,1.0
961.3339769,1.0
945.9698486,1.0
945.9698486,1.0
945.9698486,1.0
945.9698486,1.0
945.9698486,1.0
945.9698486,1.0
946.8555227,1.0
946.8563002,1.0
947.8564541,1.0
949.4813839,1.0
949.512447,1.0
950.4819785,1.0
951.4718693,1.0
951.5274261,1.0
952.5299625,1.0
953.8434917,1.0
954.3447351,1.0
955.9565844,1.0
955.9567715,1.0
959.4614556,1.0
959.8832397,1.0
960.831665,1.0
960.831665,1.0
967.9489746,1.0
945.9698486,1.0
967.9502589,1.0
971.024292,1.0
988.9291388,1.0
988.9292517,1.0
988.929344,1.0
988.9308281,1.0
988.930852,1.0
988.9332886,1.0
989.0755005,1.0
989.4315597,1.0
989.5786743,1.0
989.9325248,1.0
988.929107,1.0
992.534729,1.0
993.5368652,1.0
993.876709,1.0
994.5079346,1.0
994.5408325,1.0
994.8259888,1.0
994.8259888,1.0
995.3277271,1.0
995.5501222,1.0
996.5050049,1.0
999.9222412,1.0
993.5045166,1.0
988.9285499,1.0
988.928493,1.0
988.5743419,1.0
971.4589926,1.0
973.8606159,1.0
974.8101807,1.0
975.3096924,1.0
975.8093872,1.0
977.5048828,1.0
977.5966187,1.0
977.9398804,1.0
978.4401855,1.0
978.5054932,1.0
979.5283813,1.0
979.5283813,1.0
980.5299683,1.0
980.5299683,1.0
980.8482909,1.0
981.3504905,1.0
981.5321655,1.0
982.53479,1.0
983.5379639,1.0
985.5458374,1.0
986.4788818,1.0
987.8379909,1.0
988.3385849,1.0
970.5217423,1.0
945.9698486,1.0
945.5527344,1.0
945.0501709,1.0
922.5357666,1.0
922.9853516,1.0
922.9853516,1.0
922.9853516,1.0
922.9853516,1.0
922.9853516,1.0
922.9853516,1.0
923.0377,1.0
923.4855297,1.0
923.485991,1.0
922.5221558,1.0
923.4862039,1.0
923.4864922,1.0
923.4866624,1.0
923.524292,1.0
923.5394897,1.0
923.9877931,1.0
923.9881444,1.0
923.9893799,1.0
923.9893799,1.0
923.9893799,1.0
923.9893799,1.0
923.4864534,1.0
921.517334,1.0
921.4962158,1.0
921.0106201,1.0
914.899231,1.0
915.0405884,1.0
915.4014569,1.0
915.435791,1.0
915.539769,1.0
916.5175975,1.0
917.0191481,1.0
917.4888306,1.0
917.4888306,1.0
917.4888306,1.0
917.5202517,1.0
918.4898682,1.0
918.4898682,1.0
918.4898682,1.0
919.4932631,1.0
919.4953391,1.0
919.50354,1.0
919.5050481,1.0
919.8500366,1.0
920.0082397,1.0
920.0082397,1.0
920.4970601,1.0
920.5086349,1.0
923.9893799,1.0
924.0389367,1.0
924.5286255,1.0
924.9858227,1.0
937.0528315,1.0
937.5065308,1.0
938.5077515,1.0
938.5305476,1.0
939.0315118,1.0
939.5095215,1.0
939.8662083,1.0
940.8151855,1.0
941.3165894,1.0
941.4506226,1.0
941.5169629,1.0
941.8175606,1.0
942.0186525,1.0
942.5211054,1.0
944.5477295,1.0
944.9646606,1.0
944.9646606,1.0
944.9646606,1.0
944.9646606,1.0
944.9646606,1.0
944.9646606,1.0
944.9646606,1.0
944.9646606,1.0
936.5058594,1.0
912.4948338,1.0
936.5058594,1.0
935.4967041,1.0
924.9896232,1.0
924.9912162,1.0
925.889743,1.0
926.390686,1.0
926.837529,1.0
926.8379234,1.0
927.4336953,1.0
930.5341187,1.0
931.0337002,1.0
932.880127,1.0
933.4718857,1.0
933.5707397,1.0
933.8257446,1.0
933.8257446,1.0
933.9745483,1.0
933.9745483,1.0
933.9745483,1.0
933.9745483,1.0
933.9745483,1.0
933.9745483,1.0
933.9745483,1.0
934.4712359,1.0
934.4767841,1.0
935.4986087,1.0
884.527832,1.0
878.4976807,1.0
883.4065552,1.0
803.4210205,1.0
803.4210205,1.0
803.4976132,1.0
803.4990142,1.0
803.8916043,1.0
804.4234619,1.0
804.4238499,1.0
804.8411255,1.0
804.9749756,1.0
804.9891357,1.0
804.9891357,1.0
804.9891357,1.0
804.9891357,1.0
804.9893188,1.0
804.989502,1.0
804.989502,1.0
804.989502,1.0
805.3419235,1.0
805.426774,1.0
805.489817,1.0
805.4904327,1.0
802.939641,1.0
805.4905633,1.0
802.5002441,1.0
802.3894718,1.0
796.5389209,1.0
796.9042358,1.0
796.9042358,1.0
796.9042358,1.0
797.4049683,1.0
797.4049683,1.0
797.8529732,1.0
797.9059448,1.0
798.4561768,1.0
798.9573975,1.0
799.3900146,1.0
799.3900146,1.0
799.3900146,1.0
799.4588623,1.0
799.9597147,1.0
800.3933105,1.0
800.3933105,1.0
801.3873291,1.0
801.4947123,1.0
801.4956665,1.0
801.4956665,1.0
802.5002441,1.0
796.4764791,1.0
805.4910562,1.0
806.4228163,1.0
812.4716797,1.0
812.9717407,1.0
813.4038086,1.0
813.4386493,1.0
813.4732056,1.0
813.973938,1.0
814.4753418,1.0
815.4220004,1.0
815.9807019,1.0
815.9808298,1.0
815.9813207,1.0
815.9819394,1.0
815.9827251,1.0
815.9830402,1.0
816.4318237,1.0
816.4815063,1.0
816.4815063,1.0
816.4815063,1.0
816.9300305,1.0
817.4301758,1.0
817.8691039,1.0
811.8832934,1.0
805.4924927,1.0
811.4453735,1.0
811.3805607,1.0
806.4307861,1.0
806.4312148,1.0
806.4536293,1.0
806.9539185,1.0
807.4249268,1.0
807.4535522,1.0
807.9576416,1.0
809.3718872,1.0
809.3718872,1.0
809.4411621,1.0
809.4411621,1.0
809.4411621,1.0
809.9423622,1.0
809.9458618,1.0
809.9458618,1.0
810.3736831,1.0
810.4417725,1.0
810.4417725,1.0
810.8807983,1.0
810.9458008,1.0
810.9458008,1.0
811.4453735,1.0
795.9172363,1.0
795.4148445,1.0
795.3538208,1.0
783.0065819,1.0
783.0066938,1.0
783.007028,1.0
783.0072261,1.0
783.0073856,1.0
783.0074966,1.0
783.8753052,1.0
784.4168724,1.0
784.4170474,1.0
784.4379169,1.0
784.9425049,1.0
785.4102783,1.0
785.4102783,1.0
785.4102783,1.0
785.4102783,1.0
785.4102783,1.0
785.4130221,1.0
785.4395142,1.0
785.5272217,1.0
785.5272217,1.0
785.9120483,1.0
783.0055542,1.0
785.9120483,1.0
782.9606323,1.0
781.1840279,1.0
770.3799438,1.0
770.8488159,1.0
771.4476318,1.0
771.8514655,1.0
771.8533325,1.0
772.4041748,1.0
772.8503705,1.0
772.9068604,1.0
773.4000854,1.0
774.3869019,1.0
774.8902588,1.0
774.8902588,1.0
774.9199174,1.0
775.3886108,1.0
775.4259867,1.0
775.9264526,1.0
776.4400024,1.0
776.8865815,1.0
776.9439697,1.0
777.4430348,1.0
777.9468765,1.0
782.4598389,1.0
785.9442988,1.0
786.4144897,1.0
786.4144897,1.0
790.4573364,1.0
790.9596407,1.0
791.4451904,1.0
791.4488723,1.0
791.4595947,1.0
791.9626556,1.0
792.4525405,1.0
794.0008545,1.0
794.0008545,1.0
794.0008545,1.0
794.0008545,1.0
794.0008545,1.0
794.0008545,1.0
794.0008545,1.0
794.5007324,1.0
794.5007324,1.0
794.5007324,1.0
794.5007324,1.0
794.5007324,1.0
795.0007324,1.0
795.0007324,1.0
790.4475708,1.0
790.4475708,1.0
789.9336548,1.0
789.5580444,1.0
786.4144897,1.0
786.4144897,1.0
786.4144897,1.0
786.5315552,1.0
786.5315552,1.0
787.4193726,1.0
787.4193726,1.0
787.4291382,1.0
787.4291382,1.0
787.9268799,1.0
818.4105225,1.0
787.9268799,1.0
788.4180232,1.0
788.4193115,1.0
788.4301096,1.0
788.4306376,1.0
788.9327393,1.0
789.3412322,1.0
789.4212036,1.0
789.4318848,1.0
789.4407349,1.0
789.4407349,1.0
787.9272838,1.0
818.9164673,1.0
819.4157104,1.0
819.4515595,1.0
860.4550781,1.0
860.9568604,1.0
861.0087296,1.0
861.4263241,1.0
861.4599609,1.0
862.0140049,1.0
863.0154796,1.0
863.477356,1.0
864.4938354,1.0
864.8882446,1.0
864.9949951,1.0
865.4962769,1.0
865.8396606,1.0
865.8396606,1.0
865.8913477,1.0
870.5123901,1.0
870.9331665,1.0
871.0142738,1.0
871.5125122,1.0
871.8781426,1.0
872.4914907,1.0
859.9450684,1.0
872.8273087,1.0
859.3536377,1.0
858.5019531,1.0
851.8628975,1.0
851.9826441,1.0
853.3972641,1.0
853.3987012,1.0
853.4656982,1.0
853.4689082,1.0
853.9689331,1.0
853.9689331,1.0
854.4004822,1.0
854.46698,1.0
854.4682007,1.0
854.970273,1.0
855.4737549,1.0
856.4962223,1.0
857.0001831,1.0
857.0387243,1.0
857.0388428,1.0
857.0397254,1.0
857.0409546,1.0
857.4991455,1.0
858.0008321,1.0
858.8532374,1.0
872.9935153,1.0
873.4598389,1.0
873.4598389,1.0
879.0189209,1.0
879.0189209,1.0
879.0189209,1.0
879.0191808,1.0
879.0203247,1.0
879.0203247,1.0
879.0203247,1.0
879.5029203,1.0
879.513916,1.0
879.7354736,1.0
879.8695679,1.0
880.0237573,1.0
880.0239258,1.0
880.0239258,1.0
881.0253296,1.0
881.0253296,1.0
881.0253296,1.0
881.0264476,1.0
881.9282304,1.0
882.4270483,1.0
882.9931641,1.0
879.0131226,1.0
878.8654324,1.0
878.50885,1.0
1000.422485,1.0
873.4598389,1.0
873.4611206,1.0
873.4923537,1.0
873.829895,1.0
873.9958997,1.0
874.0988637,1.0
874.4674072,1.0
874.4674072,1.0
874.4674072,1.0
874.4674072,1.0
851.480835,1.0
875.4665527,1.0
875.4768492,1.0
875.4784913,1.0
875.9797974,1.0
875.9797974,1.0
876.473938,1.0
876.4842529,1.0
876.4842529,1.0
876.9834595,1.0
876.9842735,1.0
877.4935913,1.0
875.468776,1.0
883.9958496,1.0
850.9814208,1.0
850.4764404,1.0
829.4380151,1.0
829.4660645,1.0
829.9397792,1.0
829.9706518,1.0
830.1826172,1.0
830.4431763,1.0
830.4431763,1.0
830.4431763,1.0
830.4431763,1.0
830.8963473,1.0
831.4456787,1.0
831.4557495,1.0
831.4557495,1.0
831.8468628,1.0
831.8468628,1.0
831.9572144,1.0
831.9572144,1.0
832.4477151,1.0
832.4588623,1.0
832.4588623,1.0
832.958566,1.0
829.4374283,1.0
832.9606323,1.0
829.4360352,1.0
829.4351937,1.0
820.4560547,1.0
820.4660645,1.0
824.451815,1.0
824.8602905,1.0
824.8602905,1.0
825.8599649,1.0
826.4853836,1.0
826.9691772,1.0
826.9691772,1.0
826.9702759,1.0
826.9702759,1.0
826.9702759,1.0
826.9702759,1.0
826.9706599,1.0
826.9706997,1.0
826.9874,1.0
827.4874664,1.0
828.444285,1.0
828.4443359,1.0
828.4647827,1.0
828.9661541,1.0
829.4360352,1.0
833.4610086,1.0
833.4673462,1.0
834.4710905,1.0
843.4153834,1.0
843.4157946,1.0
843.482605,1.0
843.9843677,1.0
844.4197402,1.0
844.875135,1.0
845.4140625,1.0
845.5184326,1.0
845.5184326,1.0
846.9666264,1.0
847.4465942,1.0
847.5275879,1.0
848.4492188,1.0
848.4501272,1.0
848.5302124,1.0
848.9557495,1.0
848.9557495,1.0
849.0007324,1.0
849.4523926,1.0
850.4561768,1.0
850.4572842,1.0
843.4149998,1.0
843.4147081,1.0
842.9816651,1.0
841.5645752,1.0
834.4817505,1.0
834.9866862,1.0
835.4744522,1.0
835.4866943,1.0
835.9889195,1.0
836.4853986,1.0
837.8861694,1.0
837.9627017,1.0
837.9628209,1.0
837.9629746,1.0
850.9799222,1.0
837.9631568,1.0
838.8327026,1.0
839.3364258,1.0
839.376709,1.0
839.4454424,1.0
839.840271,1.0
840.5003052,1.0
840.5661011,1.0
840.8383179,1.0
840.9291382,1.0
841.0040894,1.0
837.9632306,1.0
1000.866791,1.0
1023.550415,1.0
1001.814636,1.0
1332.735754,1.0
1333.737571,1.0
1334.741209,1.0
1337.405101,1.0
1338.075714,1.0
1340.009855,1.0
1340.800293,1.0
1341.749878,1.0
1342.913687,1.0
1345.7146,1.0
1347.790278,1.0
1348.73999,1.0
1349.238524,1.0
1349.73961,1.0
1351.001587,1.0
1351.001587,1.0
1351.001587,1.0
1351.001587,1.0
1351.001587,1.0
1351.001587,1.0
1351.001587,1.0
1332.733538,1.0
1331.923067,1.0
1331.732083,1.0
1331.730225,1.0
1309.942537,1.0
1310.443604,1.0
1312.846451,1.0
1313.799246,1.0
1314.743774,1.0
1315.244629,1.0
1315.411827,1.0
1315.747758,1.0
1320.786093,1.0
1320.932573,1.0
1351.001587,1.0
1321.434063,1.0
1326.759766,1.0
1326.82312,1.0
1327.774847,1.0
1329.015625,1.0
1329.015625,1.0
1329.016594,1.0
1329.016714,1.0
1329.017024,1.0
1329.017216,1.0
1329.018022,1.0
1325.757956,1.0
1307.756247,1.0
1351.500696,1.0
1352.001883,1.0
1370.78479,1.0
1372.980469,1.0
1372.981201,1.0
1372.981201,1.0
1372.981201,1.0
1372.981537,1.0
1372.982097,1.0
1372.982192,1.0
1372.983906,1.0
1373.484102,1.0
1373.983622,1.0
1373.983887,1.0
1373.984254,1.0
1373.984495,1.0
1373.984623,1.0
1373.984969,1.0
1373.985758,1.0
1375.759371,1.0
1375.759521,1.0
1376.762285,1.0
1376.763809,1.0
1369.78064,1.0
1368.753897,1.0
1368.7531,1.0
1362.994683,1.0
1352.001904,1.0
1352.002168,1.0
1352.002347,1.0
1352.002686,1.0
1352.00324,1.0
1353.789494,1.0
1360.069402,1.0
1360.403363,1.0
1360.73735,1.0
1361.766312,1.0
1352.00167,1.0
1361.991577,1.0
1361.991577,1.0
1361.991577,1.0
1361.991577,1.0
1361.991577,1.0
1362.492188,1.0
1362.492188,1.0
1362.492188,1.0
1362.492188,1.0
1362.49349,1.0
1362.993958,1.0
1361.991577,1.0
1307.755424,1.0
1306.807739,1.0
1302.688825,1.0
1244.496933,1.0
1244.497382,1.0
1244.497681,1.0
1244.498434,1.0
1244.68457,1.0
1244.997437,1.0
1244.997437,1.0
1245.684814,1.0
1245.686685,1.0
1245.809829,1.0
1246.691528,1.0
1246.754593,1.0
1246.900269,1.0
1247.257965,1.0
1247.691573,1.0
1247.76001,1.0
1247.905011,1.0
1249.741939,1.0
1250.74707,1.0
1252.796376,1.0
1254.987183,1.0
1243.996948,1.0
1243.996905,1.0
1243.996851,1.0
1243.99657,1.0
1214.641737,1.0
1217.854574,1.0
1218.802734,1.0
1224.095459,1.0
1224.430664,1.0
1224.91748,1.0
1225.419839,1.0
1225.671299,1.0
1225.793109,1.0
1225.92181,1.0
1254.987183,1.0
1232.781006,1.0
1233.006226,1.0
1235.909791,1.0
1238.820435,1.0
1239.768677,1.0
1239.768677,1.0
1243.682,1.0
1243.684814,1.0
1243.996087,1.0
1243.996354,1.0
1243.996535,1.0
1232.781006,1.0
1254.987434,1.0
1254.98749,1.0
1254.987675,1.0
1273.763611,1.0
1273.811228,1.0
1279.802777,1.0
1280.751099,1.0
1281.251833,1.0
1281.74707,1.0
1286.788452,1.0
1287.705566,1.0
1287.705566,1.0
1288.710449,1.0
1273.763365,1.0
1288.710449,1.0
1290.864868,1.0
1291.866637,1.0
1292.082469,1.0
1292.416615,1.0
1293.768921,1.0
1293.771729,1.0
1294.772583,1.0
1300.767456,1.0
1300.767456,1.0
1301.685853,1.0
1290.714966,1.0
1377.764734,1.0
1272.810578,1.0
1269.883911,1.0
1254.987793,1.0
1255.487781,1.0
1255.488213,1.0
1255.488225,1.0
1255.488245,1.0
1255.488352,1.0
1257.659912,1.0
1257.890869,1.0
1258.667703,1.0
1258.836089,1.0
1270.088379,1.0
1259.788318,1.0
1265.978449,1.0
1265.978599,1.0
1265.978739,1.0
1265.979152,1.0
1265.980329,1.0
1266.479436,1.0
1266.479535,1.0
1268.88069,1.0
1269.419473,1.0
1269.754456,1.0
1259.834761,1.0
1380.833215,1.0
1381.821899,1.0
1382.734131,1.0
1586.691528,1.0
1586.989746,1.0
1586.989841,1.0
1586.99005,1.0
1586.990121,1.0
1586.990161,1.0
1586.990608,1.0
1587.193074,1.0
1587.49241,1.0
1587.493774,1.0
1587.695333,1.0
1587.994019,1.0
1587.994019,1.0
1597.980522,1.0
1597.98155,1.0
1598.48304,1.0
1598.483307,1.0
1598.98389,1.0
1598.984408,1.0
1608.971989,1.0
1608.972572,1.0
1576.500165,1.0
1564.698433,1.0
1564.030548,1.0
1558.738404,1.0
1491.979858,1.0
1496.377551,1.0
1496.712124,1.0
1502.469727,1.0
1504.870885,1.0
1511.716761,1.0
1513.899358,1.0
1514.900822,1.0
1518.706375,1.0
1519.038789,1.0
1608.972998,1.0
1519.207125,1.0
1526.852783,1.0
1530.785192,1.0
1541.368347,1.0
1541.702271,1.0
1542.036877,1.0
1544.763419,1.0
1552.699707,1.0
1553.199463,1.0
1553.701139,1.0
1557.925293,1.0
1519.708735,1.0
1608.973094,1.0
1608.973114,1.0
1608.973633,1.0
1700.003906,1.0
1700.338574,1.0
1722.666165,1.0
1723.16765,1.0
1723.669159,1.0
1745.3284,1.0
1745.662951,1.0
1756.660121,1.0
1757.161084,1.0
1790.653571,1.0
1696.897142,1.0
1791.154337,1.0
1825.149039,1.0
1856.454422,1.0
1858.640908,1.0
1859.140408,1.0
1859.643072,1.0
1867.945288,1.0
1888.924679,1.0
1926.626645,1.0
1927.629832,1.0
1960.621003,1.0
1791.65484,1.0
1491.480212,1.0
1689.674216,1.0
1688.673706,1.0
1608.97583,1.0
1609.355245,1.0
1609.47361,1.0
1609.474939,1.0
1609.688447,1.0
1609.974537,1.0
1609.974887,1.0
1609.974888,1.0
1609.974934,1.0
1620.687378,1.0
1689.174078,1.0
1621.187963,1.0
1631.956055,1.0
1632.016932,1.0
1653.939676,1.0
1654.67894,1.0
1655.180365,1.0
1655.681694,1.0
1674.915548,1.0
1675.920416,1.0
1677.342497,1.0
1677.676371,1.0
1630.952148,1.0
1214.430611,1.0
1491.480211,1.0
1491.479743,1.0
1416.941895,1.0
1417.226629,1.0
1419.784058,1.0
1419.784058,1.0
1420.789322,1.0
1421.789673,1.0
1422.76447,1.0
1425.846088,1.0
1426.850391,1.0
1427.852311,1.0
1428.05727,1.0
1428.390908,1.0
1428.438604,1.0
1428.725106,1.0
1429.75458,1.0
1438.928101,1.0
1439.930908,1.0
1441.841049,1.0
1443.729734,1.0
1443.73131,1.0
1448.821542,1.0
1416.725147,1.0
1414.81269,1.0
1413.809744,1.0
1408.787228,1.0
1383.232652,1.0
1383.398765,1.0
1383.734073,1.0
1383.973731,1.0
1383.97583,1.0
1394.811031,1.0
1394.962161,1.0
1394.962646,1.0
1394.962646,1.0
1394.963141,1.0
1450.719727,1.0
1394.963351,1.0
1394.963755,1.0
1394.965251,1.0
1395.762934,1.0
1395.967722,1.0
1395.96936,1.0
1397.815186,1.0
1398.816735,1.0
1405.392935,1.0
1405.729104,1.0
1406.062148,1.0
1394.963384,1.0
1451.220915,1.0
1451.385894,1.0
1451.720929,1.0
1476.774414,1.0
1479.985552,1.0
1479.985718,1.0
1479.985907,1.0
1479.986022,1.0
1479.986057,1.0
1480.489624,1.0
1480.489624,1.0
1480.489624,1.0
1480.489624,1.0
1474.049473,1.0
1480.987861,1.0
1484.711416,1.0
1485.214637,1.0
1485.714367,1.0
1490.752821,1.0
1490.977013,1.0
1490.977051,1.0
1490.977051,1.0
1490.977051,1.0
1490.977776,1.0
1491.479734,1.0
1482.890385,1.0
1491.480043,1.0
1473.71528,1.0
1471.878476,1.0
1457.834495,1.0
1458.001906,1.0
1458.003875,1.0
1458.505737,1.0
1458.505737,1.0
1460.909072,1.0
1461.910466,1.0
1462.79895,1.0
1463.750659,1.0
1463.809937,1.0
1473.380691,1.0
1468.994995,1.0
1468.995498,1.0
1468.995661,1.0
1469.49707,1.0
1469.49707,1.0
1469.49707,1.0
1469.49707,1.0
1469.872103,1.0
1469.99888,1.0
1469.999344,1.0
1470.876709,1.0
1468.994995,1.0
1001.814636,1.0
1213.926758,1.0
1213.635986,1.0
1053.597778,1.0
1054.602661,1.0
1054.873779,1.0
1055.603852,1.0
1055.824009,1.0
1055.875554,1.0
1058.571984,1.0
1059.511358,1.0
1061.60314,1.0
1061.864661,1.0
1062.606226,1.0
1062.621138,1.0
1062.811768,1.0
1063.315,1.0
1065.458877,1.0
1065.556658,1.0
1066.562866,1.0
1067.573975,1.0
1067.575109,1.0
1068.582797,1.0
1068.585449,1.0
1053.568749,1.0
1052.575684,1.0
1052.471436,1.0
1051.972778,1.0
1041.482113,1.0
1041.531128,1.0
1041.847656,1.0
1042.799805,1.0
1043.297321,1.0
1043.799561,1.0
1043.884596,1.0
1047.511561,1.0
1048.515015,1.0
1048.8372,1.0
1068.851822,1.0
1049.565796,1.0
1049.568171,1.0
1050.57353,1.0
1051.544189,1.0
1051.572266,1.0
1051.970548,1.0
1051.970625,1.0
1051.970789,1.0
1051.970923,1.0
1051.972778,1.0
1051.972778,1.0
1049.567707,1.0
1041.481948,1.0
1069.586182,1.0
1069.802246,1.0
1090.320126,1.0
1091.537389,1.0
1092.54209,1.0
1093.02882,1.0
1093.029631,1.0
1093.029785,1.0
1093.029785,1.0
1093.029785,1.0
1093.029785,1.0
1093.029785,1.0
1093.593262,1.0
1094.030273,1.0
1094.593994,1.0
1095.597778,1.0
1095.858097,1.0
1095.933291,1.0
1096.435791,1.0
1096.602173,1.0
1096.804321,1.0
1096.804321,1.0
1097.000122,1.0
1089.817871,1.0
1088.869223,1.0
1088.121145,1.0
1085.44388,1.0
1069.802246,1.0
1069.852783,1.0
1070.58728,1.0
1071.588867,1.0
1073.63916,1.0
1073.951904,1.0
1075.839797,1.0
1076.787422,1.0
1077.290583,1.0
1077.791016,1.0
1069.586182,1.0
1079.172974,1.0
1080.587635,1.0
1081.558651,1.0
1081.587604,1.0
1082.559801,1.0
1082.828491,1.0
1082.829426,1.0
1083.330161,1.0
1083.553101,1.0
1084.555111,1.0
1084.94167,1.0
1079.175214,1.0
1041.48178,1.0
1041.481721,1.0
1041.481454,1.0
1018.995855,1.0
1018.995986,1.0
1018.997012,1.0
1018.997331,1.0
1018.997548,1.0
1018.99791,1.0
1018.998509,1.0
1019.498961,1.0
1019.499369,1.0
1019.499509,1.0
1019.499555,1.0
1019.499687,1.0
1019.500156,1.0
1020.001802,1.0
1020.00205,1.0
1020.133335,1.0
1021.53125,1.0
1021.626404,1.0
1021.831077,1.0
1021.90404,1.0
1022.332275,1.0
1017.575902,1.0
1015.843201,1.0
1015.485196,1.0
1014.84344,1.0
1001.865889,1.0
1003.488525,1.0
1004.491333,1.0
1005.538696,1.0
1005.538696,1.0
1005.538696,1.0
1006.542542,1.0
1006.542542,1.0
1007.546814,1.0
1007.546814,1.0
1022.404663,1.0
1007.854689,1.0
1008.007835,1.0
1008.008091,1.0
1008.008097,1.0
1008.008172,1.0
1008.008344,1.0
1008.010498,1.0
1008.551636,1.0
1008.805664,1.0
1009.545324,1.0
1014.546692,1.0
1008.006465,1.0
1022.53691,1.0
1022.627075,1.0
769.9490256,1.0
1033.396412,1.0
1033.89577,1.0
1035.807247,1.0
1035.808129,1.0
1036.56038,1.0
1037.530273,1.0
1037.561768,1.0
1038.536499,1.0
1038.567279,1.0
1039.52368,1.0
1032.89563,1.0
1039.576868,1.0
1040.980544,1.0
1040.981201,1.0
1040.981201,1.0
1040.981201,1.0
1040.981201,1.0
1040.981201,1.0
1040.981201,1.0
1040.981201,1.0
1041.480793,1.0
1041.481021,1.0
1040.532471,1.0
1097.622314,1.0
1030.990112,1.0
1030.492151,1.0
1023.550415,1.0
1024.552002,1.0
1025.55451,1.0
1025.55653,1.0
1026.556763,1.0
1027.559814,1.0
1027.871948,1.0
1028.819946,1.0
1028.819946,1.0
1029.818481,1.0
1030.493675,1.0
1029.989596,1.0
1029.990398,1.0
1029.990615,1.0
1029.991577,1.0
1029.991577,1.0
1029.991577,1.0
1030.491379,1.0
1030.491666,1.0
1030.491722,1.0
1030.49174,1.0
1030.491806,1.0
1029.990168,1.0
1098.625478,1.0
1102.846624,1.0
1103.795166,1.0
1157.805746,1.0
1158.63855,1.0
1158.969971,1.0
1158.972715,1.0
1158.9729,1.0
1158.9729,1.0
1158.973167,1.0
1158.97345,1.0
1158.973725,1.0
1159.638958,1.0
1159.976563,1.0
1159.976563,1.0
1159.976563,1.0
1159.976563,1.0
1159.976563,1.0
1161.689825,1.0
1161.690373,1.0
1161.879511,1.0
1162.693481,1.0
1162.694299,1.0
1163.845897,1.0
1157.63378,1.0
1157.632568,1.0
1156.632813,1.0
1156.632202,1.0
1147.985229,1.0
1147.985229,1.0
1147.985229,1.0
1147.985229,1.0
1147.985229,1.0
1147.985229,1.0
1148.484692,1.0
1148.484906,1.0
1148.485228,1.0
1148.485229,1.0
1164.790527,1.0
1148.485234,1.0
1149.654311,1.0
1150.673462,1.0
1150.815063,1.0
1150.815063,1.0
1150.886749,1.0
1151.389187,1.0
1155.627686,1.0
1155.633667,1.0
1156.107889,1.0
1156.44233,1.0
1148.486084,1.0
1164.791321,1.0
1169.609906,1.0
1170.61377,1.0
1194.700017,1.0
1198.786989,1.0
1199.658691,1.0
1200.658691,1.0
1200.658691,1.0
1201.43286,1.0
1201.659058,1.0
1201.659058,1.0
1202.661552,1.0
1202.937378,1.0
1191.799072,1.0
1203.439873,1.0
1204.825073,1.0
1205.715794,1.0
1205.716109,1.0
1205.773982,1.0
1205.77552,1.0
1206.719693,1.0
1206.721069,1.0
1211.815239,1.0
1212.763794,1.0
1213.265869,1.0
1203.666088,1.0
1147.984366,1.0
1190.848389,1.0
1185.675572,1.0
1170.832997,1.0
1171.601563,1.0
1171.780151,1.0
1171.780151,1.0
1172.868176,1.0
1177.82256,1.0
1178.766846,1.0
1179.27135,1.0
1179.772158,1.0
1180.952881,1.0
1186.677979,1.0
1180.954489,1.0
1180.95487,1.0
1180.954982,1.0
1180.955129,1.0
1180.955319,1.0
1180.955345,1.0
1181.64624,1.0
1182.649542,1.0
1183.651058,1.0
1183.861046,1.0
1184.810422,1.0
1180.954782,1.0
1213.765766,1.0
1145.778343,1.0
1144.776489,1.0
1115.612785,1.0
1116.012817,1.0
1116.012817,1.0
1116.012817,1.0
1116.012817,1.0
1116.012817,1.0
1116.012936,1.0
1116.014222,1.0
1116.821974,1.0
1117.011596,1.0
1117.013407,1.0
1117.014863,1.0
1117.015488,1.0
1117.015552,1.0
1117.015795,1.0
1117.018066,1.0
1117.663208,1.0
1117.663208,1.0
1117.915231,1.0
1118.417598,1.0
1118.669189,1.0
1115.009571,1.0
1115.008179,1.0
1115.008179,1.0
1115.008179,1.0
1103.795166,1.0
1105.628419,1.0
1106.647263,1.0
1106.926007,1.0
1107.42627,1.0
1109.583922,1.0
1109.834839,1.0
1110.588013,1.0
1110.785034,1.0
1111.283569,1.0
1118.983276,1.0
1111.603146,1.0
1111.784668,1.0
1112.605591,1.0
1112.605591,1.0
1113.609131,1.0
1113.610457,1.0
1114.613403,1.0
1114.613403,1.0
1115.008179,1.0
1115.008179,1.0
1115.008179,1.0
1111.607436,1.0
1122.860718,1.0
1123.812208,1.0
1123.86215,1.0
1137.790242,1.0
1137.791725,1.0
1137.994019,1.0
1137.994019,1.0
1137.994019,1.0
1137.994019,1.0
1137.994644,1.0
1137.994961,1.0
1137.99499,1.0
1138.624878,1.0
1137.615845,1.0
1138.992855,1.0
1138.99599,1.0
1138.996493,1.0
1138.998068,1.0
1139.000366,1.0
1139.624029,1.0
1139.897064,1.0
1140.398982,1.0
1141.648202,1.0
1142.652513,1.0
1143.829468,1.0
1138.994507,1.0
1145.277141,1.0
1137.496243,1.0
1137.495654,1.0
1125.583374,1.0
1126.000366,1.0
1126.000724,1.0
1126.001544,1.0
1126.00157,1.0
1126.002331,1.0
1126.502197,1.0
1126.502197,1.0
1126.586392,1.0
1128.905396,1.0
1137.495852,1.0
1129.407959,1.0
1130.799194,1.0
1131.302124,1.0
1133.446199,1.0
1133.659668,1.0
1135.563965,1.0
1136.839672,1.0
1136.992394,1.0
1136.994263,1.0
1137.494602,1.0
1137.495149,1.0
1129.852051,1.0
769.8987112,1.0
749.882328,1.0
769.3764038,1.0
537.2600708,1.0
537.2834858,1.0
537.3354047,1.0
537.7841797,1.0
538.2762451,1.0
538.2923584,1.0
538.3408203,1.0
538.7766113,1.0
538.7927856,1.0
538.9299927,1.0
538.9304788,1.0
539.2611084,1.0
539.2617622,1.0
539.2628373,1.0
539.2644043,1.0
539.294969,1.0
539.3418579,1.0
539.7975464,1.0
539.9349365,1.0
540.2666016,1.0
540.2681313,1.0
536.7798462,1.0
540.2683315,1.0
536.5911865,1.0
536.2770386,1.0
530.7616577,1.0
530.77771,1.0
531.2587891,1.0
531.2825928,1.0
531.760376,1.0
532.6143799,1.0
532.947998,1.0
532.947998,1.0
533.2836556,1.0
533.2848511,1.0
533.3815918,1.0
533.8026733,1.0
534.2896118,1.0
534.7640381,1.0
534.7962036,1.0
535.2305908,1.0
535.2338867,1.0
535.2502441,1.0
535.7536621,1.0
535.9307861,1.0
536.2367554,1.0
536.2770386,1.0
541.2496338,1.0
541.7514038,1.0
542.253418,1.0
547.7906494,1.0
547.9584122,1.0
547.9599971,1.0
548.2418213,1.0
548.2580566,1.0
548.2942698,1.0
548.3242024,1.0
548.7434082,1.0
548.7597046,1.0
549.2486572,1.0
549.28125,1.0
549.3093262,1.0
549.6435547,1.0
549.9779053,1.0
550.2515869,1.0
550.2753682,1.0
550.605835,1.0
550.7738647,1.0
551.0840454,1.0
551.2636719,1.0
551.264431,1.0
547.6249254,1.0
547.6247168,1.0
547.2894897,1.0
547.2894897,1.0
542.7556152,1.0
542.8042603,1.0
543.2580566,1.0
543.2661743,1.0
543.2676477,1.0
543.298584,1.0
543.3067017,1.0
543.5919488,1.0
543.8081418,1.0
544.2717896,1.0
530.6221924,1.0
544.7749634,1.0
545.2861938,1.0
545.6195068,1.0
545.6195068,1.0
545.7819824,1.0
545.7853394,1.0
546.2858276,1.0
546.2858276,1.0
546.7896118,1.0
546.7896118,1.0
547.2892306,1.0
545.2819824,1.0
530.609436,1.0
530.6061401,1.0
530.2617188,1.0
490.2666016,1.0
490.7672729,1.0
491.2065125,1.0
492.2399292,1.0
492.2510071,1.0
492.2548218,1.0
492.7526855,1.0
502.760025,1.0
503.2654419,1.0
503.2654419,1.0
503.6004944,1.0
504.2958374,1.0
506.5789185,1.0
507.2366333,1.0
508.2475586,1.0
508.5847473,1.0
508.7494812,1.0
512.7815552,1.0
513.2384644,1.0
514.2632446,1.0
514.2632446,1.0
490.2358093,1.0
488.589325,1.0
488.589325,1.0
488.2588196,1.0
479.3699646,1.0
479.7462158,1.0
480.2460327,1.0
480.749176,1.0
481.252594,1.0
481.2602234,1.0
481.2602234,1.0
481.3822937,1.0
482.2601929,1.0
482.2601929,1.0
514.2632446,1.0
483.2642822,1.0
484.9216614,1.0
486.2352295,1.0
486.2505798,1.0
486.5844421,1.0
486.7384338,1.0
486.914917,1.0
486.9993286,1.0
487.2367249,1.0
487.2578735,1.0
487.7594299,1.0
484.9216614,1.0
551.5985107,1.0
514.7678528,1.0
515.2685547,1.0
522.2596436,1.0
522.2596436,1.0
523.2615967,1.0
523.2615967,1.0
523.2695313,1.0
523.2695313,1.0
523.770813,1.0
523.770813,1.0
524.2723999,1.0
524.7741699,1.0
525.2762451,1.0
525.2841797,1.0
525.2841797,1.0
525.2841797,1.0
526.2443848,1.0
526.2890015,1.0
526.2890015,1.0
527.2900391,1.0
527.2902832,1.0
528.2615356,1.0
528.2935181,1.0
522.2596436,1.0
522.2592773,1.0
522.251709,1.0
521.9179688,1.0
515.7706909,1.0
515.9321289,1.0
516.2683716,1.0
516.2683716,1.0
516.279541,1.0
516.350647,1.0
516.7821655,1.0
516.9481812,1.0
516.9481812,1.0
517.2803345,1.0
514.7680664,1.0
517.7867432,1.0
517.9370728,1.0
518.2730713,1.0
519.2359619,1.0
519.7385864,1.0
520.2428589,1.0
520.7903442,1.0
521.2507935,1.0
521.2507935,1.0
521.2540283,1.0
521.2540283,1.0
517.9370728,1.0
479.2435913,1.0
551.5996417,1.0
552.6118164,1.0
577.8248961,1.0
578.288269,1.0
578.3184683,1.0
578.6610222,1.0
578.8191686,1.0
578.994751,1.0
579.2587891,1.0
579.2587891,1.0
579.3292847,1.0
579.7778931,1.0
579.989275,1.0
579.9900693,1.0
580.2636719,1.0
580.3054199,1.0
581.3082918,1.0
581.3088176,1.0
581.8092574,1.0
582.3179932,1.0
582.3683472,1.0
582.8216553,1.0
583.291748,1.0
577.4104614,1.0
583.2919312,1.0
577.3099976,1.0
576.9758911,1.0
571.317688,1.0
572.2871021,1.0
572.3190918,1.0
572.3190918,1.0
572.789978,1.0
572.9243682,1.0
573.284668,1.0
573.2932129,1.0
573.3228149,1.0
574.2890015,1.0
574.2891846,1.0
574.634443,1.0
574.647644,1.0
574.7893677,1.0
574.9727783,1.0
574.982873,1.0
575.2254508,1.0
575.2851563,1.0
575.7857666,1.0
576.40802,1.0
576.6417236,1.0
576.9759521,1.0
583.2919312,1.0
583.2919312,1.0
583.322889,1.0
590.981306,1.0
591.2562866,1.0
591.3154907,1.0
591.3154907,1.0
591.3539322,1.0
591.650153,1.0
591.6511881,1.0
591.8160681,1.0
591.9838257,1.0
592.2666016,1.0
592.2846208,1.0
592.3407087,1.0
592.7879639,1.0
593.2727073,1.0
593.309965,1.0
593.3366928,1.0
593.670516,1.0
594.0050827,1.0
594.2996826,1.0
594.8303223,1.0
595.2931929,1.0
590.9810791,1.0
590.9810791,1.0
590.9810791,1.0
590.980835,1.0
584.3710327,1.0
584.939209,1.0
585.2758179,1.0
585.7807617,1.0
586.2774658,1.0
586.3027344,1.0
586.3226003,1.0
586.3231201,1.0
586.801497,1.0
586.833313,1.0
571.317688,1.0
587.8342182,1.0
589.3082886,1.0
589.3122668,1.0
589.4142456,1.0
589.8111572,1.0
589.8111572,1.0
590.3095703,1.0
590.3131104,1.0
590.8165894,1.0
590.8165894,1.0
590.980835,1.0
588.3002319,1.0
571.317688,1.0
570.772644,1.0
570.7560425,1.0
558.2919312,1.0
558.7930908,1.0
558.793335,1.0
558.793335,1.0
559.2949219,1.0
559.3806152,1.0
559.3806152,1.0
559.7967529,1.0
559.9611206,1.0
559.9611206,1.0
559.9729614,1.0
560.2953225,1.0
560.3070068,1.0
560.3732067,1.0
560.8093262,1.0
561.3109935,1.0
561.8107289,1.0
561.9657446,1.0
561.9663696,1.0
562.3007813,1.0
562.3007813,1.0
558.2919312,1.0
557.8270874,1.0
557.7661743,1.0
557.3062744,1.0
552.7753296,1.0
552.906189,1.0
552.906189,1.0
553.2415161,1.0
553.2739868,1.0
553.274231,1.0
553.2802782,1.0
553.292671,1.0
553.6066203,1.0
553.7733154,1.0
562.6343384,1.0
553.795934,1.0
554.2808838,1.0
554.6411743,1.0
554.9852295,1.0
555.2860291,1.0
555.8130493,1.0
556.2722778,1.0
556.3051147,1.0
556.805603,1.0
557.2157593,1.0
557.2652588,1.0
553.9386029,1.0
552.2763672,1.0
562.9543434,1.0
563.2662964,1.0
567.2848511,1.0
567.2848511,1.0
567.2931519,1.0
567.2931519,1.0
567.7985229,1.0
567.7985229,1.0
567.8897095,1.0
568.2799715,1.0
568.2875977,1.0
568.2993164,1.0
568.2993164,1.0
568.8016968,1.0
569.3078003,1.0
569.3112183,1.0
569.3112183,1.0
569.8039585,1.0
570.2541504,1.0
570.270752,1.0
570.3123169,1.0
570.3123169,1.0
570.315704,1.0
567.0446777,1.0
566.887146,1.0
566.7879639,1.0
566.2864622,1.0
563.7650757,1.0
563.9846191,1.0
564.2654419,1.0
564.2876228,1.0
564.3187256,1.0
564.3561401,1.0
564.6538086,1.0
564.7695313,1.0
564.8190918,1.0
565.2774658,1.0
562.9543499,1.0
565.2818604,1.0
565.2820435,1.0
565.2820435,1.0
565.3192432,1.0
565.7817383,1.0
565.8196411,1.0
565.9427335,1.0
566.28302,1.0
566.28302,1.0
566.28302,1.0
566.28302,1.0
565.2818604,1.0
479.2405396,1.0
479.2329102,1.0
479.2329102,1.0
307.1620789,1.0
308.1625061,1.0
312.2358093,1.0
315.1864014,1.0
318.1632385,1.0
319.1317139,1.0
319.1317139,1.0
319.1317139,1.0
319.1339722,1.0
320.1378479,1.0
320.1389771,1.0
321.1478577,1.0
323.166626,1.0
326.2159729,1.0
327.1966248,1.0
328.2028198,1.0
333.1494446,1.0
334.1531677,1.0
335.1647644,1.0
336.1419678,1.0
338.1598816,1.0
307.1609192,1.0
340.1750793,1.0
306.157196,1.0
304.142395,1.0
276.111084,1.0
277.1233215,1.0
280.95758060000003,1.0
280.9596252,1.0
280.9596252,1.0
283.0659485,1.0
283.1712952,1.0
283.1712952,1.0
284.20224,1.0
289.1603394,1.0
290.1606445,1.0
291.067749,1.0
291.1389771,1.0
291.1626892,1.0
300.2769165,1.0
300.7773132,1.0
301.1212158,1.0
301.1212158,1.0
301.1212158,1.0
303.1402893,1.0
303.1402893,1.0
306.157196,1.0
340.1750793,1.0
340.1774597,1.0
340.6755981,1.0
361.1760864,1.0
362.1880493,1.0
362.1880493,1.0
362.1880493,1.0
362.6912537,1.0
362.6912537,1.0
362.9230957,1.0
363.1616516,1.0
363.1616516,1.0
363.1906433,1.0
363.190918,1.0
364.1631165,1.0
364.1631165,1.0
365.1726074,1.0
371.2253113,1.0
375.1960449,1.0
377.1749878,1.0
378.1524353,1.0
378.1795044,1.0
379.1904602,1.0
382.1871338,1.0
360.6739502,1.0
360.6739502,1.0
360.1721497,1.0
360.1721497,1.0
341.1148682,1.0
341.1148682,1.0
341.178833,1.0
341.178833,1.0
342.2104492,1.0
343.1321106,1.0
345.1504517,1.0
345.1504517,1.0
345.1504517,1.0
346.153717,1.0
275.1064758,1.0
347.1638489,1.0
348.1689758,1.0
348.9481506,1.0
348.9481506,1.0
349.1690674,1.0
349.1809998,1.0
352.1899109,1.0
354.2433167,1.0
358.2038574,1.0
358.2408752,1.0
360.1721497,1.0
347.1638489,1.0
275.1064758,1.0
275.1064758,1.0
275.1064758,1.0
164.027832,1.0
164.9288177,1.0
169.9841309,1.0
173.0754089,1.0
174.0788574,1.0
174.0788574,1.0
176.0621643,1.0
176.0621643,1.0
176.0621643,1.0
187.0926361,1.0
191.0377502,1.0
195.1204834,1.0
212.1399384,1.0
214.0030365,1.0
215.0132751,1.0
215.0132751,1.0
215.0132751,1.0
215.0132751,1.0
215.0132751,1.0
215.0132751,1.0
216.0173798,1.0
162.0163116,1.0
159.0244751,1.0
158.963089,1.0
154.9676056,1.0
105.9515762,1.0
105.9515762,1.0
118.0855179,1.0
121.0861588,1.0
123.0534821,1.0
123.0882111,1.0
123.0959244,1.0
124.9875717,1.0
129.0162506,1.0
130.048111,1.0
216.0173798,1.0
132.0746613,1.0
134.0162048,1.0
135.0003815,1.0
135.0003815,1.0
136.109848,1.0
136.109848,1.0
137.04464719999999,1.0
138.9992065,1.0
140.0657654,1.0
144.0992279,1.0
154.9676056,1.0
132.9847412,1.0
382.1871338,1.0
216.0173798,1.0
217.0172577,1.0
245.1326447,1.0
245.1326447,1.0
246.0919189,1.0
246.1355743,1.0
246.1374207,1.0
247.113205,1.0
247.1405334,1.0
250.1732483,1.0
258.106842,1.0
258.9758301,1.0
258.9768829,1.0
259.1135559,1.0
260.1166077,1.0
261.1272278,1.0
262.1328735,1.0
263.1317444,1.0
264.1369019,1.0
266.1699524,1.0
267.1752014,1.0
272.006073,1.0
275.1064758,1.0
245.0999756,1.0
244.0937195,1.0
243.1166687,1.0
242.0982666,1.0
217.0190277,1.0
217.1023865,1.0
218.1047668,1.0
219.105484,1.0
222.1118164,1.0
223.1513977,1.0
226.9495697,1.0
230.9788361,1.0
231.0792694,1.0
231.1162872,1.0
217.016983,1.0
232.121933,1.0
236.9955139,1.0
236.9955139,1.0
236.9955139,1.0
236.9955139,1.0
236.9955139,1.0
237.999588,1.0
237.999588,1.0
237.999588,1.0
239.1473236,1.0
240.1505432,1.0
236.9955139,1.0
382.1871338,1.0
382.1871338,1.0
382.6894836,1.0
450.2398682,1.0
450.7418213,1.0
451.0044861,1.0
451.0044861,1.0
451.0044861,1.0
451.0044861,1.0
451.0044861,1.0
451.0044861,1.0
451.0044861,1.0
451.2113037,1.0
451.2113037,1.0
451.2437744,1.0
452.0070648,1.0
452.0088196,1.0
452.0088196,1.0
452.0095215,1.0
452.2165527,1.0
452.2165527,1.0
452.2165527,1.0
453.2007141,1.0
453.2187195,1.0
449.7305603,1.0
449.2852478,1.0
449.229187,1.0
448.7280884,1.0
429.7319031,1.0
429.8847198,1.0
430.22229,1.0
430.2614136,1.0
430.910675,1.0
431.1850586,1.0
431.6878967,1.0
432.1938477,1.0
432.2764587,1.0
433.1994019,1.0
453.6998596,1.0
433.1994019,1.0
433.1994019,1.0
434.2061462,1.0
435.2068176,1.0
435.2169189,1.0
435.2171631,1.0
435.721344,1.0
448.2243347,1.0
448.2243347,1.0
448.5368042,1.0
448.7251587,1.0
433.1994019,1.0
429.2304382,1.0
456.26116939999997,1.0
457.2298584,1.0
472.2390747,1.0
472.2541809,1.0
472.7531128,1.0
472.986969,1.0
472.986969,1.0
472.986969,1.0
472.9875793,1.0
472.9875793,1.0
473.2556152,1.0
473.9107666,1.0
475.2138977,1.0
475.714386,1.0
476.2151489,1.0
476.3056335,1.0
477.2250977,1.0
477.2281189,1.0
477.8862915,1.0
478.2284851,1.0
478.2284851,1.0
478.2336426,1.0
478.7336121,1.0
471.9065857,1.0
471.7434082,1.0
471.2419739,1.0
471.2419739,1.0
457.5645752,1.0
457.7350159,1.0
457.8994141,1.0
458.103302,1.0
458.2343445,1.0
458.7332764,1.0
458.8599243,1.0
459.2772217,1.0
462.5549927,1.0
463.2164307,1.0
457.2298584,1.0
463.5503235,1.0
465.1916199,1.0
465.229126,1.0
465.2441101,1.0
465.7468567,1.0
466.2303162,1.0
468.2194214,1.0
468.252533,1.0
470.2384033,1.0
470.2384033,1.0
470.739563,1.0
464.5610962,1.0
595.3262329,1.0
429.2301941,1.0
429.0212708,1.0
391.1898499,1.0
391.1929321,1.0
392.1918945,1.0
393.1705017,1.0
393.2049866,1.0
393.2049866,1.0
393.3182373,1.0
394.2115784,1.0
394.2124939,1.0
394.3229675,1.0
395.2143555,1.0
395.2143555,1.0
396.2166138,1.0
400.1662903,1.0
400.5350952,1.0
400.8692627,1.0
401.2035828,1.0
402.2003479,1.0
402.2309265,1.0
403.1564331,1.0
404.1975708,1.0
391.1525879,1.0
390.1790771,1.0
390.1777802,1.0
389.1741333,1.0
382.6904297,1.0
383.1885223,1.0
383.1898193,1.0
383.6911926,1.0
384.2022705,1.0
384.2022705,1.0
384.2022705,1.0
384.7029419,1.0
384.7059631,1.0
385.1426697,1.0
404.1975708,1.0
385.1435852,1.0
385.2050171,1.0
385.2050171,1.0
385.8605652,1.0
386.146637,1.0
386.1954041,1.0
386.2363892,1.0
387.159668,1.0
388.2510986,1.0
389.1741333,1.0
389.1741333,1.0
385.2050171,1.0
429.1697388,1.0
404.1975708,1.0
404.7011719,1.0
415.5473022,1.0
415.8805542,1.0
416.9336548,1.0
419.0141602,1.0
421.1668701,1.0
421.2025757,1.0
421.2168274,1.0
422.1809692,1.0
422.2024231,1.0
423.0031433,1.0
426.2136841,1.0
426.2136841,1.0
426.2136841,1.0
426.7156372,1.0
426.7164307,1.0
426.7164307,1.0
427.2150879,1.0
427.8810425,1.0
428.2264404,1.0
428.5479126,1.0
428.7303467,1.0
415.2495728,1.0
415.2141418,1.0
414.2084656,1.0
413.7060547,1.0
404.7011719,1.0
405.2010193,1.0
405.2041931,1.0
405.7022705,1.0
405.7036133,1.0
406.2137756,1.0
406.2137756,1.0
406.7186279,1.0
406.7186279,1.0
407.0272827,1.0
404.7011719,1.0
407.0413208,1.0
407.1846313,1.0
407.1886902,1.0
407.2167664,1.0
407.2167664,1.0
408.1885376,1.0
409.1701355,1.0
409.1912231,1.0
413.2039795,1.0
413.2039795,1.0
413.2039795,1.0
407.1846313,1.0
596.298645,1.0
596.7998047,1.0
597.3011475,1.0
705.8096419,1.0
706.3658447,1.0
706.366333,1.0
706.8650513,1.0
707.1644576,1.0
707.3619977,1.0
707.3644409,1.0
707.3679014,1.0
707.8640137,1.0
708.165502,1.0
708.3459603,1.0
708.4840698,1.0
708.4842826,1.0
708.8476787,1.0
708.9747925,1.0
708.9747925,1.0
708.9747925,1.0
708.9747925,1.0
708.9747925,1.0
708.9752808,1.0
708.9752808,1.0
705.3996537,1.0
708.9752808,1.0
705.3627163,1.0
704.3984375,1.0
698.4709473,1.0
698.4758911,1.0
698.9878264,1.0
699.3635319,1.0
699.3673886,1.0
699.3677368,1.0
699.3677368,1.0
699.3677368,1.0
699.4744191,1.0
699.8736572,1.0
699.8738708,1.0
700.3685628,1.0
700.3687005,1.0
702.3969116,1.0
702.3969116,1.0
702.4061279,1.0
702.8578491,1.0
703.3931274,1.0
703.3962131,1.0
703.8631592,1.0
704.3984375,1.0
705.307251,1.0
709.3492432,1.0
709.3945396,1.0
709.4881592,1.0
714.8991089,1.0
715.3406041,1.0
715.3693848,1.0
715.3693848,1.0
715.3693848,1.0
715.4448992,1.0
715.4468972,1.0
715.4478149,1.0
715.8424756,1.0
715.8900227,1.0
716.3730228,1.0
716.3743286,1.0
716.3743286,1.0
716.4488525,1.0
718.3770752,1.0
718.3770752,1.0
718.3997192,1.0
718.8998105,1.0
719.3794301,1.0
719.402771,1.0
719.8735829,1.0
714.4435987,1.0
714.4435425,1.0
714.4435425,1.0
714.3970337,1.0
709.4881592,1.0
709.9778783,1.0
709.9789205,1.0
709.9795532,1.0
709.9795532,1.0
710.3963013,1.0
710.3963225,1.0
710.4016113,1.0
710.8975657,1.0
710.8979037,1.0
698.3656006,1.0
710.9044816,1.0
711.3381348,1.0
711.3566284,1.0
711.857605,1.0
712.34021,1.0
712.34021,1.0
712.3806572,1.0
713.3872503,1.0
713.4402466,1.0
713.4402466,1.0
713.8895952,1.0
711.3381348,1.0
698.362706,1.0
698.3612528,1.0
698.3610927,1.0
685.357666,1.0
685.430542,1.0
685.8494263,1.0
685.8573993,1.0
686.3345033,1.0
686.4324341,1.0
686.8339425,1.0
686.9926147,1.0
686.9926147,1.0
686.9935201,1.0
686.9943,1.0
686.9969471,1.0
686.9974976,1.0
686.9974976,1.0
687.3352051,1.0
687.4982571,1.0
687.4989624,1.0
687.9970645,1.0
687.9971071,1.0
687.9973517,1.0
687.9976969,1.0
685.3573886,1.0
685.3498947,1.0
685.3485718,1.0
685.3212891,1.0
677.8630012,1.0
677.8669434,1.0
678.3650513,1.0
678.3650513,1.0
678.8636475,1.0
678.8636475,1.0
679.3681565,1.0
679.3688929,1.0
679.8695068,1.0
680.39513,1.0
687.9985157,1.0
680.3955688,1.0
680.8945923,1.0
681.3256936,1.0
681.3616943,1.0
681.3938599,1.0
681.3948212,1.0
682.3286832,1.0
683.29426,1.0
683.3777697,1.0
684.3510798,1.0
684.8548662,1.0
680.8945923,1.0
719.9038909,1.0
687.9987373,1.0
688.3477836,1.0
696.3638916,1.0
696.3638916,1.0
696.3861084,1.0
696.8683472,1.0
696.887146,1.0
697.3549805,1.0
697.3549805,1.0
697.3551941,1.0
697.3554077,1.0
697.3583803,1.0
697.3589478,1.0
697.3627881,1.0
697.3871652,1.0
697.46521,1.0
697.4658351,1.0
697.8290551,1.0
697.8693848,1.0
697.8916743,1.0
697.9867368,1.0
697.9877774,1.0
698.3606567,1.0
695.4136353,1.0
694.4087667,1.0
694.4070034,1.0
693.8276405,1.0
688.3837891,1.0
688.3837891,1.0
688.3880005,1.0
688.8857422,1.0
688.8857422,1.0
689.3421631,1.0
689.3845304,1.0
689.8444824,1.0
690.3677609,1.0
690.8701609,1.0
688.0005493,1.0
690.9615305,1.0
691.3505054,1.0
691.3746948,1.0
691.4586426,1.0
691.8751936,1.0
692.3847885,1.0
692.4024715,1.0
692.4880876,1.0
692.8851452,1.0
693.3241577,1.0
693.3287495,1.0
690.9668088,1.0
719.9669189,1.0
719.9674864,1.0
719.9677756,1.0
746.9345277,1.0
747.4212834,1.0
747.4256023,1.0
747.9347534,1.0
748.4240112,1.0
748.4245313,1.0
749.3902052,1.0
1994.613748,1.0
750.390625,1.0
750.8947435,1.0
751.3892755,1.0
751.3912964,1.0
751.3919678,1.0
751.8899214,1.0
752.3734741,1.0
752.5111694,1.0
752.5111694,1.0
752.8740845,1.0
752.9394767,1.0
753.3754883,1.0
754.4221838,1.0
746.4232178,1.0
746.4232178,1.0
745.9085628,1.0
745.9084243,1.0
742.3905029,1.0
742.5018583,1.0
742.5042114,1.0
742.8928223,1.0
743.3896694,1.0
743.3902588,1.0
743.3913605,1.0
743.9023438,1.0
743.9023438,1.0
744.3912354,1.0
754.4265747,1.0
744.3912354,1.0
744.4014282,1.0
744.402316,1.0
744.9037476,1.0
744.9044189,1.0
745.3973999,1.0
745.4068604,1.0
745.4163818,1.0
745.4163818,1.0
745.4163818,1.0
745.5303345,1.0
744.3913685,1.0
742.3905029,1.0
754.932251,1.0
755.3623047,1.0
763.8994094,1.0
763.9301565,1.0
763.9315796,1.0
764.432251,1.0
765.3452148,1.0
765.4129639,1.0
765.9137573,1.0
765.9137573,1.0
765.9137573,1.0
766.3501032,1.0
766.4165503,1.0
766.4177246,1.0
766.918457,1.0
766.918457,1.0
767.3284912,1.0
767.3519287,1.0
767.4193726,1.0
767.4194624,1.0
767.9204712,1.0
768.4464111,1.0
768.9478149,1.0
763.858915,1.0
763.8588257,1.0
763.4310333,1.0
763.4029541,1.0
755.3814087,1.0
755.4299316,1.0
755.9315908,1.0
756.366272,1.0
756.366272,1.0
756.87323,1.0
756.87323,1.0
757.4665527,1.0
757.4665527,1.0
758.4235751,1.0
755.3623047,1.0
758.4719238,1.0
759.392395,1.0
759.3947071,1.0
759.4725342,1.0
759.4737996,1.0
760.3983154,1.0
760.3983154,1.0
762.4039917,1.0
762.4039917,1.0
762.4239502,1.0
762.927124,1.0
758.4719238,1.0
677.4686279,1.0
742.3905029,1.0
742.3905029,1.0
727.1136475,1.0
727.1136475,1.0
727.1136475,1.0
727.1136475,1.0
727.1136475,1.0
727.1136475,1.0
727.1136475,1.0
727.1136475,1.0
727.1136475,1.0
727.1136475,1.0
727.1136475,1.0
727.1136475,1.0
727.1136475,1.0
727.1136475,1.0
727.1136475,1.0
727.3203789,1.0
728.3761597,1.0
728.8795793,1.0
729.3748541,1.0
729.3769466,1.0
729.3807983,1.0
727.1136475,1.0
727.1136475,1.0
727.1136475,1.0
727.1136475,1.0
719.968059,1.0
719.9681017,1.0
719.9681145,1.0
720.3881918,1.0
721.3889194,1.0
721.3909912,1.0
721.8867188,1.0
721.889417,1.0
721.8899578,1.0
722.3908081,1.0
729.8780597,1.0
722.3910828,1.0
722.8956909,1.0
723.3919067,1.0
723.3926013,1.0
723.8962449,1.0
724.4206543,1.0
724.9208374,1.0
725.3499948,1.0
725.4225464,1.0
725.9230957,1.0
726.354187,1.0
722.8956909,1.0
742.3905029,1.0
730.3585888,1.0
730.8626571,1.0
737.3525391,1.0
737.3528442,1.0
738.4348755,1.0
738.9358521,1.0
739.4407961,1.0
740.3924561,1.0
740.3924561,1.0
740.411377,1.0
740.9130249,1.0
741.3849732,1.0
741.3864136,1.0
741.3864136,1.0
741.3864136,1.0
741.3864136,1.0
741.3864136,1.0
741.4147949,1.0
741.500061,1.0
741.500061,1.0
741.8876609,1.0
741.9168091,1.0
741.9481041,1.0
736.8529574,1.0
736.5176392,1.0
736.4084473,1.0
735.9042969,1.0
730.8655396,1.0
730.9574742,1.0
730.9595947,1.0
730.9595947,1.0
730.9595947,1.0
730.9595947,1.0
730.9595947,1.0
730.9595947,1.0
730.9595947,1.0
730.9595947,1.0
730.8091431,1.0
731.3639526,1.0
731.9609985,1.0
731.9609985,1.0
732.4082642,1.0
732.4082642,1.0
732.4159373,1.0
732.9112968,1.0
732.916626,1.0
733.3686523,1.0
733.4197998,1.0
735.9020703,1.0
731.4015503,1.0
769.4482597,1.0
677.3599854,1.0
676.9023438,1.0
623.30511,1.0
623.3450317,1.0
623.3557677,1.0
623.803404,1.0
623.9542734,1.0
623.9543085,1.0
623.9543274,1.0
623.9545888,1.0
624.288208,1.0
624.288208,1.0
624.305542,1.0
624.3307344,1.0
624.8309937,1.0
625.3002319,1.0
625.335022,1.0
625.3875122,1.0
625.387796,1.0
625.8358765,1.0
626.3445435,1.0
626.3928223,1.0
626.3928223,1.0
623.2845459,1.0
626.84552,1.0
623.2845459,1.0
623.0206533,1.0
616.3453369,1.0
616.3453369,1.0
617.1744385,1.0
617.3126831,1.0
618.8171387,1.0
619.3103638,1.0
619.3167006,1.0
619.812439,1.0
619.8163452,1.0
620.4312744,1.0
620.6676658,1.0
620.8952026,1.0
620.8952026,1.0
620.8952026,1.0
622.3135039,1.0
622.3432617,1.0
622.3519287,1.0
622.3519287,1.0
622.6871882,1.0
622.8465576,1.0
622.9767456,1.0
623.2845459,1.0
627.2849121,1.0
627.3157959,1.0
627.3157959,1.0
634.8380127,1.0
634.8380127,1.0
634.8730469,1.0
634.9437657,1.0
635.2849731,1.0
635.3413086,1.0
635.3413086,1.0
635.8424868,1.0
635.8741324,1.0
636.293457,1.0
636.3665325,1.0
636.3668214,1.0
636.3673706,1.0
636.7935791,1.0
636.8675537,1.0
636.8675537,1.0
637.0130005,1.0
637.3014342,1.0
637.3378296,1.0
637.3681641,1.0
637.3681641,1.0
634.338623,1.0
633.8394775,1.0
633.4407349,1.0
633.3354492,1.0
627.3157959,1.0
627.3157959,1.0
627.3157959,1.0
627.3942261,1.0
627.3959172,1.0
627.789917,1.0
628.3179321,1.0
628.3192803,1.0
629.3034058,1.0
629.8044434,1.0
616.3453369,1.0
630.3070679,1.0
630.350769,1.0
630.350769,1.0
630.8485107,1.0
630.8485107,1.0
630.8562619,1.0
631.3502197,1.0
631.8222046,1.0
631.8574829,1.0
632.3709238,1.0
633.3322899,1.0
630.324646,1.0
616.1726685,1.0
615.3441772,1.0
615.3441772,1.0
604.3339844,1.0
604.3510742,1.0
604.4365845,1.0
604.8335571,1.0
605.3346558,1.0
605.9936754,1.0
606.3276367,1.0
606.9187012,1.0
606.9187012,1.0
607.2871704,1.0
607.2871704,1.0
607.7929077,1.0
607.9215088,1.0
608.0111694,1.0
608.2902832,1.0
608.3113403,1.0
608.31604,1.0
608.3331909,1.0
608.3347749,1.0
608.3800049,1.0
608.6799927,1.0
603.9851667,1.0
603.8040161,1.0
603.4060059,1.0
603.4060059,1.0
597.3012085,1.0
597.3047485,1.0
598.3096263,1.0
599.5471802,1.0
599.8398394,1.0
600.300415,1.0
600.3308716,1.0
600.5478586,1.0
600.8337402,1.0
601.2894897,1.0
608.8136597,1.0
601.3326905,1.0
601.9718062,1.0
601.9719238,1.0
601.9719238,1.0
601.9719238,1.0
601.9725435,1.0
601.9727418,1.0
602.3179321,1.0
602.8207577,1.0
603.3207,1.0
603.3220131,1.0
601.7903484,1.0
637.697876,1.0
608.8376309,1.0
609.3028564,1.0
612.9636665,1.0
612.9638782,1.0
612.9641958,1.0
612.9642675,1.0
612.9653931,1.0
612.9653931,1.0
612.9653931,1.0
613.3166253,1.0
613.3356934,1.0
613.3356934,1.0
613.3356934,1.0
613.8288259,1.0
614.2799879,1.0
614.2983784,1.0
614.343811,1.0
614.343811,1.0
614.343811,1.0
614.7835083,1.0
614.8561401,1.0
615.0336304,1.0
615.3441772,1.0
612.9636493,1.0
612.8276367,1.0
612.8276367,1.0
612.3283691,1.0
609.3028564,1.0
609.3051758,1.0
609.3059877,1.0
609.3062459,1.0
609.3153687,1.0
609.3457642,1.0
609.4144897,1.0
609.8094482,1.0
609.8468099,1.0
610.3076782,1.0
608.8431855,1.0
610.3076782,1.0
610.3076782,1.0
611.3132935,1.0
611.3132935,1.0
611.3132935,1.0
611.3218994,1.0
611.3218994,1.0
611.8207397,1.0
612.3145016,1.0
612.3148193,1.0
612.3283691,1.0
610.3076782,1.0
639.3519925,1.0
640.3264771,1.0
640.828186,1.0
666.3713379,1.0
666.377086,1.0
666.3777615,1.0
666.8725519,1.0
666.8742065,1.0
666.8763583,1.0
666.8779907,1.0
667.0178833,1.0
667.0178833,1.0
667.0178833,1.0
667.0178833,1.0
667.0178833,1.0
667.0178833,1.0
667.0178833,1.0
667.3123445,1.0
667.3143311,1.0
667.3143311,1.0
667.3322754,1.0
667.3715804,1.0
667.8303223,1.0
667.9163818,1.0
666.3713379,1.0
666.0161133,1.0
666.0161133,1.0
666.0161133,1.0
659.3693237,1.0
659.3693237,1.0
660.3701172,1.0
660.3709603,1.0
661.335692,1.0
661.375061,1.0
662.3375244,1.0
662.3396245,1.0
662.8209229,1.0
662.8388672,1.0
668.3131545,1.0
663.3352051,1.0
665.0115356,1.0
665.0115356,1.0
665.0115356,1.0
665.0144968,1.0
665.0157415,1.0
665.3251953,1.0
666.0143106,1.0
666.0151332,1.0
666.0159002,1.0
666.0160473,1.0
665.0115356,1.0
659.3693237,1.0
668.3150338,1.0
668.3568726,1.0
672.4251431,1.0
673.3291016,1.0
673.34198,1.0
673.8312883,1.0
674.3530391,1.0
674.3530884,1.0
674.3748216,1.0
674.8551025,1.0
674.8753384,1.0
674.8822021,1.0
674.9041138,1.0
674.9063392,1.0
675.3521118,1.0
675.3755158,1.0
675.3762905,1.0
675.8554946,1.0
675.9091553,1.0
676.0029907,1.0
676.0029907,1.0
676.0029907,1.0
676.0029907,1.0
672.4227678,1.0
672.3947754,1.0
672.3458252,1.0
672.3458252,1.0
668.4197998,1.0
668.8580035,1.0
668.9858034,1.0
669.3282471,1.0
669.3607545,1.0
669.414297,1.0
669.4166194,1.0
669.8630371,1.0
670.3723755,1.0
670.4174194,1.0
668.3314736,1.0
670.4174194,1.0
671.3132935,1.0
671.3432548,1.0
671.3452148,1.0
671.3452148,1.0
671.3452148,1.0
671.3452148,1.0
671.4211426,1.0
671.4211426,1.0
671.8155195,1.0
672.1113892,1.0
670.871582,1.0
677.3599854,1.0
658.8820801,1.0
658.8068237,1.0
645.0345459,1.0
645.034668,1.0
645.2679443,1.0
645.3171997,1.0
645.3581774,1.0
645.8208618,1.0
645.935791,1.0
646.3190844,1.0
646.3424683,1.0
646.4382417,1.0
646.8454652,1.0
647.0018919,1.0
647.3495207,1.0
647.8501587,1.0
647.8996766,1.0
648.3599243,1.0
651.3158985,1.0
651.8181763,1.0
652.3421021,1.0
652.3421021,1.0
652.3598633,1.0
645.0345459,1.0
644.8666992,1.0
644.8666119,1.0
644.8579102,1.0
640.9125341,1.0
641.8322144,1.0
642.3083138,1.0
642.8106079,1.0
643.0310669,1.0
643.0310669,1.0
643.0310669,1.0
643.0310669,1.0
643.0310669,1.0
643.0310669,1.0
652.4080811,1.0
643.0310669,1.0
644.0334818,1.0
644.0347863,1.0
644.0348489,1.0
644.0350399,1.0
644.0354202,1.0
644.0368042,1.0
644.3265064,1.0
644.3563632,1.0
644.3634033,1.0
644.3634033,1.0
644.0330461,1.0
658.8817668,1.0
652.8396606,1.0
652.8634651,1.0
655.8484253,1.0
655.8503418,1.0
656.340332,1.0
656.3403749,1.0
656.3405762,1.0
656.3543091,1.0
656.3543091,1.0
656.8533936,1.0
656.8533936,1.0
656.9246826,1.0
657.343689,1.0
657.3615112,1.0
657.3615112,1.0
657.3617554,1.0
657.4723511,1.0
657.8549814,1.0
658.3070679,1.0
658.3695068,1.0
658.3695068,1.0
658.3695068,1.0
658.378418,1.0
655.4547119,1.0
655.3479919,1.0
655.3479004,1.0
655.3389893,1.0
652.8700562,1.0
652.9234009,1.0
653.3284302,1.0
653.3303872,1.0
653.3322144,1.0
653.3322144,1.0
653.3322144,1.0
653.343665,1.0
653.368103,1.0
653.439209,1.0
652.8396606,1.0
653.8352661,1.0
654.333313,1.0
654.333313,1.0
654.333313,1.0
654.3334351,1.0
654.3335571,1.0
654.4439087,1.0
655.3389893,1.0
655.3389893,1.0
655.3389893,1.0
655.3389893,1.0
653.8746338,1.0
2062.60074,1.0
