"","A549_ACE2-COV2-1","A549_ACE2-COV2-2","A549_ACE2-COV2-3","MEF_B1-Cov2-1","MEF_B1-Cov2-2","MEF_B1-Cov2-3"
"Label","A549_ACE2COV","A549_ACE2COV","A549_ACE2COV","MEF_B1COV","MEF_B1COV","MEF_B1COV"
"103.9535141"," 0.4802554"," 1.2709567","-0.6584188"," 0.8794683","-1.0188129","-0.9534487"
"103.9535141.1","-0.7489429","-0.1699290","-1.5310075"," 0.8892952"," 0.9500969"," 0.6104872"
"105.9522705","-0.48686186","-1.12726186","-0.72861835"," 1.13509984"," 1.29073814","-0.08309591"
"105.9522705.1"," 1.12186804"," 0.81488650","-1.10592501"," 0.51518134","-0.08861793","-1.25739294"
"105.9522705.2","-1.2515720"," 0.5417256","-1.3204806"," 0.5909058"," 0.6445602"," 0.7948612"
"107.9664536"," 0.33982200"," 0.47179995"," 0.62600554","-1.97839023","-0.05350349"," 0.59426623"
"111.1144943","-0.4395931","-0.3497952","-1.6374013"," 0.8115269"," 0.6658467"," 0.9494159"
"116.0703964"," 0.1228877","-2.0094431"," 0.3056012"," 0.6430459"," 0.4812238"," 0.4566846"
"119.0834351","-0.0387875","-1.5337303","-0.3715788"," 1.2492241","-0.2467486"," 0.9416211"
"123.097496"," 0.6211034"," 0.8180474"," 0.8891161","-1.4601475","-1.0022388"," 0.1341194"
"124.9997177","-0.6878899","-0.2438647"," 0.0922907"," 1.3071365"," 0.9152623","-1.3829349"
"130.157196.1","-1.15292003","-1.31712735"," 0.08925243"," 0.89776356"," 0.63588778"," 0.84714361"
"132.1003571","-0.9129033","-0.9886481","-0.8217943"," 1.0140566"," 0.9657552"," 0.7435340"
"135.9212341","-1.3986029"," 0.3817903"," 0.3980885"," 1.1600193"," 0.5191393","-1.0604345"
"138.905426"," 0.6402905","-0.5658031","-1.0938113"," 1.6072830"," 0.1043074","-0.6922666"
"158.960907"," 0.3335588","-1.4140105","-0.9631722"," 0.3047157"," 0.4470447"," 1.2918635"
"158.960907.1","-0.004001946","-1.189052892","-1.137603095"," 0.227618057"," 0.931523973"," 1.171515903"
"162.1469421"," 0.9521055"," 1.0032698"," 0.7614646","-0.8513892","-0.7872954","-1.0781553"
"165.0516663","-0.6514133","-1.3343676","-0.6602031"," 0.9451406"," 0.9492418"," 0.7516017"
"169.9850006"," 0.8690981"," 1.0545455"," 0.7211790","-0.7165396","-0.6177771","-1.3105059"
"176.0645599","-0.6504815","-0.5040562","-1.4010424"," 1.0034417"," 1.0484838"," 0.5036546"
"179.0443268","-1.0921185","-0.3332232"," 0.1040432"," 1.5554092"," 0.6699366","-0.9040473"
"184.0959167"," 0.9002439"," 0.9144215"," 0.6994585","-0.3138818","-0.6847311","-1.5155110"
"184.0959167.1"," 0.4511241"," 0.6957123"," 0.8045474","-1.2107261","-1.3514074"," 0.6107497"
"185.0741577","-0.4309051","-0.7254047"," 0.5479634"," 1.0845145"," 0.9234462","-1.3996143"
"187.1047058","-0.78446308","-0.72919306","-0.83252356","-0.08871054"," 1.52370062"," 0.91118963"
"187.2234802","-0.8391525","-0.8761878","-0.9798695"," 0.6924964"," 0.7976510"," 1.2050624"
"196.8620605","-1.45666041","-0.87037108","-0.05409713"," 0.78010661"," 1.13775429"," 0.46326773"
"201.1053314","-1.1684494","-0.7325742","-0.7181611"," 1.3062959"," 0.7402843"," 0.5726045"
"203.2167816"," 0.7679082"," 0.7281293"," 1.0257503","-1.5245441","-0.4416173","-0.5556263"
"205.0655823"," 0.8918927"," 0.6108208"," 0.9652569","-0.2615111","-0.6576485","-1.5488108"
"206.0678406"," 0.8325592"," 0.6697629"," 0.9872555","-0.3625220","-0.5685611","-1.5584946"
"206.0528717","-0.9965368","-0.3705886","-0.7475671"," 1.3223847"," 1.1861364","-0.3938287"
"206.8924255","-0.40167319"," 0.42118949","-1.70663217"," 0.33039038"," 0.07871498"," 1.27801050"
"208.8881836"," 0.4881273","-0.6640787","-1.5570584"," 0.9934648","-0.1940822"," 0.9336273"
"212.2336884","-1.7668076"," 1.2496930"," 0.2947033","-0.0346049","-0.1842075"," 0.4412236"
"215.1518555"," 0.9215735"," 0.8908103"," 0.4642271","-1.1739273"," 0.2087870","-1.3114706"
"217.1002502","-0.5359549","-1.4089072","-0.4509387"," 0.4498067"," 1.4359303"," 0.5100638"
"217.1002502.1","-0.6999571","-1.6270926"," 1.1564839"," 0.5462833"," 0.1858779"," 0.4384047"
"218.2080994","-0.25345912"," 0.42797429","-0.05181437"," 1.73738390","-0.90310395","-0.95698076"
"218.2085266","-1.1193040","-0.8663660","-0.5853079"," 1.1701951"," 0.3108208"," 1.0899620"
"220.2162933"," 1.1444555"," 0.3535281"," 0.9372111","-0.1335323","-1.0502844","-1.2513779"
"223.1522827","-0.1918012","-0.6296654","-1.6107817"," 0.8214415"," 0.8048945"," 0.8059124"
"226.9509583","-0.2726703","-1.1124151","-1.1946174"," 0.7659129"," 0.7853769"," 1.0284130"
"226.9509583.1","-1.3682515","-0.6643696","-0.6005583"," 0.9371536"," 0.7797420"," 0.9162838"
"230.2479095","-0.4402608","-1.5701400","-0.4178419"," 0.8857076"," 0.4613855"," 1.0811496"
"231.1670685","-1.0486666","-0.6469276","-1.0043878"," 0.9770001"," 0.9921164"," 0.7308654"
"233.1489258","-0.9318916"," 0.2797084","-0.2549081"," 1.6781540"," 0.2758661","-1.0469289"
"239.1452484"," 0.7202300"," 1.0239046"," 0.9757382","-0.8860104","-1.0014398","-0.8324226"
"242.0962067"," 0.3133556","-1.4929284","-0.9269067"," 0.6604662"," 0.3154994"," 1.1305138"
"242.9248505"," 0.8944146"," 0.8555621"," 0.4457202","-1.7491572"," 0.0113787","-0.4579184"
"243.9395447","-0.8773336","-1.1339490","-0.6710520"," 0.9853896"," 0.6443513"," 1.0525937"
"245.09729"," 0.5787733"," 0.6591861"," 1.2960580","-0.3232490","-1.0700975","-1.1406709"
"245.1850433","-1.7152944","-0.4233968","-0.2076340"," 0.7883055"," 0.7678257"," 0.7901941"
"245.266098"," 0.2104565"," 0.5478755"," 1.5186728","-0.9091277","-1.2257486","-0.1421285"
"247.154892","-0.9573420","-0.8525401","-0.8409023"," 0.7474956"," 1.3255101"," 0.5777787"
"247.1876984","-1.4793650","-0.3858139","-0.6927137"," 0.8218293"," 0.8824035"," 0.8536598"
"253.1615448"," 0.97441486"," 0.21570946","-0.54691001"," 1.05028081","-1.61088823","-0.08260688"
"254.2472992","-0.1515385","-1.5686625","-0.6404791"," 0.9778689"," 0.3801104"," 1.0027009"
"258.1096802"," 0.5779986","-1.3639385"," 1.1143723","-0.8737887","-0.2980891"," 0.8434453"
"258.1048279"," 0.4809972","-0.9792764"," 1.5622477"," 0.3996788","-0.9946609","-0.4689864"
"258.8149109","-0.2244720","-1.5755791","-0.4465001"," 0.7366798"," 1.2958828"," 0.2139886"
"259.1115417","-1.0878332","-0.9076476","-0.6707702"," 1.0593283"," 1.0580054"," 0.5489174"
"259.2787781","-1.41902740","-0.01710748"," 0.36499868","-0.92227682"," 0.90895035"," 1.08446267"
"260.1145935","-1.1213881","-1.0458007","-0.4487807"," 1.0194713"," 1.0567648"," 0.5397334"
"261.1308289","-1.5771930","-0.8589015"," 0.9543462"," 0.7647318"," 0.4636338"," 0.2533827"
"262.2335205","-1.20585196"," 0.01725066"," 1.61482937","-0.75481503","-0.23207702"," 0.56066398"
"263.2361755"," 1.0667081"," 0.5462157"," 0.6023953","-0.0511775","-0.4276516","-1.7364899"
"267.167511"," 0.5718951"," 0.8136013"," 1.2795595","-0.8785946","-0.9483026","-0.8381587"
"267.178894","-2.0133926"," 0.6165083"," 0.1329930"," 0.4564997"," 0.3195893"," 0.4878023"
"268.2080078","-0.1605153","-0.5594689","-1.0379757","-0.7174859"," 1.2883877"," 1.1870581"
"272.2565308"," 0.02712151"," 0.39449939","-1.78014029"," 0.07692972"," 1.29178677","-0.01019709"
"273.1869507"," 0.6455856"," 0.2940580","-0.5420662"," 1.4669564","-1.3276839","-0.5368499"
"274.2736206"," 0.36005119"," 0.28428981","-1.96476539"," 0.88067549"," 0.05111347"," 0.38863542"
"274.2744751","-1.0669173","-0.7840900","-0.7720402"," 1.2124097"," 0.4003948"," 1.0102430"
"275.1440125","-0.4181628","-1.4548670","-0.6421688"," 1.0957350"," 0.9195501"," 0.4999136"
"275.3921509","-0.1542592"," 0.5128024"," 0.1560301"," 0.1243227","-1.8143297"," 1.1754335"
"276.2767334","-1.0904296","-0.7428481","-0.6559302"," 0.5092072"," 0.4380029"," 1.5419978"
"276.2767334.1","-0.2139273","-0.4906886","-1.5709428"," 1.1954019"," 0.1985792"," 0.8815776"
"281.2637939","-0.48239603"," 1.94021189","-0.65749396","-0.03075676","-0.01497698","-0.75458815"
"284.3293152","-1.3068823","-0.3593850","-0.3476228"," 1.1233315"," 1.2770361","-0.3864775"
"285.2087097"," 1.3697505"," 0.9624610","-1.3422562","-0.1936439","-0.2545475","-0.5417639"
"287.1443481"," 0.7070703","-1.9848155"," 0.4831046"," 0.5433686"," 0.1123917"," 0.1388803"
"289.1988525"," 0.0764863","-0.6552137","-0.2638996"," 0.5661458"," 1.5763748","-1.2998936"
"290.2762756","-0.7231878","-0.5048716","-1.2884070"," 1.3519861"," 0.4145533"," 0.7499271"
"297.1903687","-0.5969459"," 0.4429854","-1.7107433"," 1.1123569"," 0.3615766"," 0.3907703"
"297.2573242","-0.8281365","-0.6433466","-1.1888536"," 0.9586709"," 0.6058442"," 1.0958216"
"301.2038269","-0.01517973","-0.32746098","-0.68359777"," 1.43964772","-1.27140970"," 0.85800046"
"302.3033752","-1.2204021","-0.6388233","-0.2578207"," 0.2979465"," 1.7135144"," 0.1055853"
"303.3079834","-1.42817052","-0.58176815","-0.25725479"," 1.29318355"," 0.03477526"," 0.93923465"
"304.3071289"," 1.47144675"," 0.24742029"," 0.23475976","-0.44055305","-1.58711873"," 0.07404499"
"305.1692505","-1.3201102"," 0.7006456"," 1.3656392"," 0.4364389","-0.6676883","-0.5149252"
"306.1603394","-1.1720579"," 0.9709230"," 1.3133836"," 0.0853331","-0.2565706","-0.9410112"
"308.0874023","-1.17853607","-0.03105774","-0.07789406"," 1.62616310"," 0.50232590","-0.84100114"
"312.7811584","-1.6792891","-0.2295138","-0.3143536"," 0.7440007"," 1.1760439"," 0.3031119"
"314.7771912"," 0.1057064","-0.9748807","-1.4500840"," 0.7278745"," 1.0599244"," 0.5314593"
"315.0969849","-0.7874279","-0.7684400","-1.1390918"," 0.7402828"," 0.8478625"," 1.1068143"
"316.7733765","-1.0115548"," 0.3742184","-1.2075121"," 1.3206895","-0.2364384"," 0.7605973"
"318.4022522","-1.3301680"," 1.7001966","-0.2060144","-0.2905207"," 0.3835177","-0.2570111"
"319.1722412"," 0.021788165","-1.898085394"," 0.292510665"," 0.974551134"," 0.601182047"," 0.008053383"
"319.303894","-0.03871056"," 0.93107998"," 0.98859444","-0.61654611","-1.62588069"," 0.36146294"
"320.3052063","-1.676619701"," 0.005788792","-0.259079250"," 1.122823916"," 0.920922655","-0.113836412"
"330.0697937","-0.95800719","-0.54658508","-0.86307045"," 1.51265231"," 0.86621807","-0.01120767"
"330.3352051"," 0.8340271"," 0.3060637","-1.7923044"," 0.6593690","-0.5344147"," 0.5272592"
"331.0751953","-0.91021433","-0.46600123","-0.99002364"," 1.45835850"," 0.92045547","-0.01257477"
"332.3293152"," 0.1925405","-0.6851984","-1.3319585"," 1.5515793","-0.2340518"," 0.5070889"
"332.3293152.1"," 0.7052687","-0.8794031","-1.6149567"," 0.7822260"," 0.4688284"," 0.5380367"
"333.1845398","-1.4500264","-0.3815307","-0.6520173"," 1.2338469"," 0.7331310"," 0.5165965"
"333.3318176"," 0.1869014","-0.6269512","-1.3806327"," 1.5417005","-0.2141313"," 0.4931134"
"334.3358154","-1.84717435"," 0.10598008","-0.08170963"," 1.16226868"," 0.30851444"," 0.35212078"
"335.1693726"," 0.55368116"," 0.67918607"," 1.18748459","-0.07393238","-1.35169743","-0.99472201"
"340.2810974","-0.6445889","-1.0029045","-0.8697491"," 1.4860533"," 0.3128704"," 0.7183187"
"340.3837585","-0.7627055","-0.3792740","-0.3121576"," 1.6919797"," 0.6829232","-0.9207658"
"341.2839661","-1.0709231","-0.7877837","-0.7039530"," 1.1715020"," 0.2501049"," 1.1410528"
"342.285675","-1.7190643"," 0.6739486"," 1.0330741"," 0.5712405","-0.1369430","-0.4222559"
"343.2901611"," 0.9030740"," 0.9142171"," 0.7992898","-1.4044568","-0.5694641","-0.6426600"
"345.2273254"," 1.05668216"," 0.93419533"," 0.20420557"," 0.03379773","-0.62255373","-1.60632704"
"346.0471497","-0.5287072"," 0.7910640"," 0.6188719"," 1.2218062","-1.1127381","-0.9902968"
"347.0506592","-1.6768669","-0.3374421","-0.3332767"," 0.5986082"," 0.6803445"," 1.0686330"
"347.2075195","-0.1379272","-0.7492010","-1.5342777"," 1.0729096"," 0.7257743"," 0.6227219"
"349.29599","-0.1822106"," 1.0385370"," 1.4115812","-0.4157905","-0.8642997","-0.9878173"
"352.0522156","-1.0825092","-0.5736974","-0.9243232"," 1.3087563"," 0.8840047"," 0.3877687"
"356.3511047"," 1.06993938","-1.75060461"," 0.82314771","-0.25557859","-0.08719701"," 0.20029311"
"358.237793","-0.4591734"," 0.3363032"," 0.3261716"," 1.2574232","-1.7105921"," 0.2498674"
"360.361969","-0.29192910","-0.45323224","-1.37582217"," 1.52320081","-0.09964255"," 0.69742523"
"362.3254395","-0.2503659"," 0.4086433","-1.6835768"," 0.9155962","-0.3703194"," 0.9800225"
"362.3254395.1","-0.8053717","-1.3001012","-0.4949492"," 1.1384462"," 0.5706882"," 0.8912878"
"363.3257446","-1.54834440"," 0.06700554"," 0.02216385"," 1.56898665"," 0.19994732","-0.30975895"
"364.3326111","-0.7427132","-1.6634895"," 0.4963531"," 0.9916116"," 0.5814693"," 0.3367688"
"367.1393433","-1.0833398","-0.2126256"," 0.3423271"," 1.2119458"," 0.9105105","-1.1688180"
"368.0276489","-1.2504153"," 0.1187884","-0.7901422"," 0.7297711"," 1.4777674","-0.2857694"
"368.1410828","-1.1011490","-0.2352070"," 0.3539641"," 1.2118461"," 0.9128824","-1.1423365"
"371.2758179"," 0.5639263"," 1.3231553"," 0.7236642","-1.1700092","-0.7006851","-0.7400515"
"372.2749939","-0.89509462"," 0.67976753","-0.15066514"," 1.50912428"," 0.05420959","-1.19734163"
"374.0366821","-0.9352151","-0.7228119","-0.9788313"," 1.2235347"," 0.9796325"," 0.4336911"
"374.3596191","-0.11047949","-0.39187819","-1.61860448"," 1.28555534"," 0.09155889"," 0.74384793"
"374.3596191.1","-0.7752771","-0.3741582","-0.7758007"," 1.3753430","-0.6234757"," 1.1733687"
"377.2316589"," 0.4886218","-0.2740636","-1.7551282"," 0.1718570"," 0.1189186"," 1.2497945"
"382.7637329","-1.09248956","-0.09834557","-0.92321800"," 0.40708201"," 1.66646535"," 0.04050577"
"383.1092224"," 0.5104168","-0.1065110","-0.2368790"," 0.8459648"," 0.8056181","-1.8186097"
"384.3082275","-1.71001017"," 0.88125505"," 0.96708534"," 0.31941309","-0.50923883"," 0.05149551"
"384.3082275.1","-1.1005415","-0.7417040","-0.6755530"," 1.0207778"," 0.1918286"," 1.3051921"
"384.7053833"," 0.4336134"," 0.9849275"," 1.0497285","-0.4041687","-0.5596317","-1.5044691"
"385.3110962","-0.2762083"," 1.7473110","-1.0617953"," 0.1012422"," 0.2936440","-0.8041936"
"391.2113342","-1.86656537","-0.08441080","-0.03837784"," 0.97565767"," 0.65113544"," 0.36256089"
"394.2109985","-0.05618378"," 1.29353153"," 0.84067068","-0.09053269","-0.43087236","-1.55661338"
"398.8371582"," 0.15588098"," 0.06189169","-1.96576515"," 0.47627733"," 0.82581562"," 0.44589953"
"405.2596436","-1.0048706","-0.8216244","-0.1895801"," 1.7038055"," 0.5608066","-0.2485371"
"406.3508301"," 1.75953234","-0.23549930","-0.27735931","-1.31714496"," 0.16620109","-0.09572987"
"406.3508301.1","-1.0796289","-0.9111920","-0.6644619"," 0.5486405"," 0.9073017"," 1.1993406"
"406.7172241"," 0.5301729"," 1.0271292"," 1.0806890","-0.5485053","-0.9666404","-1.1228455"
"407.3539734","-1.97002601"," 0.30687571"," 0.37345810"," 0.85699892"," 0.38560237"," 0.04709091"
"413.2644348","-1.81625161"," 0.07695878","-0.32646699"," 0.39062968"," 0.96622099"," 0.70890915"
"416.3030396","-0.7718547"," 1.0397856"," 1.2670963"," 0.2505452","-0.7186510","-1.0669214"
"420.2292175","-1.6143041","-0.7901713"," 0.1703503"," 0.9708747"," 0.6234380"," 0.6398124"
"421.3154297","-1.4870634","-0.4375341","-0.5125523"," 1.2985677"," 0.5733921"," 0.5651900"
"426.828186","-1.5133116","-0.6437628","-0.3416978"," 0.9444196"," 0.9756276"," 0.5787250"
"428.3311768"," 1.76026249","-0.31532650","-0.34396508"," 0.17252802"," 0.01250683","-1.28600577"
"431.1068115","-1.0177659","-0.8381546","-0.8170594"," 0.8471225"," 0.5892240"," 1.2366333"
"432.6916199","-0.780969905","-0.321592490","-1.220486169"," 1.379803857","-0.001856167"," 0.945100874"
"433.0895996"," 0.8864998"," 0.5370077"," 0.9402396","-0.2444522","-0.4529236","-1.6663714"
"434.2846069","-1.6566390"," 0.1979434"," 0.8215438"," 1.0886850"," 0.1307829","-0.5823161"
"434.6905823","-1.06495633","-1.16945040"," 0.08389993"," 1.33639159","-0.02530816"," 0.83942336"
"435.232605","-1.3598103","-0.3923675","-0.2711824"," 1.5922637"," 0.5997344","-0.1686379"
"437.2321472","-1.751193547"," 0.909045479"," 0.778706843"," 0.529565038"," 0.003050668","-0.469174482"
"438.2726746","-0.5534245"," 1.0351854"," 0.7514248"," 0.3576788"," 0.1167394","-1.7076039"
"440.7224426","-0.03660845","-0.81063854","-0.98457711","-0.49236700"," 1.62511579"," 0.69907532"
"441.1752319","-1.27066156","-0.82816678","-0.08015493"," 1.22299836"," 1.08645593","-0.13047102"
"442.840332","-1.6410847","-0.1606162","-0.2265743"," 1.3250306"," 0.6883158"," 0.0149288"
"443.3308105","-1.5970575","-0.2477589","-0.5518394"," 0.8312711"," 0.4934955"," 1.0718893"
"445.3341675"," 1.81019534","-0.88669870","-0.15436740","-0.94534725"," 0.04383072"," 0.13238730"
"446.3328857","-0.2486582"," 1.0679521"," 0.9305760"," 0.5436237","-1.2019394","-1.0915542"
"449.2840881","-0.1124633"," 0.5060381"," 1.1489827"," 0.6977924","-0.6648632","-1.5754868"
"450.3609924"," 0.5215628"," 0.9535976"," 0.9588820","-0.1955412","-0.6976528","-1.5408483"
"451.3135986","-0.6939648"," 0.5438653"," 1.0876548","-1.6654783"," 0.3848956"," 0.3430273"
"452.311554","-1.7940727"," 0.2603761"," 0.4862815"," 1.1816469"," 0.1222770","-0.2565087"
"453.2567444","-0.2309730","-0.2606030","-1.6812838"," 1.2477088"," 0.6460051"," 0.2791460"
"457.2712708","-0.3084084","-0.4079256","-1.5570685"," 1.2929102"," 0.7746045"," 0.2058878"
"459.3261414","-1.1090224","-0.6935882","-0.9063120"," 0.9188222"," 0.9978596"," 0.7922408"
"460.3105469"," 0.2094435","-1.7683057"," 0.7689163"," 0.9924294"," 0.2397717","-0.4422552"
"465.2258911","-1.61377974","-0.01651258","-0.56697885"," 1.09362632"," 0.91852583"," 0.18511902"
"465.9312744","-0.73900680","-1.61030226","-0.00873106"," 0.71838972"," 0.80552750"," 0.83412290"
"468.2688904","-0.4710852","-0.7220232","-0.6543300"," 1.7248663"," 0.7116466","-0.5890744"
"473.3648071","-0.3957224"," 1.2220034"," 1.2472336","-0.2004137","-0.9294412","-0.9436596"
"474.3391724"," 0.8127501","-0.3398584","-1.8493502"," 0.7313748"," 0.4969865"," 0.1480972"
"478.326355","-1.71094632"," 0.04911979","-0.34292182"," 1.25261569"," 0.60051756"," 0.15161510"
"478.8414612","-1.0971201","-0.6410516","-0.6731882"," 1.5506256"," 0.7108367"," 0.1498975"
"481.2592468"," 0.3677683"," 1.5133877"," 0.3746980","-0.1575009","-1.3714004","-0.7269526"
"482.358551","-0.7928232","-0.9747896","-0.9318289"," 1.1512494"," 0.6535004"," 0.8946920"
"486.3592834","-1.2321040"," 0.1182361","-0.8446214"," 1.5201244"," 0.6361325","-0.1977676"
"486.8042297","-1.7897714"," 0.2411624","-0.2913621"," 0.1863036"," 1.1815518"," 0.4721159"
"487.3568726","-1.9379883"," 0.1100585"," 0.9575823"," 0.1796177"," 0.4942072"," 0.1965225"
"487.3208008","-0.3118834","-1.5773539","-0.3469946"," 1.3148968"," 0.7260873"," 0.1952479"
"490.6508179"," 0.05533193","-1.36440828","-1.01842254"," 0.84791108"," 1.11702110"," 0.36256671"
"491.9512329","-0.5780117"," 1.0685048"," 1.2196758","-1.1828742"," 0.2355418","-0.7628366"
"492.6480713"," 0.3144012","-1.1641920"," 0.1003082"," 1.2626843","-1.2078336"," 0.6946318"
"493.3121643","-0.3260145"," 0.4576854"," 1.2385464"," 0.8403591","-1.0863934","-1.1241830"
"493.3121643.1","-1.4448239","-0.8118445","-0.2247770"," 1.1067427"," 0.8159675"," 0.5587352"
"494.2835388","-1.011846587","-1.130247985"," 1.542667850"," 0.564032887"," 0.025520674"," 0.009873159"
"495.3380432","-0.4290981"," 0.4958309","-0.3667057"," 1.8130329","-0.7129974","-0.8000626"
"496.3370361"," 0.9212910","-0.2787070","-0.8907907"," 1.4571742","-1.0659377","-0.1430298"
"497.3424072"," 0.65538211"," 0.14749043","-1.92158085"," 0.88002444","-0.04393682"," 0.28262068"
"498.8972168"," 0.08819841"," 0.07707103"," 0.14474636","-1.75725645"," 0.07936626"," 1.36787439"
"500.3509216","-1.85084941"," 0.07207635"," 0.64475956"," 0.99575100"," 0.34514599","-0.20688349"
"500.9554443","-0.5532978"," 0.8746201"," 1.6220909","-0.6876910","-0.7627396","-0.4929825"
"501.98349","-1.5978085","-0.4675353","-0.1284803"," 1.2275634"," 0.8282172"," 0.1380435"
"505.973114","-1.61905463","-0.43085392","-0.09591378"," 1.29933522"," 0.68524101"," 0.16124610"
"508.2913513","-0.6193012","-0.9220291","-0.7038801"," 1.6680315"," 0.6898276","-0.1126487"
"508.369751","-0.3557283","-0.2253578","-0.6245660"," 1.3313095","-1.2144164"," 1.0887590"
"511.3249207","-0.3713114","-1.5560130"," 0.3408745"," 1.4107180"," 0.4873593","-0.3116274"
"514.2993774","-1.7960533"," 0.1681654"," 0.8069852"," 0.9682845"," 0.1967275","-0.3441092"
"515.3514404","-0.8152422","-0.4150920"," 0.2484288"," 1.3805421","-1.2279120"," 0.8292753"
"518.355957","-1.66673056","-0.51346852"," 0.02216921"," 1.14495859"," 0.76516756"," 0.24790372"
"521.8114014","-0.69948847"," 0.36391940"," 0.14118253"," 1.61120336","-0.09250061","-1.32431620"
"522.3067017","-1.0142935","-0.9705048","-0.4874340"," 1.4566719"," 0.7854155"," 0.2301449"
"522.3543701","-0.4919108","-0.9595862","-1.0255799"," 1.4163765"," 0.2011548"," 0.8595456"
"522.8075562","-1.3308544"," 0.7697414"," 1.1923104"," 0.1182405","-1.0529192"," 0.3034815"
"523.3563843","-0.5505683","-0.9066731","-1.0182243"," 1.4271291"," 0.1693195"," 0.8790172"
"524.3673096"," 0.812209813"," 0.798806287"," 0.710011295","-0.647135191","-0.006775582","-1.667116622"
"524.8292847","-1.72104874","-0.47045604"," 0.01098338"," 0.93950780"," 0.90669680"," 0.33431680"
"525.3712158"," 0.8957473"," 0.8498936"," 0.6941479","-0.1902604","-1.5868725","-0.6626559"
"530.3225708","-0.7478586","-0.3003045","-0.9140976"," 1.6895778"," 0.6945078","-0.4218249"
"530.9794922","-1.6516931"," 0.1630886","-0.6135588"," 1.1741812"," 0.6365897"," 0.2913924"
"531.5673218"," 0.6803769"," 1.0961516","-0.1080494","-1.1353820"," 0.7062505","-1.2393475"
"532.5700684","-0.5777166"," 1.3745348"," 1.0452012","-1.1546125","-0.1038514","-0.5835555"
"533.4372559"," 1.1322616"," 0.9529973"," 0.4627702","-1.3332981","-0.4071731","-0.8075578"
"534.4831802"," 1.48376371"," 0.59721439"," 0.06996192","-1.45126870","-0.14254996","-0.55712137"
"535.9838867","-0.30737056"," 0.89753257"," 0.91572913"," 0.31406466","-0.04203706","-1.77791874"
"536.4026489","-0.2759178"," 0.5267318"," 0.6521314"," 0.8245985"," 0.1483991","-1.8759431"
"537.315918","-1.19965451","-1.23526641"," 0.06499988"," 0.91988066"," 0.46691943"," 0.98312095"
"537.3938599"," 0.1010458"," 0.6742201"," 1.0693141"," 0.6117170","-1.2070622","-1.2492347"
"538.3233233"," 0.4494046","-1.4767478"," 0.1277868"," 1.3966670"," 0.2646132","-0.7617237"
"538.3063644","-0.4696038","-0.4613461","-1.4860949"," 1.2597928"," 0.8038590"," 0.3533931"
"539.2982178","-1.0909916"," 0.1301402"," 0.5421471"," 1.1289044"," 0.6379408","-1.3481409"
"540.9874878","-0.6543723","-0.6263929","-0.6592087"," 1.7995851"," 0.5684472","-0.4280584"
"541.8399048","-0.1389944"," 0.3272844"," 1.5805960"," 0.2212720","-0.5791727","-1.4109853"
"542.3438838","-0.22487756"," 1.25985267"," 1.10597992","-0.07704033","-0.99194121","-1.07197349"
"542.973877","-1.1817192"," 1.3841549"," 0.8210745","-0.8581730"," 0.2802107","-0.4455478"
"543.3467407","-1.7130652"," 0.2198402","-0.2847959"," 1.2783756"," 0.5472300","-0.0475847"
"544.3334351","-1.0590838","-0.1723015","-0.2447338","-0.2011093"," 1.9206878","-0.2434594"
"544.6499634","-0.79422971","-0.64249196","-0.07835421"," 1.87729629","-0.60562210"," 0.24340170"
"544.8231812","-1.4933005","-0.4920392","-0.3723955"," 0.9446549"," 0.2072897"," 1.2057905"
"545.3982794"," 1.4247893"," 0.8605111"," 0.1684685","-0.8530425","-1.1104200","-0.4903064"
"546.3526901"," 1.4718599"," 0.0450214"," 0.1416051","-0.2726739"," 0.2496861","-1.6354985"
"546.6105347"," 0.27842300","-1.32728546"," 0.09838115","-0.94590305"," 1.42685996"," 0.46952441"
"546.8381958","-1.4984567","-0.2246640"," 0.1629714"," 1.3941908","-0.5170436"," 0.6830021"
"547.3995361"," 0.9450173"," 1.3304062"," 0.2573954","-1.0210811","-0.9625418","-0.5491959"
"548.6351864"," 0.7244672","-0.8153397","-1.4937185"," 0.5819186","-0.1060632"," 1.1087357"
"550.6073608","-0.6523225","-0.5313363","-1.0170457"," 1.4447088","-0.2871438"," 1.0431395"
"551.3187474","-0.7238594","-1.4875824","-0.2202399"," 1.1717325"," 0.7847772"," 0.4751720"
"552.3497925","-1.5759945","-0.7440293"," 0.3497224"," 1.2228231"," 0.5549818"," 0.1924964"
"552.8648071","-1.58248155","-0.40005688","-0.18951474"," 1.27313011"," 0.82020349"," 0.07871957"
"553.5175941","-0.5161811"," 1.0415552"," 0.5866774","-1.0361549"," 1.0175213","-1.0934179"
"553.3987438"," 0.04088867"," 0.80329905"," 0.56173229","-1.53286107"," 0.97992444","-0.85298338"
"554.5178833"," 0.4735638"," 0.8417814"," 0.4073583","-1.4941047"," 0.7919906","-1.0205893"
"555.3917236"," 0.2255940"," 0.7732005"," 0.4003785","-1.5105933"," 1.0311244","-0.9197041"
"556.4412842"," 1.35747125"," 0.02585746"," 0.38359645","-1.25057182"," 0.55182849","-1.06818183"
"556.6410522","-1.28746466","-0.66773628","-0.33072750"," 1.32266093","-0.05400056"," 1.01726807"
"556.9528809","-1.0391675","-0.9425044","-0.6609735"," 0.5271331"," 1.2569608"," 0.8585515"
"558.6420898","-0.1436058","-0.6520559","-1.5974367"," 0.7347002"," 1.0383283"," 0.6200699"
"558.9810372","-0.84912963","-0.75002090","-0.69398513"," 1.66866316"," 0.66959634","-0.04512384"
"559.037831","-0.22740708","-1.65383683","-0.04796116"," 1.34476337"," 0.63254047","-0.04809877"
"559.3410034","-0.8199640","-0.9130050","-0.9097310"," 1.2795533"," 0.9053248"," 0.4578218"
"560.6648116","-0.1269379","-0.5976914","-1.6293581"," 0.7335545"," 1.0560218"," 0.5644111"
"561.4697764","-0.2087191","-0.8516977","-1.4531827"," 0.8210597"," 0.9263413"," 0.7661985"
"562.3966675"," 0.15399499","-1.43522260"," 0.55171610"," 1.46688950","-0.06176634","-0.67561164"
"563.9318237"," 0.3290149"," 1.0865636"," 0.9565049","-0.1252903","-0.7652837","-1.4815094"
"564.4274292"," 0.9550444"," 0.9113693"," 0.7920514","-1.3122160","-0.6427391","-0.7035101"
"564.8571847"," 0.4115053","-0.1614442","-1.4893994"," 1.4197988"," 0.4361618","-0.6166222"
"565.9839007"," 0.8733690"," 0.8467605"," 0.7841293","-0.3149413","-1.5472188","-0.6420985"
"566.3508495","-0.7657842","-0.8468363","-0.8704212"," 1.4998361"," 0.8125038"," 0.1707018"
"566.9833346","-0.2372571","-0.9628748","-1.2593874"," 0.7821452"," 0.3848250"," 1.2925491"
"567.0218448"," 0.3231613","-1.4417624","-1.0791349"," 0.5832758"," 0.7405051"," 0.8739550"
"567.4201949"," 0.97668883"," 0.74766315","-0.01481864","-0.20448834"," 0.32275965","-1.82780466"
"568.3491627","-1.3602913","-0.7102374","-0.5260298"," 1.1162587"," 0.8558774"," 0.6244224"
"568.8897095","-0.60489293"," 0.17271708","-0.07113769"," 1.03281659"," 1.03761477","-1.56711782"
"571.8465576","-1.6175345","-0.4964441","-0.1510357"," 1.1691562"," 0.8189780"," 0.2768801"
"573.3361816","-1.2539585","-0.1847094","-0.1598583"," 1.6833049"," 0.4727839","-0.5575626"
"577.468689"," 0.749097150"," 0.670549859","-0.005846505","-0.979151550"," 0.994282834","-1.428931788"
"578.4689941"," 0.8730468"," 0.8522427","-0.2733721"," 0.1695661"," 0.2123374","-1.8338210"
"579.8446045"," 0.5221512"," 0.9652210"," 1.0370966","-0.4735433","-0.5823227","-1.4686028"
"581.3499756","-1.1750300"," 0.1779269","-1.1798311"," 1.2573551"," 0.7695396"," 0.1500396"
"581.420105"," 0.6490826"," 1.0990948","-1.3628713"," 0.5547600"," 0.1478842","-1.0879503"
"582.468416"," 0.13987472"," 0.86307099"," 1.13219683","-0.37324091","-1.67537401","-0.08652763"
"583.3474121","-1.0894469","-0.2618734","-0.5112665"," 1.6334937"," 0.7424760","-0.5133829"
"585.3146362","-0.4923927"," 0.8045763"," 1.0797544"," 0.7215557","-0.7483101","-1.3651836"
"585.8701172"," 0.2386121","-0.1440784"," 0.8573132"," 1.0647677","-1.7225279","-0.2940867"
"587.3463039"," 0.4028221","-0.0924345","-1.7566096"," 1.2653583"," 0.3414552","-0.1605915"
"588.3579546","-1.6874849"," 0.3322334"," 0.6780175"," 1.0596300"," 0.2483352","-0.6307313"
"588.8485107","-1.4625747","-0.1951184","-0.1494545"," 1.5405142"," 0.5758870","-0.3092536"
"589.4616089"," 1.0230430"," 0.9047185"," 0.7518701","-0.5859999","-1.1781852","-0.9154466"
"589.5027139","-0.5273774","-1.1110180","-0.8604333"," 0.3569249"," 1.4746196"," 0.6672842"
"590.458374","-1.33973799","-0.09816917","-0.19467709","-0.43518091"," 1.67822602"," 0.38953914"
"591.4644775","-0.7978592","-0.7465576","-0.7554522"," 0.2883353"," 1.7571300"," 0.2544037"
"592.4629517"," 0.1634895"," 1.1790241"," 1.1090987","-1.0360877","-0.3351094","-1.0804153"
"595.3491704","-1.35917695","-0.43765907","-0.09880327"," 1.41785223"," 0.88188858","-0.40410153"
"595.4592686","-0.3481713"," 0.3165849"," 0.1024224"," 1.4311769","-1.6431308"," 0.1411179"
"597.3423477","-0.3442291"," 0.6777180"," 1.1904264","-0.3202727","-1.6454058"," 0.4417632"
"600.3833524","-0.5289054","-0.6543017","-1.0167965"," 1.6643178"," 0.6830777","-0.1473920"
"600.8560181","-1.5378353","-0.3672434","-0.5235397"," 1.2080485"," 0.7147467"," 0.5058232"
"601.8570557"," 0.3753750"," 0.9960414"," 1.0711348","-0.4598275","-0.4704842","-1.5122396"
"602.3587469","-0.6883110","-0.2536136","-0.5897715"," 1.9944412","-0.3522346","-0.1105105"
"603.4406742"," 0.3908756"," 1.0273279"," 1.1612660","-1.1602883","-0.9216855","-0.4974957"
"603.3649902","-0.2260745","-0.1499045","-0.2325941"," 1.9288187","-1.0345911","-0.2856545"
"604.5716882","-0.9182104","-1.0341484","-0.6923503"," 1.2901309"," 0.5628353"," 0.7917428"
"605.4205371","-1.8133512"," 0.4512203","-0.4247036"," 0.2981640"," 0.4885883"," 1.0000821"
"606.5674438","-1.3999890","-1.0570742"," 0.1759009"," 1.0688165"," 0.5212499"," 0.6910959"
"607.4232026"," 0.6264609"," 0.6077229"," 0.6539709"," 0.6866114","-1.3978287","-1.1769373"
"607.9439697","-1.362518824","-0.005667437","-0.817044185"," 1.407130445"," 0.699866052"," 0.078233950"
"608.5648193","-1.2534393","-0.9282166"," 0.4650993"," 1.2786001","-0.3379173"," 0.7758739"
"609.3596802","-0.4522508","-1.4988443","-0.4399826"," 1.2962458"," 0.7420547"," 0.3527773"
"609.3596802.1"," 0.9408824"," 0.8116684","-0.2708889"," 0.7763191","-0.7894000","-1.4685810"
"609.866333","-1.5370013","-0.3764954","-0.4212065"," 1.3000953"," 0.7329528"," 0.3016551"
"610.3592529","-1.2181636","-1.2903004"," 0.5332003"," 1.0059769"," 0.6909827"," 0.2783041"
"610.5621948"," 0.1000152","-1.3064785","-1.0776386"," 0.7917313"," 1.1828674"," 0.3095033"
"610.8599042","-0.58884472","-1.69254491"," 0.49194171"," 1.06333280"," 0.63896401"," 0.08715112"
"611.359779","-1.55768440"," 0.43222237"," 0.05532467"," 1.37702665"," 0.31583641","-0.62272571"
"611.3599982"," 0.70441483","-1.85484254"," 0.08241894"," 0.93761060"," 0.35584538","-0.22544720"
"613.3410645"," 0.08965291"," 1.07218836"," 1.19290034","-0.24933081","-0.78735652","-1.31805429"
"614.6008758","-0.7959300","-0.9054424","-0.9660788"," 0.8700611"," 1.2458617"," 0.5515284"
"616.5957642"," 0.1216213","-0.4666223","-1.5616681","-0.1754062"," 1.2963596"," 0.7857157"
"617.3834766","-0.5611780","-0.6291304","-1.3762521"," 1.1831852"," 0.8302759"," 0.5530995"
"618.5923437"," 0.0589203","-0.5089716","-1.4321125","-0.3353527"," 1.3489447"," 0.8685718"
"620.4360962"," 0.6795587"," 0.9553490"," 0.9646872","-0.4348820","-1.3676399","-0.7970730"
"624.3648644","-0.2827531","-0.1961442","-1.6777772"," 1.2447334"," 0.6812063"," 0.2307348"
"624.9107056"," 0.9787469","-1.1036116","-1.0188192"," 0.3881059","-0.4438033"," 1.1993813"
"625.392395"," 0.1666478"," 1.0083410"," 1.2225371","-0.2141273","-0.9663692","-1.2170293"
"627.3560791","-1.81357395"," 0.55431933"," 0.22793250"," 1.15035333"," 0.04375445","-0.16278566"
"628.7244263"," 0.8714584"," 0.9327113"," 0.6833225","-0.2428320","-0.7189304","-1.5257299"
"629.3596905","-0.35789397"," 1.24557481"," 1.13530289","-1.11086866","-0.01928729","-0.89282779"
"629.2184689","-0.9005048","-0.8413018","-0.8514289"," 1.4363904"," 0.4688587"," 0.6879863"
"631.4787148","-1.4063680","-0.5386529","-0.5623924"," 1.2549861"," 0.7941717"," 0.4582555"
"633.0492704","-0.6643015"," 0.8883710"," 0.7770065"," 0.8307515","-0.2843214","-1.5475060"
"634.4543384"," 0.3786708"," 0.6107508"," 0.4095452"," 0.9906091","-1.6844418","-0.7051340"
"634.8860958","-0.7826014","-0.7326350","-0.6220032"," 1.3282805","-0.4238792"," 1.2328383"
"634.9128038","-0.64722323","-1.52530219"," 0.11354940"," 0.96720233","-0.05001441"," 1.14178810"
"636.0708618","-0.7327790","-0.7473266","-0.6440533"," 0.5353936","-0.1907568"," 1.7795221"
"638.1603984","-1.3850860","-0.5425579","-0.6895590"," 0.7474939"," 0.8847397"," 0.9849693"
"639.4082642","-0.83625476","-1.50336568"," 0.28246699"," 1.07139256"," 0.89725511"," 0.08850578"
"639.381897","-0.9073936","-0.8798881","-0.8513512"," 1.3048254"," 0.8737184"," 0.4600891"
"640.4059205","-0.49516260","-0.62446842","-0.04093641"," 1.75860515"," 0.43978448","-1.03782220"
"644.3449827","-1.4621963","-0.4364669","-0.5318677"," 1.2658486"," 0.8146989"," 0.3499834"
"645.3161437","-0.5725993","-1.0667942","-0.7063736"," 1.2321039"," 1.2265008","-0.1128377"
"646.470884","-0.9093726","-0.8495909","-0.8189620"," 1.4553982"," 0.4341411"," 0.6883862"
"647.4713745","-1.5478729","-0.2498119","-0.6131062"," 0.9080184"," 1.0770580"," 0.4257146"
"649.4676514","-0.5806325"," 0.6573746"," 1.7061339","-0.4577995","-1.0033735","-0.3217030"
"650.4695435"," 0.3111270"," 0.9423134"," 1.2770120","-0.6959691","-1.2469752","-0.5875081"
"654.4902344","-0.4398295"," 1.0138854"," 1.0321085"," 0.5327835","-0.8030806","-1.3358674"
"655.4016724","-0.47829564"," 0.05053384","-1.69769437"," 1.19696482"," 0.57087716"," 0.35761421"
"657.4689331"," 1.3679272","-1.1196407","-1.0796493"," 0.7701436"," 0.2699236","-0.2087042"
"658.5714722"," 0.3015489"," 1.0129378"," 1.0419473","-1.5726251","-0.2995913","-0.4842176"
"658.9059681","-0.344513811","-0.467440881","-0.584485351"," 1.990032664","-0.600753567"," 0.007160946"
"659.3149957","-0.84673028"," 0.01079139","-0.62928487"," 1.68118258"," 0.61217265","-0.82813146"
"660.1396539","-1.1602716","-0.6805541","-0.8489819"," 0.9669247"," 0.7021620"," 1.0207208"
"661.4054472","-0.7944770","-0.8036957","-0.9839153"," 1.3661061"," 0.8811562"," 0.3348257"
"662.7075905","-0.8076617","-0.5907658","-0.6606551"," 1.4274851","-0.4981551"," 1.1297527"
"663.4630506"," 1.64284726"," 0.45308621"," 0.07582819","-1.07903239","-0.95175107","-0.14097819"
"664.4634128"," 0.6836828"," 0.9464299"," 0.9432765","-0.4338536","-1.4372201","-0.7023155"
"664.5289307"," 0.2646806","-1.1173103","-1.3262371"," 1.1832469"," 0.3817194"," 0.6139006"
"665.4653931"," 0.7505358"," 0.9796522"," 0.9724363","-0.6711878","-0.9222162","-1.1092203"
"666.5244751"," 0.88443137","-0.59583291","-1.45120121","-0.17380695"," 0.02261402"," 1.31379568"
"668.5281982","-0.8070920","-0.5655033","-0.6229698"," 1.6813437","-0.4611259"," 0.7753473"
"669.4205977"," 0.3194927"," 0.9922653"," 1.2414721","-0.4923877","-0.9751954","-1.0856470"
"670.6088325"," 0.5430531"," 0.8459974"," 1.1168528","-0.4194701","-1.4845015","-0.6019317"
"671.3779907","-0.2161240"," 1.0589057","-1.6272160"," 0.9517181"," 0.2799637","-0.4472475"
"672.6852417","-1.0696101","-0.2396743","-1.0940238"," 0.1629626"," 1.3011029"," 0.9392427"
"673.4199219","-0.24111867"," 1.18650583"," 1.11515078","-1.37472335","-0.05527095","-0.63054364"
"674.0781023","-1.6421122","-0.1586193","-0.3230165"," 1.2929920"," 0.6956116"," 0.1351445"
"674.5565962","-1.4311545","-0.7730856","-0.3013944"," 0.7629854"," 1.1565761"," 0.5860731"
"675.4030762","-0.6736969","-1.4370360","-0.3041465"," 1.2356951"," 0.8780142"," 0.3011702"
"675.5424805","-0.11774415"," 0.45436245"," 0.02409466","-1.89179458"," 0.88411219"," 0.64696942"
"676.4527891"," 0.2029858","-1.2047926"," 0.7482396"," 0.9841890"," 0.5598586","-1.2904803"
"676.5514169","-1.4036346","-0.8247857","-0.2844543"," 0.8152355"," 1.1343243"," 0.5633148"
"676.7117046"," 0.3459815"," 0.4106437"," 0.3701341","-2.0391469"," 0.4689158"," 0.4434718"
"676.9008568","-1.04644865"," 0.87363409"," 0.82225396"," 0.78411594","-0.07520581","-1.35834952"
"678.4795532"," 0.4728674"," 0.7911513"," 0.6928858"," 0.4872211","-1.6943583","-0.7497673"
"682.9347534","-1.06835528","-1.01642857"," 0.04926738"," 1.56888839"," 0.58882847","-0.12220038"
"683.5983887","-1.7374209"," 0.2931128"," 0.5095597"," 1.1493936","-0.4891999"," 0.2745548"
"685.436622","-0.1215909"," 0.9549200"," 1.1565052","-0.8829939","-1.3730582"," 0.2662179"
"685.5105524","-0.71933036","-0.88159108","-0.86313810"," 0.91359608"," 0.09562621"," 1.45483725"
"686.4382935","-0.63433312"," 1.12710786","-1.55355196"," 0.20604433","-0.07561828"," 0.93035117"
"686.5800155","-0.2415829","-0.5303315","-1.2071290"," 1.5533264"," 0.8043758","-0.3786589"
"689.5581055"," 0.8822292"," 0.9639797"," 0.7364809","-1.4170712","-0.4059107","-0.7597079"
"692.7307129"," 0.5128432"," 0.4659447"," 0.2638401","-2.0142704"," 0.6040809"," 0.1675615"
"692.8353882"," 0.4124374"," 0.3680108","-0.9307642","-0.5485713","-0.9317645"," 1.6306519"
"693.4946289","-0.08655109"," 1.26656999"," 1.12410826","-0.72589050","-1.20885484","-0.36938183"
"694.495859"," 0.1357049"," 0.9864325"," 1.3191385","-0.7877314","-1.2014611","-0.4520832"
"698.5737305","-0.8751682"," 0.1354556","-0.8743052"," 1.4350124"," 0.9189726","-0.7399672"
"698.9191577","-1.3120718"," 0.6804077"," 0.6429728"," 0.9908879"," 0.1764122","-1.1786088"
"701.4511416"," 0.2836125"," 1.0794470"," 1.1125820","-0.3916600","-0.7324487","-1.3515328"
"701.5592041"," 0.8443599"," 1.0069193"," 0.8646597","-1.1115692","-0.7638038","-0.8405659"
"702.5635986"," 0.8458920"," 1.0162933"," 0.8626768","-1.0547383","-0.8233635","-0.8467603"
"702.541319"," 0.05492048"," 0.81944602"," 0.84197943"," 0.33158343","-0.18443869","-1.86349065"
"702.9354357","-0.76950311","-0.91226334","-0.71554769","-0.01195521"," 0.92073354"," 1.48853582"
"703.4355469","-1.315019713","-0.005591956"," 0.117361183"," 1.598217218"," 0.361363930","-0.756330662"
"703.6846313"," 0.9222653"," 0.9477427"," 0.6630929","-1.4064888","-0.2481235","-0.8784886"
"704.574646"," 0.9204058"," 0.9324127","-1.7653490","-0.3041216"," 0.2680813","-0.0514292"
"704.5542227","-0.7734689","-0.9311884","-0.7817338"," 1.4630863"," 0.8717416"," 0.1515631"
"704.9213867","-0.3850680","-0.4282689","-1.4747624"," 1.4233460"," 0.6486764"," 0.2160770"
"705.6899021"," 0.2479930"," 0.3213800"," 0.1848644"," 0.7592952","-1.9975563"," 0.4840237"
"706.6973745","-0.004475596","-0.016137764"," 1.714212156"," 0.290698643","-1.055284936","-0.929012503"
"706.5844116"," 0.70939717","-0.30640017"," 0.06293472","-1.83737924"," 0.48260166"," 0.88884586"
"707.5965576"," 0.69018786"," 0.75867073"," 0.57511441","-1.89643721"," 0.01590665","-0.14344244"
"707.585867","-0.3953811"," 0.3091882","-1.7035914"," 0.2912469"," 1.3141673"," 0.1843701"
"708.5960693"," 1.92356004","-0.01903603","-0.07360364","-0.48813735","-0.94917356","-0.39360946"
"708.7151266"," 0.8132435"," 0.8753461"," 0.6493485","-1.7189239","-0.3567412","-0.2622731"
"709.5128784"," 0.7260524"," 0.9405885"," 1.0013132","-1.1567084","-0.5258329","-0.9854128"
"712.1413744","-1.1826314","-0.7082963","-0.2933655"," 1.3269912"," 1.0939505","-0.2366485"
"712.579916","-0.7729747","-1.0491838"," 0.1920176"," 1.6528166","-0.5274739"," 0.5047983"
"713.1428091","-1.1928208","-0.5193671","-0.3301432"," 1.3469257"," 1.1034932","-0.4080878"
"713.4419556"," 0.80298821"," 1.55664092","-0.50886219","-0.03972522","-0.77977488","-1.03126683"
"714.4460223"," 0.1838956"," 0.8597987"," 1.1149858"," 0.1374581","-0.7426587","-1.5534795"
"715.4572211","-0.93946154","-0.77024827","-0.71228537"," 1.52853941"," 0.82170443"," 0.07175134"
"716.5758667"," 0.8981956"," 0.8005971"," 0.6808750","-1.6650234","-0.5320178","-0.1826264"
"717.4094917"," 0.3601059"," 0.8715268"," 0.7823893"," 0.3802285","-1.6910079","-0.7032426"
"718.5924072"," 1.0613442"," 0.9348759"," 0.3244509","-1.5904208","-0.1435216","-0.5867285"
"719.5960527"," 0.8173628"," 0.8104046","-0.6329963","-1.7263975"," 0.4806851"," 0.2509413"
"719.5404054","-0.6452673","-0.6440900","-1.1057647"," 1.5251880"," 0.7824377"," 0.0874963"
"720.4259644","-0.8300909","-0.2594998","-0.1369673"," 1.3668433"," 1.0130814","-1.1533666"
"720.6966553","-0.56389907","-1.24268681"," 1.40763437","-0.49777571"," 0.95158935","-0.05486212"
"721.5753409"," 0.3280602","-1.4038612","-1.0933977"," 0.5112726"," 1.0414159"," 0.6165102"
"721.5779143","-0.6271634","-0.8049408","-0.8146466","-0.1829454"," 0.8212070"," 1.6084891"
"721.6994323","-0.1105814","-0.2640817","-0.8729779"," 0.9007349"," 1.4549457","-1.1080396"
"722.5932007","-0.6011651","-0.4501768","-1.0093535","-0.4451382"," 1.0536707"," 1.4521629"
"722.5787964","-0.3795772","-0.7008642","-1.3232590"," 0.4403198"," 0.4855134"," 1.4778672"
"723.5938721"," 0.2352052","-0.9020089","-1.0210627"," 1.6717318","-0.3751246"," 0.3912592"
"723.5794067"," 0.3137595","-0.3550564","-1.0052997","-1.0501392"," 0.5667459"," 1.5299899"
"724.4829102","-0.6597896","-1.6961482"," 0.2506670"," 0.9994002"," 0.4673512"," 0.6385194"
"724.4702272"," 0.77923726","-0.71402267"," 0.80188001"," 0.71158873"," 0.07305915","-1.65174248"
"725.5562207"," 0.8512300"," 0.8412264"," 0.5215934","-0.3024265","-0.1260310","-1.7855924"
"726.4802376","-0.7257440"," 0.8423495","-0.7595215"," 1.6149418","-0.7166815","-0.2553444"
"727.4542309","-0.65627468","-0.02429240","-0.03410537"," 1.43004518"," 0.70688913","-1.42226186"
"727.5684375","-0.7648232","-1.0414092","-0.1475299"," 1.5458587"," 0.8504329","-0.4425293"
"728.6874679","-0.04652483","-0.10177363","-0.42087305","-1.54518613"," 1.36335616"," 0.75100149"
"729.5603027","-0.6794139","-0.5176068","-0.3809760"," 1.5199763"," 0.9811988","-0.9231784"
"730.6930542","-0.3430466","-0.3061528"," 1.7185910","-1.2654838"," 0.4254292","-0.2293370"
"731.6052246"," 0.9986292"," 0.9502525"," 0.5445550","-1.3262223","-0.1574855","-1.0097289"
"732.6070557"," 0.3734543"," 0.1880238"," 0.1573236"," 0.3336232"," 0.9117244","-1.9641493"
"732.687439"," 0.9182302"," 0.7389705"," 0.5319511","-0.1553396","-0.2309426","-1.8028697"
"733.5581055"," 1.0281435"," 0.9447398"," 0.6953324","-1.2385272","-0.7888251","-0.6408634"
"733.7933011"," 0.8687057"," 0.8693165"," 0.6543687","-1.6445106","-0.1772638","-0.5706164"
"734.121327","-1.09386204","-0.60770442","-0.76626155"," 1.26798991"," 1.10952688"," 0.09031122"
"734.5097656","-0.9906211","-0.5579860","-1.1216818"," 0.9127117"," 1.0679577"," 0.6896195"
"734.7265625","-0.1534051","-0.2050419","-1.1634341","-0.6724628"," 1.6976164"," 0.4967275"
"735.5708618"," 0.9539164"," 0.9724130"," 0.7110444","-1.2545064","-0.4580619","-0.9248055"
"736.5427246"," 0.6559988"," 0.9606004"," 1.0855518","-0.8652777","-0.7905060","-1.0463673"
"736.5763812"," 0.9751288"," 0.9967087"," 0.7031883","-1.0039757","-0.5553018","-1.1157483"
"737.5435181"," 0.4258598"," 1.2299125"," 0.9453525","-0.8575095","-1.1518501","-0.5917652"
"737.7170944"," 0.7783370"," 0.7742249"," 0.5665258","-1.6853602","-0.7361502"," 0.3024228"
"738.5467357"," 0.4429113"," 1.1253962"," 0.8700101","-0.3478366","-0.5582347","-1.5322464"
"741.6500206"," 0.4799643"," 0.5900127","-0.7731036","-1.6891044"," 0.7244254"," 0.6678055"
"744.5872803"," 1.28758223","-1.12828078","-1.21817187","-0.02201875"," 0.55666593"," 0.52422325"
"745.5527467","-0.1426415"," 1.0966328"," 1.1539461","-0.1300739","-0.5028416","-1.4750218"
"745.5935669"," 0.9468807"," 0.8590785"," 0.6007886","-1.6476924","-0.3523140","-0.4067414"
"746.4608689"," 0.2474859"," 0.8926066"," 0.9097429"," 0.3176927","-1.6370017","-0.7305264"
"746.7189941"," 1.05814310"," 0.76865631","-0.06875127","-1.64332929"," 0.48007082","-0.59478968"
"747.6080933"," 1.05742412"," 0.71804915","-0.06264823","-1.63373621"," 0.54787082","-0.62695965"
"748.6082687"," 0.59192906","-1.18609465","-1.06535992"," 1.43672158"," 0.01440194"," 0.20840199"
"749.5822754"," 0.4131213"," 0.4132078","-0.1437251"," 1.2265643","-0.1449509","-1.7642173"
"750.58052"," 0.9009300"," 0.9694668"," 0.8165928","-1.0964498","-0.5559743","-1.0345656"
"750.8040374","-0.03635507"," 0.14543451"," 0.01741953"," 0.98665517"," 0.74422637","-1.85738051"
"752.5133667"," 0.7385095"," 0.9868601"," 0.9987335","-0.8321724","-0.9686671","-0.9232635"
"752.707014"," 1.6203581"," 0.5361512"," 0.2460887","-0.9444025","-0.9179875","-0.5402080"
"754.6709595"," 1.2601321"," 0.2349056"," 1.0008578","-0.6170177","-0.6158893","-1.2629884"
"756.7073364"," 0.9481201"," 0.8713165"," 0.6871415","-1.4842394","-0.7796443","-0.2426944"
"757.5827637"," 0.7289761","-0.5409028"," 1.4102349"," 0.2915709","-1.3426961","-0.5471829"
"757.5877686"," 0.8172715"," 0.7717603"," 0.5580184"," 0.3037026","-1.6314176","-0.8193351"
"758.0564889","-0.3981620","-0.3877514","-0.4897825"," 2.0112130","-0.1072220","-0.6282951"
"758.4732666"," 0.6247701"," 0.8601929"," 1.0597451","-0.2220919","-1.1673504","-1.1552658"
"758.5735328"," 0.9902610"," 0.8947479"," 0.7334899","-1.3481724","-0.8030449","-0.4672814"
"759.4319329","-1.4457446","-0.1408589","-0.2425269"," 1.5443142"," 0.5927942","-0.3079780"
"759.5705566"," 0.9108962"," 0.7830734"," 0.6484959","-1.7020434","-0.4515409","-0.1888812"
"759.8005981"," 1.0738162"," 0.9656162"," 0.6283174","-0.6032187","-1.1434057","-0.9211254"
"760.6969604"," 0.4785424"," 0.3170263","-0.9174287","-1.4807339"," 1.2208740"," 0.3817198"
"760.9609985"," 0.8787178","-0.8887071","-0.5304747"," 1.0993583"," 0.6670943","-1.2259885"
"761.5906804"," 0.9815325"," 0.9515345"," 0.7395456","-1.2395208","-0.6141730","-0.8189189"
"762.5993094","-1.35906314","-0.01432796","-0.09002247"," 1.68142539","-0.49220437"," 0.27419255"
"762.5927734"," 0.9851928"," 0.9542595"," 0.7381913","-1.2003114","-0.5940025","-0.8833297"
"763.5965576","-1.36964619"," 1.24254706"," 1.05206559","-0.54136709"," 0.03912406","-0.42272342"
"764.6021812"," 0.1495306","-0.0768401","-0.2137101"," 1.3892282"," 0.4287719","-1.6769805"
"766.5284433"," 0.5700357"," 0.8747252"," 0.7730724"," 0.3137863","-1.3338672","-1.1977523"
"766.7261034"," 0.9067482"," 0.8698638"," 0.6913773","-1.5611988","-0.2358338","-0.6709566"
"767.5275879"," 0.5630173"," 0.8835665"," 0.9636096","-0.5413677","-0.2508763","-1.6179494"
"767.5950317"," 0.9217907"," 0.8920689"," 0.6776129","-0.2397925","-0.7367233","-1.5149568"
"768.553894"," 1.54836814","-0.99764245","-0.10046696"," 0.69319219","-1.05282660","-0.09062433"
"768.5877686"," 0.9568250"," 0.8588505"," 0.6720427","-1.5665992","-0.5520938","-0.3690253"
"769.5569458"," 1.3708427"," 0.7386319","-0.5913948"," 0.1579419","-1.4688815","-0.2071402"
"769.5908203"," 0.8925301"," 0.5904236"," 0.2583285"," 0.5546585","-0.4980707","-1.7978698"
"770.6854497"," 1.0445659"," 0.7243172"," 0.4954094","-1.7310081","-0.2558955","-0.2773890"
"770.9421387","-0.9176477","-0.8789980","-0.7115218"," 0.1724509"," 0.9213868"," 1.4143298"
"771.4829712","-0.6955064","-0.7168138","-0.4176692"," 1.6540789"," 0.8216282","-0.6457177"
"771.6085815"," 0.2475994","-0.2128677","-1.0122659"," 1.5558495"," 0.5110948","-1.0894101"
"772.6269805"," 1.0300193"," 0.8326676"," 0.6152585","-0.4601244","-0.4522839","-1.5655372"
"772.8184041","-0.2935235","-0.3368925","-0.4132201","-1.3350295"," 1.2849041"," 1.0937614"
"773.4451904","-0.7545781","-0.4135197","-1.1768591"," 1.5239436"," 0.7385163"," 0.0824970"
"774.6852296"," 0.9978555"," 0.9501856"," 0.7562143","-1.1400231","-0.8391593","-0.7250730"
"776.586853"," 0.6597816"," 0.9709069"," 0.8401168","-0.5766334","-0.3186823","-1.5754896"
"776.6886597"," 0.9608316"," 0.9196562"," 0.6494627","-1.5143394","-0.5195649","-0.4960462"
"778.4487305","-0.8952519","-0.2494175","-1.2648711"," 1.3537590"," 0.7984597"," 0.2573218"
"778.570786","-0.8912408","-1.0328802","-0.5364195"," 1.4359844"," 0.8757294"," 0.1488267"
"779.5747681","-0.35811743","-0.54507612","-0.96259557"," 1.90417828"," 0.08429918","-0.12268834"
"780.4706902"," 0.3937662","-2.0143291"," 0.3112660"," 0.6482124"," 0.1695390"," 0.4915455"
"780.6074535"," 0.9556439"," 0.8702660"," 0.8425072","-0.6101652","-0.7750969","-1.2831549"
"781.5687965"," 0.1809185"," 0.8028525"," 1.1848632","-0.3683317","-0.1377265","-1.6625760"
"781.6785278"," 0.9807750"," 0.8618996"," 0.8055122","-1.0518822","-1.1627130","-0.4335917"
"782.4782941","-1.3693349","-0.9630423","-0.1236532"," 0.8561689"," 1.0909444"," 0.5089171"
"782.6946278"," 0.9691429"," 0.8860637"," 0.8176194","-1.2527474","-0.8314146","-0.5886641"
"783.5708008"," 0.9870564"," 0.8903063"," 0.8053388","-0.5866993","-1.1957761","-0.9002262"
"784.4836573","-1.0124761","-1.0587570"," 0.2592263"," 1.3658056","-0.4178967"," 0.8640979"
"784.5822717"," 0.9950434"," 0.8595964"," 0.7254426","-1.4314172","-0.7085799","-0.4400853"
"785.5872803"," 1.0767180"," 0.8986906"," 0.7146250","-0.7126892","-1.1611150","-0.8162294"
"785.8430912"," 0.9424179"," 0.9026076"," 0.6932981","-1.3813380","-0.2327450","-0.9242407"
"786.603639"," 1.0603275"," 0.8592361"," 0.6481061","-1.4422111","-0.5175854","-0.6078732"
"786.4404907","-1.2330946","-1.0078463","-0.1987674"," 0.8788324"," 1.2461105"," 0.3147653"
"787.60488"," 1.0367555"," 0.9001627"," 0.6669077","-1.3869014","-0.5530953","-0.6638292"
"787.8434914"," 1.0471728"," 0.9199929"," 0.6592094","-0.9717970","-0.4340452","-1.2205329"
"788.4709242","-0.8670995","-0.8791421","-0.9328918"," 1.0127028"," 1.1421635"," 0.5242672"
"788.729187"," 0.034809913","-0.009091131"," 1.459492514","-1.677934928"," 0.227796972","-0.035073341"
"789.4667969"," 0.3861147"," 1.0365244"," 1.0532050","-0.2983228","-0.7666616","-1.4108598"
"789.7306519"," 0.9808350"," 0.9327322"," 0.7450206","-1.2457592","-0.5289894","-0.8838392"
"790.5634444"," 0.87432526"," 0.86870878"," 0.57553562","-1.67420465","-0.05846409","-0.58590091"
"790.4736328","-0.1461157","-0.5700726","-1.6389308"," 0.7693415"," 1.0361392"," 0.5496385"
"790.7986113"," 0.9292147"," 0.8883798"," 0.7388694","-1.4727559","-0.6921737","-0.3915342"
"791.6229248"," 0.39563600"," 0.99965032","-0.05250028"," 0.60076063","-0.07963688","-1.86390980"
"792.4696045","-0.9634942","-1.0638813","-0.4514432"," 0.3143839"," 1.4661499"," 0.6982849"
"793.6091814"," 0.8666154"," 0.6972181"," 0.4256525"," 0.4813310","-1.6211134","-0.8497037"
"794.6052856"," 1.1310345"," 0.9262275"," 0.6470577","-0.9213264","-0.9453713","-0.8376220"
"795.6251831"," 0.9738941"," 0.8442778"," 0.6486603","-1.5907021","-0.4818267","-0.3943034"
"798.6593018"," 0.3605637"," 0.9633192"," 0.3721892"," 0.7977405","-1.0772826","-1.4165301"
"799.8268002"," 0.9460528"," 0.9074377"," 0.7736239","-1.3775509","-0.5763255","-0.6732380"
"800.7197266"," 1.4427615","-0.1189448","-0.3083093","-1.5069443"," 0.7026650","-0.2112281"
"800.9706421","-0.7878344","-0.8272681","-0.8995705"," 1.4486077"," 0.8639448"," 0.2021204"
"801.607732"," 1.7311803","-0.8545732","-0.2357248"," 0.5975834","-0.4034221","-0.8350436"
"803.5050232","-1.30478115","-0.05380185","-0.05528594"," 1.65646761"," 0.38776007","-0.63035875"
"804.6066895"," 0.87197816"," 0.77138862"," 0.67284178","-0.03681193","-1.68408697","-0.59530966"
"805.5491333"," 0.4329241"," 0.2646495"," 0.1612813"," 0.9272408"," 0.1703622","-1.9564578"
"806.0921021","-0.5885137","-0.2744608","-1.5988240"," 0.7881119"," 0.8235974"," 0.8500892"
"807.5722612"," 0.7874745"," 0.5323509"," 0.3885990"," 0.5355130","-0.3666294","-1.8773081"
"808.5823364"," 0.9902503"," 0.8774580"," 0.8045417","-0.7617059","-0.6415051","-1.2690390"
"809.5863037"," 1.0061705"," 0.8753957"," 0.7810054","-0.7914600","-1.2778975","-0.5932141"
"810.6010132"," 1.21164228"," 0.08537046"," 1.10503113","-1.30222555","-0.58831180","-0.51150652"
"811.6669804"," 0.2574274"," 1.7359020"," 0.1564094","-1.0950477","-0.2622082","-0.7924829"
"812.671814"," 0.9050414"," 0.8976575"," 0.7405894","-1.5086020","-0.6052938","-0.4293925"
"813.7991146"," 0.9652948"," 0.9174020"," 0.7934691","-1.0327998","-0.5216956","-1.1216705"
"814.8047485","-0.61163948"," 1.29039425"," 1.02627063","-1.29915056"," 0.05915897","-0.46503381"
"816.7167358"," 1.1066467"," 0.9708525"," 0.6024715","-1.0732114","-0.6867902","-0.9199691"
"818.4768677","-1.6584561","-0.4791939","-0.1637879"," 1.1334633"," 0.6985485"," 0.4694261"
"820.7270508"," 0.3806316"," 0.4551234"," 0.1435163"," 1.2416916","-0.5540421","-1.6669207"
"822.4827821","-0.8235378","-0.8821949","-0.5804589"," 1.5547178"," 0.8765749","-0.1451010"
"827.1311646"," 0.3549134","-1.7961718"," 0.2240634"," 1.1639488"," 0.3740455","-0.3207993"
"827.696167","-1.0662009","-1.1612001"," 0.9772099"," 1.2161952"," 0.2172256","-0.1832297"
"828.969175","-0.6161588","-0.6078734","-0.4095310","-0.7287192"," 0.5639290"," 1.7983534"
"829.5305834","-0.04967134","-0.04736492","-1.57036543"," 1.55708989"," 0.27722399","-0.16691220"
"829.5534668","-0.7276244","-0.8785611","-0.8913791"," 1.4625312"," 0.8562584"," 0.1787751"
"830.7097707"," 1.1537604","-1.5978737"," 0.7794090"," 0.1418093"," 0.1940174","-0.6711224"
"832.5828169"," 0.9890801"," 0.8367192"," 0.6768680","-1.4902843","-0.7612056","-0.2511774"
"833.4738949"," 0.21198102"," 1.00921537"," 0.99608277"," 0.04711274","-0.69721747","-1.56717443"
"834.5995483"," 1.0771403"," 0.8389062"," 0.6275686","-0.2739647","-0.9209916","-1.3486588"
"835.6924874"," 0.8393020"," 0.7229274"," 0.5957123"," 0.2675132","-0.7626741","-1.6627807"
"836.6072761","-0.6831559","-0.5401542","-0.6372177"," 1.7620800"," 0.6515996","-0.5531518"
"838.8354153","-0.8493048","-0.8918705","-0.7341737"," 0.6755795"," 0.2410052"," 1.5587643"
"840.4001506"," 0.3675940","-0.7138841","-0.9164670"," 0.9637379"," 1.2768595","-0.9778403"
"856.733591"," 0.7077317"," 0.4665819"," 0.3478903"," 0.7819336","-1.8208156","-0.4833218"
"858.5967637"," 0.7016288"," 0.1535438","-0.2771457"," 1.0878847"," 0.1252214","-1.7911332"
"859.5338745","-0.1643645"," 0.5338204"," 0.7094831"," 0.9588894","-1.7898918","-0.2479366"
"866.7801382","-0.2287732","-0.5842606","-1.1538604"," 1.3413240"," 1.1128131","-0.4872428"
"877.7295691"," 0.3560147"," 0.7984329"," 0.8023861"," 0.1675039","-0.2536292","-1.8707084"
"900.3533325","-0.9104030","-1.0966374","-0.5879056"," 0.9799284"," 1.2308993"," 0.3841184"
"906.3884778","-0.8647276","-1.0461515","-0.3506653"," 0.4867511"," 1.6693732"," 0.1054202"
"906.8244629","-0.8186953","-0.8702237","-0.7306456","-0.0304945"," 1.3597160"," 1.0903432"
"908.3856201","-0.5677498","-0.7106947","-1.2777291"," 0.8670609"," 1.2697835"," 0.4193292"
"910.3842773","-0.2249157"," 0.2420644","-1.3377209"," 1.6603213"," 0.2088991","-0.5486482"
"956.3170253","-0.9471106","-0.5893165","-0.3256413"," 1.1177506"," 1.4025167","-0.6581989"
"958.3140259"," 0.84087542","-0.24574992","-1.20034000"," 1.44920567","-0.01250703","-0.83148415"
"964.3459473","-1.53736161","-0.39734738","-0.22386246"," 1.24307950","-0.02402708"," 0.93951902"
"964.8502713","-0.9079223","-0.8973383","-0.7345821"," 0.8806863"," 0.2469798"," 1.4121766"
"966.3449707","-1.0211798","-1.0363198","-0.5703313"," 0.8584750"," 1.2422153"," 0.5271406"
"968.3421656","-0.566147355","-0.001084302","-0.002898505","-0.590836648"," 1.932603534","-0.771636723"
"970.3383789","-0.71678695","-0.80169392","-0.88597062"," 1.33117705","-0.05941985"," 1.13269428"
"974.8329574","-0.8620851","-0.9464180","-0.7389492"," 0.7052372"," 0.3639637"," 1.4782514"
"977.5952759","-0.7654420","-0.7056788","-0.4788692"," 1.7700895"," 0.6083137","-0.4284132"
"978.6027137","-0.70159357"," 1.71205107","-0.01070092"," 0.45618244","-0.33519005","-1.12074898"
"1008.80839","-0.05583623","-1.69593013","-0.56399012"," 0.85457162"," 0.77955779"," 0.68162707"
"1021.609659"," 0.72872327"," 0.83780036"," 0.76138155"," 0.05750703","-0.78103371","-1.60437850"
"1022.304831","-0.8975868","-0.8502740","-0.9635921"," 1.1331052"," 0.8708574"," 0.7074903"
"1024.303833","-1.0814293","-1.0322854","-0.4990784"," 0.7597685"," 1.2594691"," 0.5935554"
"1026.302898","-0.9278887","-0.8940260","-0.8629268"," 0.8643069"," 1.2192153"," 0.6013193"
"1028.299683","-1.0226398","-0.8078642","-0.8567902"," 0.9502786"," 1.1476431"," 0.5893725"
"1042.796509","-0.78346796","-0.82557321","-0.66018403"," 0.63110217","-0.05522404"," 1.69334705"
"1057.14209","-1.02161709","-0.78635223","-0.67016579"," 1.29743352"," 1.09456535"," 0.08613624"
"1076.790894","-0.4122182","-0.4124341","-1.6254337"," 0.8927880"," 0.7143036"," 0.8429943"
"1082.260231","-1.1783404","-0.7960117","-0.6571496"," 0.8839331"," 1.2185292"," 0.5290395"
"1084.259644","-1.0537106","-1.0479708","-0.5361135"," 0.9070071"," 1.1683448"," 0.5624429"
"1086.253174","-0.8776715","-0.9604012","-0.8713927"," 0.8924993"," 1.1329369"," 0.6840293"
"1100.761517","-0.8117214","-0.6886855","-0.4436151"," 0.2087825","-0.1621637"," 1.8974032"
"1110.786115","-0.1811136","-0.2529954","-1.7741308"," 0.4593884"," 0.7867533"," 0.9620981"
"1138.219773","-1.70013087","-0.51751981","-0.07427933"," 0.79132027"," 0.95537593"," 0.54523381"
"1142.215332","-1.2276675","-0.5988662","-0.8472562"," 0.7474845"," 0.9969859"," 0.9293195"
"1168.743042","-0.8072435","-0.9094119","-0.8312851"," 0.9658978"," 0.2227323"," 1.3593104"
"1225.208513"," 0.7909047"," 0.7334958"," 0.7958999","-0.1050440","-1.7151980","-0.5000584"
"1262.176241","-1.0491607","-1.0766337","-0.5087931"," 0.8802162"," 1.1666347"," 0.5877366"
"1314.088513","-0.9919393","-0.7996967","-0.8876324"," 0.8289073"," 1.2331132"," 0.6172478"
"1316.090402","-1.0692144","-1.0020704","-0.4996489"," 0.5750453"," 1.3724601"," 0.6234283"
"1318.089722","-0.9506475","-0.9005882","-0.8301404"," 0.8693042"," 1.2211434"," 0.5909284"
"1320.088989","-0.8749733","-0.9252286","-0.9253481"," 1.0801328"," 0.8520246"," 0.7933926"
"1382.730835","-1.6983968","-0.3767988","-0.2836560"," 0.6295439"," 0.8378939"," 0.8914138"
"1450.719448","-1.6020570","-0.4308398","-0.4134391"," 0.7224752"," 0.6761342"," 1.0477265"
