"","PC1","PC2","PC3","PC4","PC5","PC6"
"103.9535141",-0.017035,-0.052707,-0.066563,0.0095958,0.086328,-0.69668
"103.9535141.1",0.048091,0.009401,-0.013801,-0.028002,0.060347,-0.33187
"105.9522705",0.048061,-0.011016,-0.019817,-0.04727,-0.036668,0.18877
"105.9522705.1",-0.013599,-0.025789,-0.092669,-0.053992,0.057253,-0.051853
"105.9522705.2",0.039221,0.0042252,0.02227,-0.011904,0.10247,0.5605
"107.9664536",-0.034568,0.061217,0.054874,-0.0017531,0.0010237,0.018828
"111.1144943",0.046861,0.025615,-0.02797,-0.0061829,0.05649,-0.023138
"116.0703964",0.031806,0.014029,-0.016187,0.018236,-0.1203,0.010233
"119.0834351",0.039987,0.0073318,-0.039366,0.06496,-0.053357,-0.0015061
"123.097496",-0.048959,0.025779,0.026923,0.034632,0.0094007,0.0078778
"124.9997177",0.02223,-0.07365,-0.0053845,-0.064162,-0.028823,-0.0019525
"130.157196.1",0.047714,-0.0023986,0.034581,0.024829,-0.052488,-0.004446
"132.1003571",0.054053,0.0058581,0.0037778,-0.0073247,-0.0071962,-0.00049809
"135.9212341",0.017644,-0.083176,0.038028,-0.034623,0.01063,0.0041203
"138.905426",0.024819,-0.033293,-0.099231,-0.018242,-0.0045353,0.0029326
"158.960907",0.037612,0.058443,-0.037078,0.02104,-0.033061,-0.0038114
"158.960907.1",0.042875,0.056339,-0.020915,-0.0089748,-0.015058,0.015904
"162.1469421",-0.053056,-0.016649,-0.011987,-0.010691,0.0045425,0.0068781
"165.0516663",0.052348,0.012467,-0.0036748,-0.0038551,-0.035765,-0.010355
"169.9850006",-0.050974,-0.026306,-0.012932,-0.024844,0.006096,0.013752
"176.0645599",0.050649,0.0069174,-0.01946,-0.030957,0.033919,0.015052
"179.0443268",0.03187,-0.074325,0.0074715,-0.031364,-0.020197,-0.0074677
"184.0959167",-0.046875,-0.041097,-0.027415,-0.02232,-0.0022914,0.0053679
"184.0959167.1",-0.041431,0.028989,0.026549,0.070258,0.017421,0.00034725
"185.0741577",0.017278,-0.06591,-0.0027403,-0.060013,-0.076679,-0.00042487
"187.1047058",0.042746,0.043557,0.031938,-0.045451,0.00079846,-0.001353
"187.2234802",0.051774,0.027508,0.0076944,0.0080138,0.010206,-0.0019727
"196.8620605",0.0477,-0.012163,0.050142,-0.016351,-0.027412,-0.0047775
"201.1053314",0.053468,-0.015241,0.0080479,0.0022886,0.0068467,0.0079091
"203.2167816",-0.052109,0.01439,0.023925,-0.013055,-0.015814,-0.013186
"205.0655823",-0.045616,-0.043924,-0.0237,-0.018422,-0.029338,-0.00087378
"206.0678406",-0.046344,-0.04244,-0.017289,-0.024156,-0.027173,-0.00088364
"206.0528717",0.044915,-0.038552,-0.0027321,-0.053235,0.010033,-0.0071489
"206.8924255",0.030794,0.037557,-0.017729,0.019055,0.10857,-0.009438
"208.8881836",0.034184,0.028692,-0.078469,0.035395,0.030577,0.0016524
"212.2336884",0.0044107,-0.027844,0.091019,0.024917,0.088664,-0.020087
"215.1518555",-0.045857,-0.0027009,-0.0042623,-0.072169,-0.0016351,0.00032249
"217.1002502",0.046178,0.02253,0.0098984,-0.038469,-0.057291,0.0043951
"217.1002502.1",0.024545,-0.011336,0.040321,0.041837,-0.11802,-0.026837
"218.2080994",0.0049745,-0.085211,-0.045396,0.032332,0.0283,0.006924
"218.2085266",0.05161,-0.00075817,0.012421,0.039717,0.0033405,-0.0070488
"220.2162933",-0.044942,-0.036192,-0.040211,0.011696,-0.038787,-0.0091022
"223.1522827",0.047075,0.028119,-0.039547,-0.01596,0.033859,-0.0012725
"226.9509583",0.049713,0.033352,-0.025838,0.00039753,-0.004396,0.014523
"226.9509583.1",0.052194,-0.00075607,0.031649,0.0084186,0.012005,-0.0060903
"230.2479095",0.047772,0.021267,-0.0079737,0.032705,-0.05288,-0.013725
"231.1670685",0.053427,0.0040766,0.0079965,-0.013605,0.01984,0.0048429
"233.1489258",0.024374,-0.083011,-0.011923,-0.025358,0.026415,-0.0061542
"239.1452484",-0.053275,-0.016801,0.0040578,0.010384,0.0054792,0.0052376
"242.0962067",0.040272,0.043629,-0.046752,0.027899,-0.038609,0.00020176
"242.9248505",-0.04727,0.034125,0.01553,-0.042989,0.0082915,-0.0027791
"243.9395447",0.052945,0.012405,0.0056684,0.020125,-0.015008,0.0083774
"245.09729",-0.047186,-0.043292,-0.00097336,0.018466,-0.02661,0.0095658
"245.1850433",0.046738,-0.012009,0.059243,0.0076864,0.01346,0.0096823
"245.266098",-0.045199,-0.0090716,0.040302,0.055267,-0.023801,0.011964
"247.154892",0.051895,0.0096376,0.013909,-0.034153,-0.0039181,-0.0052467
"247.1876984",0.050404,-0.0014348,0.038722,-0.0026218,0.030435,0.0015264
"253.1615448",-0.0089258,-0.023685,-0.092074,0.074481,0.033254,0.0061196
"254.2472992",0.046673,0.022869,-0.02893,0.031163,-0.048513,-0.005733
"258.1096802",-0.0097092,0.04988,0.020243,0.050685,-0.11388,-0.0088685
"258.1048279",-0.017348,-0.034484,-0.010316,0.061598,-0.11595,-0.0025239
"258.8149109",0.044594,0.011686,-0.014516,-0.037684,-0.072766,-0.0032078
"259.1115417",0.05349,-0.0048661,0.013201,-0.015227,-0.0090487,-0.013823
"259.2787781",0.016483,0.036111,0.10704,-0.0093068,0.0088387,-0.0024663
"260.1145935",0.052555,-0.0060504,0.019994,-0.012072,-0.024702,-0.017008
"261.1308289",0.031563,-0.036509,0.072111,0.021555,-0.060206,-0.017705
"262.2335205",-0.009917,-0.0034444,0.10989,0.044337,-0.036058,-0.015519
"263.2361755",-0.040188,-0.045383,-0.044675,-0.037339,-0.025343,0.0091494
"267.167511",-0.051972,-0.020735,0.016587,0.013769,-0.015919,0.0017933
"267.178894",0.025753,-0.031934,0.087051,0.012815,0.060994,0.0072064
"268.2080078",0.028771,0.075726,0.017102,-0.040426,0.013127,-0.014644
"272.2565308",0.024795,0.026037,-0.032291,-0.085417,0.077826,0.0073796
"273.1869507",-0.0022175,-0.050171,-0.089111,0.053058,0.034969,0.006911
"274.2736206",0.026344,0.013938,-0.077495,-0.0064885,0.090796,0.0093373
"274.2744751",0.052692,-0.0010402,0.0053057,0.030339,0.012546,-0.00075775
"275.1440125",0.05061,0.0055983,-0.019674,-0.0084714,-0.048785,-0.0025001
"275.3921509",-0.010291,0.0061052,0.0046686,0.12379,0.053713,0.005705
"276.2767334",0.047175,0.030082,0.030858,0.037545,0.015435,-0.012531
"276.2767334.1",0.045426,0.013668,-0.050301,0.0196,0.046932,-0.0047478
"281.2637939",-0.014673,-0.034972,0.0093779,-0.043942,0.12862,-0.0027546
"284.3293152",0.042642,-0.041718,0.025437,-0.053622,-0.0011915,0.0058893
"285.2087097",-0.020108,0.016082,-0.086335,-0.037753,0.079369,0.011577
"287.1443481",0.016853,0.01125,-0.039816,0.023552,-0.13482,0.0088266
"289.1988525",0.019052,-0.028136,-0.02425,-0.10738,-0.054484,0.0042065
"290.2762756",0.051014,-0.002891,-0.025299,0.013179,0.039542,-0.0041923
"297.1903687",0.037923,-0.007767,-0.033277,-0.011687,0.10118,-0.00044754
"297.2573242",0.052055,0.016766,-0.0053558,0.012744,0.03148,-0.011946
"301.2038269",0.023255,-0.013889,-0.055119,0.10041,0.031889,0.030259
"302.3033752",0.041138,-0.00079558,0.049944,-0.066618,-0.020397,-0.017124
"303.3079834",0.046787,-0.020925,0.028192,0.052955,0.011529,0.0058019
"304.3071289",-0.038854,0.017526,-0.057173,0.065941,-0.0028032,-0.00033
"305.1692505",-0.010679,-0.071643,0.071289,0.03866,0.0053305,-0.0035597
"306.1603394",-0.018499,-0.070245,0.073512,-0.0022934,0.01077,0.014664
"308.0874023",0.031342,-0.077371,0.0058552,-0.024571,0.0066938,0.016777
"312.7811584",0.044671,-0.020681,0.056614,-0.030648,0.018252,-0.0022393
"314.7771912",0.044882,0.030364,-0.048049,-0.034848,-0.00085323,-0.0022384
"315.0969849",0.051926,0.025723,0.00077604,0.00013394,0.019887,-0.0069028
"316.7733765",0.038378,-0.019255,-0.011153,0.039754,0.09402,-0.0030664
"318.4022522",-0.0035487,-0.027119,0.06819,-0.039071,0.11248,0.016269
"319.1722412",0.033535,-0.0081247,-0.022339,0.0020815,-0.11804,-0.00031253
"319.303894",-0.037427,-0.0067031,0.034187,0.085872,0.030635,-0.0093815
"320.3052063",0.040963,-0.046493,0.044374,-0.02798,0.026826,-0.0089625
"330.0697937",0.049899,-0.032295,-0.012034,-0.023714,0.011879,0.0048631
"330.3352051",0.012752,0.02353,-0.091687,0.022508,0.084906,-0.0008284
"331.0751953",0.049583,-0.028956,-0.01488,-0.029415,0.01984,-0.0055756
"332.3293152",0.038595,-0.0045932,-0.078073,0.035291,0.021352,0.011118
"332.3293152.1",0.034769,0.034292,-0.082864,-0.011474,0.0072844,-0.0022008
"333.1845398",0.050844,-0.022657,0.024543,-0.0005786,0.026714,-0.0085951
"333.3318176",0.038471,-0.0045429,-0.078391,0.03277,0.026102,0.004178
"334.3358154",0.038785,-0.045071,0.054141,0.018601,0.038745,-0.017528
"335.1693726",-0.044349,-0.047324,-0.0094668,0.038335,-0.016475,-0.01245
"340.2810974",0.051774,-0.0077754,-0.02568,0.02721,-0.0038793,0.0056996
"340.3837585",0.034515,-0.068203,-0.019788,-0.037039,-0.011626,0.0094181
"341.2839661",0.051317,0.0015713,0.0078872,0.041969,0.012565,-0.0054807
"342.285675",0.0039394,-0.070101,0.082062,0.016212,0.019023,0.027965
"343.2901611",-0.053561,0.010969,0.0091988,-0.013001,0.0012752,-0.0025248
"345.2273254",-0.039873,-0.044243,-0.05417,-0.030582,0.014408,0.010302
"346.0471497",-0.010644,-0.089134,-0.0057049,0.041303,0.026947,-0.0070851
"347.0506592",0.045706,0.0011701,0.061255,0.015858,0.026071,-0.014991
"347.2075195",0.047991,0.016787,-0.048855,-0.01319,0.022627,-0.0093404
"349.29599",-0.042324,-0.050575,0.041037,0.014538,0.00036267,0.0077664
"352.0522156",0.052779,-0.016826,-1.1215e-05,-0.014483,0.01871,-0.00040578
"356.3511047",-0.0036725,0.031592,-0.027845,0.025281,-0.13915,-0.016746
"358.237793",0.00080732,-0.052884,-0.013413,0.10902,0.032147,0.012243
"360.361969",0.044027,-0.0060119,-0.054077,0.034619,0.043596,-0.0010023
"362.3254395",0.030117,0.012607,-0.043868,0.038135,0.10619,0.001196
"362.3254395.1",0.052199,0.0037586,0.00028889,0.023535,-0.032784,-0.0024919
"363.3257446",0.034024,-0.071153,0.027619,0.0081448,0.022237,0.004949
"364.3326111",0.039799,-0.015181,0.01811,0.018037,-0.098065,0.011699
"367.1393433",0.024112,-0.074299,0.021382,-0.053675,-0.028603,0.0008529
"368.0276489",0.039093,-0.024979,0.027074,-0.074304,0.039652,-0.0085884
"368.1410828",0.02464,-0.073768,0.022531,-0.052552,-0.029729,-0.0021617
"371.2758179",-0.052437,-0.006225,0.01635,-0.0092092,0.031612,0.0054515
"372.2749939",0.013767,-0.0884,-0.0079438,-0.023717,0.043508,0.0091771
"374.0366821",0.053403,-0.0085943,-0.0050754,-0.018912,0.010151,0.0079126
"374.3596191",0.042911,0.0079667,-0.059464,0.019657,0.052092,0.0022269
"374.3596191.1",0.039857,-0.008049,-0.015952,0.081691,0.041773,-0.015557
"377.2316589",0.027152,0.060417,-0.056179,0.014591,0.058958,-0.020696
"382.7637329",0.041089,-0.00053428,0.028151,-0.077823,0.032332,0.0048518
"383.1092224",0.0014191,-0.054186,-0.056436,-0.089518,-0.030906,-0.012975
"384.3082275",-0.00032589,-0.054356,0.088117,0.043249,0.041009,0.011381
"384.3082275.1",0.049789,0.0083798,0.014548,0.048134,0.016584,0.014949
"384.7053833",-0.045971,-0.048905,0.0041907,-0.023111,-0.0062308,0.0033412
"385.3110962",-0.0070951,-0.028012,-0.010893,-0.062912,0.12759,-0.0092193
"391.2113342",0.041272,-0.036426,0.062378,0.0023111,0.023891,0.00018584
"394.2109985",-0.037391,-0.064676,0.01465,-0.029348,0.024327,0.00069109
"398.8371582",0.032958,0.03108,-0.053488,-0.044034,0.075011,-0.01347
"405.2596436",0.04463,-0.052523,-0.004709,-0.0037796,-0.027913,0.0052275
"406.3508301",-0.02893,0.063869,-0.049816,-0.037979,-0.032168,-0.006975
"406.3508301.1",0.050785,0.025075,0.029402,0.0060206,-0.0015282,-0.007112
"406.7172241",-0.050091,-0.037275,0.0043405,0.0060461,0.0012326,-0.0029479
"407.3539734",0.028262,-0.05355,0.076536,0.0059318,0.029314,0.00023638
"413.2644348",0.040059,-0.0064028,0.073835,-0.014186,0.043299,-0.0017804
"416.3030396",-0.025912,-0.075868,0.047068,0.014785,0.013317,-0.012272
"420.2292175",0.04563,-0.022003,0.055142,0.019012,-0.022544,-0.0062971
"421.3154297",0.050252,-0.026011,0.026629,0.011679,0.020935,-0.003796
"426.828186",0.050237,-0.013896,0.042618,-0.0078049,-0.00029968,-0.013758
"428.3311768",-0.01965,-0.0072661,-0.098751,-0.049393,-0.044127,0.0073444
"431.1068115",0.052042,0.017856,0.014096,0.023458,0.011043,-0.012048
"432.6916199",0.047332,-0.0047393,-0.022785,0.039219,0.053653,0.0061239
"433.0895996",-0.043485,-0.045129,-0.024144,-0.031371,-0.035428,0.0034654
"434.2846069",0.0176,-0.078591,0.060408,0.0058314,-0.0029825,-0.016016
"434.6905823",0.044928,-0.019188,0.015463,0.060043,-0.039193,-0.0063976
"435.232605",0.044356,-0.054818,0.014257,-0.0070649,0.0040205,-0.016356
"437.2321472",0.0046604,-0.068576,0.080422,0.0028258,0.040132,0.00094584
"438.2726746",-0.01958,-0.080224,0.024681,-0.051096,0.015084,0.006534
"440.7224426",0.031458,0.062445,0.005139,-0.067029,-0.012572,-0.004827
"441.1752319",0.046007,-0.037656,0.025914,-0.02855,-0.032572,-0.010872
"442.840332",0.043424,-0.048627,0.037063,-0.0087595,0.019884,0.0055557
"443.3308105",0.047305,-0.0033139,0.046106,0.024121,0.040168,-0.0065116
"445.3341675",-0.018759,0.063992,-0.06051,-0.013964,-0.068617,-0.0013745
"446.3328857",-0.029267,-0.076721,0.0059784,0.033923,0.024542,0.0039639
"449.2840881",-0.024226,-0.08567,-0.00085162,0.0013114,-0.026302,-0.014905
"450.3609924",-0.044623,-0.053846,-0.0082756,-0.016306,-0.0046202,-0.0025382
"451.3135986",-0.02312,0.028659,0.10377,-0.016464,-0.0040521,-0.012845
"452.311554",0.025181,-0.070786,0.059037,0.01388,0.019211,0.0007629
"453.2567444",0.044225,-0.0013821,-0.053541,-0.023069,0.05306,0.0052687
"457.2712708",0.046461,-0.004919,-0.04875,-0.02792,0.039539,0.0053148
"459.3261414",0.053404,0.0056675,0.014564,-0.010849,0.015003,-0.010798
"460.3105469",0.019317,-0.02765,-0.025503,0.009105,-0.13399,-0.0058752
"465.2258911",0.045385,-0.032899,0.037514,-0.02264,0.039933,-0.016353
"465.9312744",0.046449,0.012833,0.018869,0.013081,-0.072519,-0.011441
"468.2688904",0.041402,-0.048757,-0.03975,-0.030432,-0.01768,0.0016392
"473.3648071",-0.037955,-0.058187,0.041793,0.019455,0.021093,-0.0057397
"474.3391724",0.02702,0.025137,-0.09188,-0.033272,0.039097,0.020133
"478.326355",0.042534,-0.045068,0.040517,-0.0038546,0.038954,0.0089604
"478.8414612",0.050861,-0.033612,-0.0030414,-0.0070477,0.0047867,0.0012025
"481.2592468",-0.042256,-0.037965,-0.012336,0.031394,0.065673,-0.0015867
"482.358551",0.053836,0.0068314,-0.008426,0.012048,0.00071921,-0.0059722
"486.3592834",0.042507,-0.049015,-0.00017792,-0.022088,0.051024,-0.0018647
"486.8042297",0.035317,-0.0071671,0.079122,-0.035499,0.045534,0.0044384
"487.3568726",0.018111,-0.035696,0.10632,0.0051975,-0.0044237,-0.0019626
"487.3208008",0.046594,-0.010887,-0.027233,-0.0021121,-0.069761,-0.0036139
"490.6508179",0.045923,0.020458,-0.041606,-0.032934,-0.040026,0.015131
"491.9512329",-0.034785,-0.019403,0.082738,-0.041118,0.0068786,-0.011033
"492.6480713",0.017933,-0.0108,-0.051522,0.10419,-0.050941,0.022567
"493.3121643",-0.020791,-0.084211,0.0068609,0.039958,-0.020132,0.0094535
"493.3121643.1",0.050564,-0.018959,0.036221,0.0036008,-0.013462,0.00241
"494.2835388",0.014619,-0.037856,0.059877,0.038532,-0.1049,-0.0066668
"495.3380432",0.012924,-0.080814,-0.043993,0.025761,0.046841,0.012684
"496.3370361",0.0092141,-0.024345,-0.1063,0.051753,0.01555,0.032636
"497.3424072",0.022571,0.01521,-0.091305,-0.0052049,0.07706,0.013476
"498.8972168",-0.013505,0.082773,0.054294,0.017663,0.009831,-0.0066739
"500.3509216",0.02621,-0.063954,0.070896,0.0060907,0.0021059,0.0066137
"500.9554443",-0.037431,-0.035707,0.072272,0.027473,-0.0067796,-0.019873
"501.98349",0.046114,-0.039636,0.040457,-0.0094551,-0.001073,0.0019084
"505.973114",0.045472,-0.043005,0.039602,-0.00078254,0.0016036,-0.0065321
"508.2913513",0.048235,-0.034409,-0.030571,-0.013404,-0.018854,-0.0063415
"508.369751",0.026167,-0.01079,-0.033836,0.1052,0.042098,-0.00093229
"511.3249207",0.035646,-0.038201,-0.016885,0.0028747,-0.097711,-0.0097991
"514.2993774",0.020428,-0.070044,0.071204,0.0094155,-2.3056e-05,0.0035764
"515.3514404",0.023083,-0.034622,0.001683,0.1125,0.002237,0.0069974
"518.355957",0.045147,-0.03738,0.049049,-0.0015356,-0.0066334,-0.0011051
"521.8114014",0.01114,-0.093701,-0.015692,-0.014464,0.012361,0.0021382
"522.3067017",0.051675,-0.02667,-0.00034795,-0.0049095,-0.021239,-0.0013516
"522.3543701",0.050474,0.00069793,-0.033644,0.033138,0.0047301,0.0042066
"522.8075562",-0.010589,-0.04278,0.079274,0.076216,0.028226,-0.0062838
"523.3563843",0.050488,-0.0006751,-0.031078,0.035378,0.0086846,0.0040915
"524.3673096",-0.044246,-0.031591,-0.011718,-0.062199,-0.015878,0.0010541
"524.8292847",0.044754,-0.02954,0.058122,-0.0083695,-0.0036384,-0.007456
"525.3712158",-0.045892,-0.027741,-0.031023,0.0496,0.012434,0.0083348
"530.3225708",0.043206,-0.047824,-0.029888,-0.029785,0.021152,-0.00031041
"530.9794922",0.04376,-0.035817,0.035578,-0.0065833,0.055815,0.00075351
"531.5673218",-0.034595,0.0037452,-0.0027132,-0.10036,0.03143,-0.00027605
"532.5700684",-0.037458,-0.018397,0.078226,-0.023387,0.035222,-0.00014955
"533.4372559",-0.052131,0.012868,-0.0099363,-0.0305,0.0097213,0.002202
"534.4831802",-0.045686,0.037488,-0.028792,-0.040424,0.00079999,0.016579
"535.9838867",-0.02479,-0.079492,0.016602,-0.044494,-0.0017158,-0.0056284
"536.4026489",-0.011657,-0.087422,-0.0043785,-0.050606,-0.014196,0.0039815
"537.315918",0.047452,-0.0016764,0.035614,0.036761,-0.043362,-0.0038553
"537.3938599",-0.030682,-0.076176,-0.010558,0.033027,-0.0088406,0.0038121
"538.3233233",0.022688,-0.038088,-0.061361,-0.0081308,-0.10042,0.010094
"538.3063644",0.048999,-0.0025419,-0.038294,-0.02302,0.037662,-0.0084995
"539.2982178",0.014035,-0.084427,0.026463,-0.047614,-0.017388,0.0015243
"540.9874878",0.043313,-0.050846,-0.033269,-0.017463,-0.0064288,0.0017394
"541.8399048",-0.030103,-0.072047,0.023015,0.003028,-0.051695,0.0056587
"542.3438838",-0.038798,-0.061573,0.026911,0.017125,0.025327,0.0035648
"542.973877",-0.021028,-0.025557,0.095682,-0.033316,0.051752,0.00048531
"543.3467407",0.03859,-0.053694,0.040158,-0.0078804,0.044208,0.0063819
"544.3334351",0.027562,0.0027744,0.056684,-0.098107,-0.0045666,-0.0034745
"544.6499634",0.03531,-0.052629,-0.019748,0.068434,-0.0093504,-0.0001069
"544.8231812",0.046919,-0.0035112,0.040703,0.04695,0.022788,0.0037381
"545.3982794",-0.049224,0.011826,-0.044401,0.014871,0.022298,0.011242
"546.3526901",-0.031014,-0.016088,-0.063506,-0.072922,-0.045815,0.003446
"546.6105347",0.013997,0.062552,0.022003,-0.055198,-0.088193,0.0012354
"546.8381958",0.034363,-0.043789,0.033823,0.075086,0.017822,-0.0011108
"547.3995361",-0.051041,0.0039476,-0.014833,0.0036477,0.049065,0.0033245
"548.6351864",0.029683,0.04884,-0.07568,0.03223,0.017169,-0.0028654
"550.6073608",0.045241,-0.0048405,-0.027618,0.060151,0.036368,-7.0156e-05
"551.3187474",0.049699,-0.0072563,-0.00014644,0.0049687,-0.061277,-0.013373
"552.3497925",0.042115,-0.04324,0.047666,0.012981,-0.031662,-0.0050851
"552.8648071",0.045885,-0.042118,0.037073,-0.011692,0.0041503,0.0066169
"553.5175941",-0.023057,-0.017486,0.065261,-0.094625,0.01831,0.0024004
"553.3987438",-0.030838,0.012072,0.053529,-0.092809,0.00065252,-0.0041102
"554.5178833",-0.036744,0.012783,0.027962,-0.092944,0.0021482,0.0037908
"555.3917236",-0.030726,0.0149,0.04111,-0.099689,0.001339,0.0071865
"556.4412842",-0.03697,0.02298,-0.022395,-0.078274,-0.052022,0.0053535
"556.6410522",0.047074,-0.016669,0.019281,0.059106,0.009372,-0.0043943
"556.9528809",0.050802,0.019934,0.028186,-0.021581,-0.010981,0.0015489
"558.6420898",0.046204,0.027904,-0.038916,-0.033957,0.027112,0.0080537
"558.9810372",0.049157,-0.037603,-0.01936,-0.010369,-0.0056279,0.007215
"559.037831",0.041315,-0.020697,-0.027662,-0.0011935,-0.088528,0.0078204
"559.3410034",0.053693,-0.0075783,-0.011065,-0.012172,-0.0034522,0.0038864
"560.6648116",0.045494,0.026732,-0.040376,-0.037456,0.030237,0.012929
"561.4697764",0.04875,0.027726,-0.0356,-0.019317,0.014518,-0.0014856
"562.3966675",0.020011,-0.049774,-0.042354,0.017262,-0.10616,-0.0084732
"563.9318237",-0.043197,-0.058456,-0.0012623,-0.010414,0.0068469,0.010823
"564.4274292",-0.053979,0.0071817,0.0034956,-0.010575,0.00072252,0.0031898
"564.8571847",0.02805,-0.025674,-0.088911,-0.040786,0.033516,0.0072263
"565.9839007",-0.047514,-0.024963,-0.024483,0.047984,0.0088454,0.015252
"566.3508495",0.051773,-0.022107,-0.020517,-0.014306,-0.0043334,0.010652
"566.9833346",0.047187,0.036997,-0.029578,0.025915,0.01226,-0.0032616
"567.0218448",0.041876,0.043546,-0.047252,-0.0036977,-0.036957,-0.013171
"567.4201949",-0.031462,-0.03361,-0.045247,-0.086439,0.0026476,-0.0044987
"568.3491627",0.052488,-0.013167,0.026734,-0.00092367,0.0027783,-0.0051074
"568.8897095",0.014961,-0.070797,-0.0044881,-0.084886,-0.004816,-0.0064897
"571.8465576",0.047098,-0.034188,0.043085,-0.0053296,0.00010902,0.01397
"573.3361816",0.037101,-0.070261,0.0070389,-0.012916,0.0062245,-0.00065862
"577.468689",-0.029,5.315e-05,-0.0083817,-0.1139,-0.0010138,3.3046e-05
"578.4689941",-0.025374,-0.043752,-0.05636,-0.079991,0.021176,0.0031361
"579.8446045",-0.047356,-0.0447,0.0018298,-0.022222,-0.0075879,0.0086753
"581.3499756",0.0451,-0.027339,0.00012556,-0.025588,0.068725,-0.00098282
"581.420105",-0.0052237,-0.026498,-0.074875,-0.062338,0.089283,0.0226
"582.468416",-0.040862,-0.024195,0.019709,0.078562,0.014484,0.019165
"583.3474121",0.041582,-0.058472,-0.0047985,-0.029443,0.011192,0.004441
"585.3146362",-0.021426,-0.088365,0.0156,0.010977,0.001222,0.014291
"585.8701172",-0.013362,-0.054941,-0.032848,0.096583,-0.030797,-0.0080165
"587.3463039",0.030771,-0.0075212,-0.087767,-0.027552,0.053483,0.0065886
"588.3579546",0.018222,-0.078075,0.060297,-0.0042716,0.0086013,-0.0069304
"588.8485107",0.040346,-0.062013,0.022373,-0.010576,0.010037,-0.013721
"589.4616089",-0.051593,-0.020312,-0.023971,0.016744,0.0042499,0.0094519
"589.5027139",0.047372,0.032049,0.0053028,-0.043789,-0.024259,-0.0094101
"590.458374",0.029155,0.01894,0.078968,-0.06815,0.010689,-0.0046513
"591.4644775",0.043949,0.016709,0.021651,-0.071359,-0.011972,0.0052829
"592.4629517",-0.048235,-0.025256,0.038551,-0.027935,0.0079074,-0.0078394
"595.3491704",0.041663,-0.056076,0.022617,-0.027747,-0.010501,0.0071788
"595.4592686",0.0038654,-0.055454,-0.02799,0.10151,0.036453,0.00064992
"597.3423477",-0.02948,-0.017155,0.0439,0.099006,0.015152,-0.0061004
"600.3833524",0.047181,-0.03251,-0.040611,-0.020492,0.0059733,-0.0069985
"600.8560181",0.049835,-0.025321,0.031728,0.0014949,0.023837,-0.01034
"601.8570557",-0.045646,-0.048141,0.0092186,-0.027853,-0.0065596,0.0020109
"602.3587469",0.036053,-0.058948,-0.03789,0.037031,0.023628,0.0015904
"603.4406742",-0.051729,-0.0068646,0.032369,0.017486,0.0060919,0.0088417
"603.3649902",0.018651,-0.065746,-0.053947,0.06437,0.012727,0.0056422
"604.5716882",0.053599,-0.0044701,-0.0027407,0.018844,-0.010038,-0.010301
"605.4205371",0.034111,-0.0017043,0.074053,0.012497,0.074705,-0.0055286
"606.5674438",0.046748,-0.018755,0.042062,0.027809,-0.038683,-0.015999
"607.4232026",-0.031743,-0.064633,-0.045637,0.038276,-0.0015277,0.012267
"607.9439697",0.046156,-0.039246,0.010856,-0.015925,0.047609,-0.0085205
"608.5648193",0.036903,-0.031068,0.031942,0.075842,-0.036077,0.0034552
"609.3596802",0.049278,-0.007569,-0.021203,0.00083448,-0.05826,-0.011628
"609.3596802.1",-0.024138,-0.056333,-0.079181,-0.012996,0.031814,0.012203
"609.866333",0.048666,-0.034256,0.030301,-0.0033447,0.017023,0.0053261
"610.3592529",0.041329,-0.026658,0.04107,0.011081,-0.073988,0.0007048
"610.5621948",0.044904,0.021875,-0.043131,-0.03984,-0.036543,0.0050512
"610.8599042",0.037985,-0.020875,0.008041,0.0077457,-0.10498,-0.019304
"611.359779",0.026338,-0.077241,0.033674,-0.012071,0.035962,-0.00020164
"611.3599982",0.023551,-0.0034407,-0.058945,-0.00030765,-0.11815,0.0037479
"613.3410645",-0.043255,-0.05707,0.018486,-0.0016541,0.0023795,0.0026012
"614.6008758",0.052546,0.0093306,5.3391e-05,-0.031517,-0.0037494,0.0066338
"616.5957642",0.033516,0.060175,-0.022938,-0.054951,0.030229,-0.00249
"617.3834766",0.051438,0.0038584,-0.029005,-0.015889,0.027656,0.012567
"618.5923437",0.032494,0.064944,-0.012499,-0.05469,0.024139,0.010401
"620.4360962",-0.04941,-0.030441,-0.0084062,0.035299,0.0070744,0.0030665
"624.3648644",0.043978,-0.0036619,-0.050975,-0.026509,0.056295,0.019749
"624.9107056",0.020785,0.054162,-0.074113,0.055368,-0.0166,0.010699
"625.392395",-0.044045,-0.055369,0.014116,0.010977,-0.00053951,-0.0034771
"627.3560791",0.024518,-0.067686,0.056194,0.014909,0.047034,0.0046123
"628.7244263",-0.046106,-0.043882,-0.028557,-0.020299,2.2662e-05,0.0068463
"629.3596905",-0.040419,-0.024106,0.067478,-0.03563,0.017351,-0.0059598
"629.2184689",0.053157,-0.011313,-0.011375,0.018431,0.0060876,0.0034763
"631.4787148",0.051469,-0.02345,0.023501,-0.0029874,0.012961,-8.1416e-05
"633.0492704",-0.013606,-0.092127,0.015854,-0.018913,0.013836,0.012595
"634.4543384",-0.021966,-0.06276,-0.046672,0.068967,0.02001,0.015646
"634.8860958",0.043721,-0.0026031,-0.010625,0.078103,0.01544,-5.6394e-05
"634.9128038",0.04144,0.0071202,0.0078407,0.067078,-0.062498,-0.0093411
"636.0708618",0.040032,0.035965,0.012175,0.073731,0.017852,0.006326
"638.1603984",0.051091,0.006713,0.036891,0.0012403,0.021844,-0.0012142
"639.4082642",0.043015,-0.021674,0.016486,-0.0071591,-0.085363,-0.011081
"639.381897",0.053771,-0.010653,-0.0066754,-0.0093937,-0.0022863,-0.00071043
"640.4059205",0.029414,-0.072363,-0.030549,-0.024481,-0.038293,0.0064124
"644.3449827",0.050206,-0.028522,0.026121,-0.0073876,0.01672,0.00096967
"645.3161437",0.048541,-0.01687,-0.018464,-0.043684,-0.032638,-0.0054166
"646.470884",0.05296,-0.012517,-0.011018,0.020837,0.0048612,0.0022973
"647.4713745",0.048447,-0.016835,0.040186,-0.024051,0.029221,0.010289
"649.4676514",-0.033688,-0.038575,0.068184,0.050093,-0.016935,0.010654
"650.4695435",-0.048941,-0.02586,0.023436,0.038506,0.00071774,-0.014781
"654.4902344",-0.026222,-0.083451,0.017679,0.0096568,0.014158,0.0008424
"655.4016724",0.043144,-0.0044505,-0.040611,-0.019031,0.075614,-0.0006437
"657.4689331",0.017527,0.01799,-0.10702,-0.020723,-0.042737,0.015006
"658.5714722",-0.049067,0.0094355,0.048397,-0.017871,0.0052579,-0.0051656
"658.9059681",0.033253,-0.050928,-0.054362,0.052535,0.010395,0.015974
"659.3149957",0.034426,-0.066639,-0.021227,-0.037279,0.024539,0.0014533
"660.1396539",0.053039,0.0067616,0.016446,0.011902,0.019561,-0.0024082
"661.4054472",0.052933,-0.013033,-0.016614,-0.015656,0.0038603,0.0051669
"662.7075905",0.042694,-0.0096606,-0.013586,0.078222,0.024576,0.0033383
"663.4630506",-0.045208,0.036082,-0.048284,0.016399,0.0029263,0.0020078
"664.4634128",-0.049022,-0.028056,-0.0089438,0.041408,0.0090583,-0.0033583
"664.5289307",0.043815,0.017337,-0.068433,0.0076685,-0.0080328,-0.010269
"665.4653931",-0.051908,-0.028487,-0.0043323,0.00076895,-0.00080197,0.0038662
"666.5244751",0.018766,0.075235,-0.05937,0.020953,0.02522,-0.0069722
"668.5281982",0.042793,-0.026295,-0.021321,0.068769,0.020452,0.0035502
"669.4205977",-0.048158,-0.042459,0.015727,0.011586,-0.0031717,-0.010393
"670.6088325",-0.047645,-0.029334,0.00065193,0.050566,0.00060482,0.012881
"671.3779907",0.017747,-0.027511,-0.047926,-0.041923,0.11661,0.018515
"672.6852417",0.04464,0.030912,0.032727,-0.036248,0.044113,-0.00098676
"673.4199219",-0.042396,-0.0079373,0.069981,-0.029372,0.016182,0.0096215
"674.0781023",0.044928,-0.043357,0.036672,-0.0068904,0.024979,0.0005581
"674.5565962",0.049701,-0.0057424,0.045334,-0.017435,-0.011812,-0.0060808
"675.4030762",0.04972,-0.011626,-0.006186,-0.0057922,-0.058786,-0.010663
"675.5424805",-0.01422,0.068395,0.066006,-0.048473,0.022282,-0.010054
"676.4527891",0.010023,-0.052439,-0.026968,-0.037572,-0.1152,0.022353
"676.5514169",0.05005,-0.0072825,0.042674,-0.015961,-0.015649,-0.014264
"676.7117046",-0.028934,0.066438,0.052784,-0.034804,0.0010079,-0.015354
"676.9008568",-0.0071774,-0.090056,0.037385,-0.020952,0.017125,0.01033
"678.4795532",-0.034113,-0.054324,-0.031392,0.063151,0.01638,0.01827
"682.9347534",0.044551,-0.04747,0.0070967,0.0018325,-0.04568,-0.0061847
"683.5983887",0.022399,-0.060052,0.057502,0.059101,0.030722,0.0017692
"685.436622",-0.040212,-0.003693,0.049459,0.069665,0.022979,0.010529
"685.5105524",0.047992,0.023371,-0.0036695,0.053009,0.01308,-0.0022586
"686.4382935",0.019064,0.019183,-0.0017815,0.0114,0.14147,-0.0092103
"686.5800155",0.042633,-0.029548,-0.054825,-0.039648,0.011911,0.013226
"689.5581055",-0.05288,0.0094384,0.0095404,-0.02568,0.0038724,-0.0020613
"692.7307129",-0.030872,0.062566,0.041756,-0.05216,0.0013195,-0.0072989
"692.8353882",-0.0015063,0.065264,-0.018391,0.07279,0.075798,-0.0089013
"693.4946289",-0.04496,-0.025458,0.041157,0.040828,0.032041,0.0084833
"694.495859",-0.047642,-0.022813,0.035765,0.040475,0.0050645,-0.001854
"698.5737305",0.036113,-0.05392,-0.015972,-0.056015,0.039048,0.0052202
"698.9191577",0.0053974,-0.088746,0.041962,-0.023974,0.017557,-0.017307
"701.4511416",-0.04613,-0.050125,0.012039,-0.0091235,0.0019565,-0.004871
"701.5592041",-0.054117,-0.0059956,0.0034231,-0.0058887,0.004499,-0.0049504
"702.5635986",-0.054076,-0.0081537,0.0014532,-0.0026252,0.0055962,-0.008476
"702.541319",-0.028778,-0.076648,-0.0031396,-0.042265,-0.0080847,-0.0030846
"702.9354357",0.04347,0.052824,0.031077,0.0052106,-0.0017396,-0.02574
"703.4355469",0.029735,-0.079935,0.016559,-0.012717,0.004745,-0.0098773
"703.6846313",-0.051846,0.0087547,0.006099,-0.037764,0.0024833,0.012232
"704.574646",-0.0040943,0.035159,-0.066463,-0.051208,0.10138,0.017611
"704.5542227",0.051781,-0.021662,-0.017332,-0.016448,-0.012983,0.011067
"704.9213867",0.047275,-0.010964,-0.047769,-0.018411,0.037813,0.0030178
"705.6899021",-0.011942,-0.023715,-0.035127,0.11863,0.030979,0.01447
"706.6973745",-0.028885,-0.06133,0.017092,0.045387,-0.067514,-0.021324
"706.5844116",-0.016513,0.08813,0.02542,-0.018789,-0.025999,-0.0054587
"707.5965576",-0.044732,0.042881,0.032874,-0.031849,0.0044213,0.0078633
"707.585867",0.033694,0.019573,-0.016451,-0.073939,0.07877,0.01191
"708.5960693",-0.036585,0.023455,-0.082387,0.016299,-0.023046,0.012087
"708.7151266",-0.049888,0.03201,0.021717,-0.016199,0.0082742,0.0029285
"709.5128784",-0.053104,-0.009652,0.013133,-0.019634,-0.0064414,-0.0056945
"712.1413744",0.046428,-0.040403,0.014487,-0.034849,-0.020326,-0.0060903
"712.579916",0.036564,-0.03857,-0.0082004,0.076368,-0.040042,0.0081854
"713.1428091",0.043978,-0.046774,0.013217,-0.042306,-0.010572,-0.0031475
"713.4419556",-0.034579,-0.028298,-0.051764,-0.017983,0.087023,0.012855
"714.4460223",-0.038007,-0.069223,0.00068858,-0.0060415,-0.010038,-0.0091908
"715.4572211",0.050983,-0.030482,-0.010496,-0.015332,-0.0049064,0.0021222
"716.5758667",-0.05057,0.032852,0.016404,-0.004115,0.0043252,0.0025467
"717.4094917",-0.035529,-0.053576,-0.021121,0.064107,0.019288,0.011557
"718.5924072",-0.049056,0.028438,-0.00011481,-0.040542,0.01492,-0.0050659
"719.5960527",-0.025902,0.068471,0.0023402,-0.054904,0.05239,0.010158
"719.5404054",0.050106,-0.022416,-0.031633,-0.020159,0.013255,-0.0023504
"720.4259644",0.029418,-0.067429,-0.003588,-0.062743,-0.016943,0.014814
"720.6966553",0.0068398,0.0044964,0.069804,-0.024151,-0.12277,-0.0028136
"721.5753409",0.041329,0.040735,-0.045521,-0.027562,-0.040151,-0.0069448
"721.5779143",0.039784,0.062125,0.027578,0.0088331,0.0078087,0.0053265
"721.6994323",0.02739,-0.031378,-0.036101,-0.10067,-0.0034772,0.018301
"722.5932007",0.035361,0.066338,0.030667,-0.015719,0.029866,0.0094291
"722.5787964",0.044725,0.048326,-0.013129,0.020524,0.031706,-0.0059125
"723.5938721",0.036743,-0.01327,-0.078695,0.045081,-0.002838,0.0046079
"723.5794067",0.013671,0.092869,0.0038058,-0.0030058,0.025866,-0.0093644
"724.4829102",0.043027,-0.0037189,0.010027,0.029987,-0.087126,-4.0587e-05
"724.4702272",-0.011886,-0.05528,-0.047922,-0.035254,-0.099341,0.00095727
"725.5562207",-0.040996,-0.042344,-0.027826,-0.058639,-0.0067359,0.019326
"726.4802376",0.017985,-0.063352,-0.029668,0.034682,0.090984,0.016219
"727.4542309",0.020272,-0.079436,-0.013544,-0.057274,-0.010991,0.00046055
"727.5684375",0.043025,-0.046594,-0.010426,-0.024705,-0.049924,-0.0077142
"728.6874679",0.0041563,0.076764,0.046101,-0.065005,0.0056912,0.00964
"729.5603027",0.036161,-0.05826,-0.019077,-0.053692,-0.020591,0.0062087
"730.6930542",-0.023317,0.0075577,0.085358,-0.018967,-0.085712,-0.012006
"731.6052246",-0.050775,0.0062814,-0.0021718,-0.047019,0.0038615,-0.0093021
"732.6070557",-0.010394,-0.052931,-0.027857,-0.10256,-0.031448,-0.0078326
"732.687439",-0.039995,-0.045807,-0.035486,-0.051729,-0.012701,-0.0072263
"733.5581055",-0.054044,0.0077262,-0.0041482,-0.0024791,0.0072904,-0.0048747
"733.7933011",-0.05035,0.023888,0.016598,-0.033697,0.0019259,-0.0060808
"734.121327",0.050909,-0.023814,0.004385,-0.032918,0.0055024,-0.0025865
"734.5097656",0.052585,0.0067303,0.0050765,-0.021721,0.02707,0.0089262
"734.7265625",0.025101,0.057684,0.012268,-0.085401,0.025527,-0.013553
"735.5708618",-0.053198,0.0015492,0.000256,-0.027056,0.0030574,-0.0114
"736.5427246",-0.052561,-0.023201,0.0084914,-0.0040262,-0.0055157,0.014057
"736.5763812",-0.052824,-0.01077,-0.0090999,-0.025639,0.0033882,-0.017014
"737.5435181",-0.051095,-0.017784,0.016915,0.025014,0.026209,0.010216
"737.7170944",-0.046251,0.044789,0.021459,0.02008,0.016379,-0.0038395
"738.5467357",-0.045289,-0.050024,-0.001272,-0.02662,0.0078771,0.0029019
"741.6500206",-0.013002,0.079326,0.016699,-0.051197,0.053446,0.017216
"744.5872803",0.018161,0.061464,-0.079471,-0.022563,-0.031967,0.0058174
"745.5527467",-0.037958,-0.065318,0.025681,-0.018144,0.0044318,-0.0050871
"745.5935669",-0.050858,0.028892,0.011975,-0.021179,0.0057147,-0.0050339
"746.4608689",-0.036285,-0.055558,-0.011537,0.0618,0.016301,0.0066851
"746.7189941",-0.038872,0.040476,-0.0037643,-0.0746,0.015384,-0.013894
"747.6080933",-0.037949,0.040218,-0.003793,-0.078256,0.011468,-0.027791
"748.6082687",0.035397,-0.00099826,-0.08894,0.017646,-0.027578,0.018672
"749.5822754",-0.0068922,-0.076945,-0.063946,-0.040067,0.0046182,-0.0053369
"750.58052",-0.05337,-0.0083333,-0.00055082,-0.022286,-0.00054999,0.0016532
"750.8040374",0.0030738,-0.072386,-0.030259,-0.082202,-0.018776,0.012354
"752.5133667",-0.053061,-0.020125,0.001858,0.0071148,0.0010706,-0.00076859
"752.707014",-0.048558,0.018956,-0.049156,0.0054261,-0.0034783,0.012286
"754.6709595",-0.047818,-0.01852,-0.029116,-0.014429,-0.053994,-0.0022287
"756.7073364",-0.052263,0.024599,0.0079317,0.0073759,0.00894,-0.0055279
"757.5827637",-0.027911,-0.03474,-0.022993,0.067899,-0.087988,-0.013135
"757.5877686",-0.03849,-0.04418,-0.044856,0.052439,0.013874,0.007931
"758.0564889",0.031772,-0.067409,-0.051159,0.010031,0.00022161,0.0083788
"758.4732666",-0.047168,-0.045304,-0.010782,0.019316,-0.0065032,-0.0056982
"758.5735328",-0.053642,0.014617,0.0020437,0.0033073,0.0056367,0.0038916
"759.4319329",0.04071,-0.061049,0.019813,-0.012911,0.016169,-0.003971
"759.5705566",-0.05002,0.034995,0.016514,-0.008935,0.0035988,0.002815
"759.8005981",-0.051518,-0.01805,-0.028052,0.012485,0.011148,0.0057381
"760.6969604",-0.0041561,0.073928,0.0086487,-0.080836,0.036862,-0.015207
"760.9609985",0.014764,-0.0306,-0.085301,-0.060307,-0.05892,0.0020873
"761.5906804",-0.053908,0.0030385,-0.0011166,-0.015721,0.0030498,0.0079882
"762.5993094",0.033786,-0.058956,0.012997,0.059321,0.032372,0.0039519
"762.5927734",-0.053798,0.00046632,-0.0025983,-0.018269,0.0023337,0.013365
"763.5965576",-0.017845,-0.039416,0.098906,-0.012273,0.040811,-0.0027837
"764.6021812",0.0091803,-0.073277,-0.055485,-0.058327,-0.019202,-0.0035058
"766.5284433",-0.039188,-0.05934,-0.029744,0.029465,0.0078293,0.013354
"766.7261034",-0.051364,0.018626,0.012551,-0.032759,-0.00053442,0.00034905
"767.5275879",-0.045354,-0.042241,0.0010707,-0.044044,-0.014522,-0.022003
"767.5950317",-0.046202,-0.04268,-0.031159,-0.019077,-0.0024042,0.0027037
"768.553894",-0.0064911,0.0028488,-0.099017,0.054951,-0.063401,0.017824
"768.5877686",-0.052089,0.025523,0.0099503,-0.0086297,0.0051383,0.0083465
"769.5569458",-0.028674,-0.00060787,-0.085549,0.045871,0.053513,0.014657
"769.5908203",-0.029157,-0.062303,-0.060837,-0.031797,-0.00643,-0.0016106
"770.6854497",-0.048702,0.039112,0.0085343,-0.023464,0.001561,0.0096024
"770.9421387",0.046353,0.043518,0.03256,0.0057173,0.0014678,-0.0071373
"771.4829712",0.041098,-0.053655,-0.022539,-0.03445,-0.024935,-0.0094639
"771.6085815",0.024433,-0.049072,-0.077595,-0.050603,0.008914,-0.0019108
"772.6269805",-0.046766,-0.033252,-0.030288,-0.037862,-0.0082105,-0.0069956
"772.8184041",0.013602,0.078222,0.052625,-0.044643,0.0012073,-0.023141
"773.4451904",0.049154,-0.025501,-0.027862,-0.020329,0.030376,0.020718
"774.6852296",-0.054236,0.0012595,-0.0048866,-0.0006426,0.0053082,-0.0011347
"776.586853",-0.046776,-0.038559,-0.0048253,-0.042559,-0.0054313,0.0026699
"776.6886597",-0.052584,0.020783,0.007527,-0.01428,0.0075635,-0.0040696
"778.4487305",0.049576,-0.018162,-0.017108,-0.021464,0.045913,-0.0053038
"778.570786",0.051389,-0.024757,-0.0064543,-0.012759,-0.026287,-0.014115
"779.5747681",0.041695,-0.041908,-0.056465,0.010835,0.013233,-0.0018771
"780.4706902",0.026578,0.016276,-0.029917,0.033013,-0.12156,0.012067
"780.6074535",-0.051018,-0.028256,-0.018317,-0.012682,-0.0079311,0.0089314
"781.5687965",-0.039864,-0.054568,0.018394,-0.043464,-0.023079,0.015718
"781.6785278",-0.053119,0.004218,-0.005834,0.02645,0.0052236,0.011241
"782.4782941",0.049268,-0.01044,0.042499,-0.012263,-0.02998,-0.01307
"782.6946278",-0.05414,0.0073679,0.0013387,0.0032276,0.0012391,0.0013859
"783.5708008",-0.051623,-0.021052,-0.02127,0.018985,0.002272,0.0076153
"784.4836573",0.038718,-0.0246,0.014218,0.08089,-0.036902,0.0010131
"784.5822717",-0.053252,0.018734,0.0044724,-0.0012464,0.003333,0.0069382
"785.5872803",-0.052387,-0.012897,-0.023139,0.016779,0.0053792,0.0097949
"785.8430912",-0.051796,0.0072794,0.0048671,-0.039009,-0.0020362,0.0025856
"786.603639",-0.052957,0.017821,0.00033624,-0.017026,0.0016995,-0.0027894
"786.4404907",0.049145,-0.011863,0.03387,-0.026724,-0.035075,-0.014464
"787.60488",-0.053363,0.013673,-9.7275e-05,-0.016367,0.0032852,0.0020885
"787.8434914",-0.051737,-0.011314,-0.01422,-0.034604,-0.0023524,0.010337
"788.4709242",0.053353,0.0023987,-0.00053072,-0.025069,-0.0017567,-0.0021774
"788.729187",-0.033129,0.028167,0.074748,-0.015957,-0.061815,-0.0087589
"789.4667969",-0.045809,-0.051917,0.0030741,-0.0090643,0.00017474,0.00074457
"789.7306519",-0.053597,0.0021887,-0.00074262,-0.021693,0.00032531,0.013001
"790.5634444",-0.0491,0.026203,0.016067,-0.041187,0.0035682,0.0016183
"790.4736328",0.04566,0.024845,-0.040793,-0.036751,0.032435,0.0063166
"790.7986113",-0.052974,0.019919,0.0092484,-0.00075799,0.005687,0.0039681
"791.6229248",-0.021431,-0.068888,-0.04325,-0.057648,0.030477,0.002168
"792.4696045",0.047211,0.022421,0.034799,-0.036244,-0.030682,-0.019043
"793.6091814",-0.034947,-0.04669,-0.05488,0.051998,0.014016,0.012733
"794.6052856",-0.053447,-0.0049556,-0.020266,0.0018712,0.0062198,0.0076673
"795.6251831",-0.051777,0.026664,0.0095516,-0.013335,0.0040529,-0.0040916
"798.6593018",-0.02756,-0.074971,-0.041205,0.012059,0.026965,-0.0025873
"799.8268002",-0.053662,0.010359,0.0057884,-0.013764,0.0010153,0.0086219
"800.7197266",-0.02505,0.064757,-0.028541,-0.069302,-0.026403,-0.0075239
"800.9706421",0.052143,-0.019642,-0.018255,-0.01681,-0.0020023,0.0095209
"801.607732",-0.0098228,-0.0066942,-0.10769,-0.0043266,-0.067562,0.0069426
"803.5050232",0.033679,-0.075249,0.011671,-0.011007,0.0099099,0.00045215
"804.6066895",-0.043082,-0.030145,-0.034861,0.058782,0.011203,0.0019424
"805.5491333",-0.010919,-0.073933,-0.05018,-0.060266,-0.020832,0.0050365
"806.0921021",0.047611,0.021545,-0.019342,-0.01651,0.058685,0.0010177
"807.5722612",-0.02841,-0.065503,-0.052753,-0.038278,-0.015142,0.0078135
"808.5823364",-0.051686,-0.02196,-0.015775,-0.021217,-0.0078243,-0.0010477
"809.5863037",-0.052314,-0.007305,-0.015941,0.029699,0.0060807,-0.0094098
"810.6010132",-0.049199,0.019369,-0.0024812,0.0018681,-0.057964,0.001873
"811.6669804",-0.043666,-0.0072895,0.019464,-0.039265,0.075797,0.0042285
"812.671814",-0.052807,0.020068,0.011621,-0.0064799,0.0052209,0.013255
"813.7991146",-0.052885,-0.010467,-0.0060528,-0.026051,-0.0046288,0.0046658
"814.8047485",-0.035516,-0.0096809,0.08457,-0.028667,0.031605,0.0030635
"816.7167358",-0.053472,-0.0013696,-0.014956,-0.015742,0.0072512,0.0032021
"818.4768677",0.047468,-0.029552,0.046063,0.0059443,0.0053525,0.011124
"820.7270508",-0.012341,-0.082123,-0.05852,-0.01403,0.0010916,0.0076737
"822.4827821",0.048778,-0.035587,-0.014843,-0.022584,-0.020647,0.0078964
"827.1311646",0.027483,-0.019025,-0.046627,0.0016846,-0.11625,-0.0016192
"827.696167",0.029105,-0.052541,0.033006,0.02535,-0.087069,0.016705
"828.969175",0.02631,0.073319,0.050247,0.023404,0.0064383,0.0046753
"829.5305834",0.036269,-0.024953,-0.071636,-0.016838,0.056276,-0.006496
"829.5534668",0.051879,-0.019506,-0.021463,-0.016807,-0.0061482,0.0011632
"830.7097707",-0.0050492,0.00018952,-0.046066,-0.012659,-0.14236,0.0012292
"832.5828169",-0.052223,0.02567,0.0060069,0.0060931,0.0065973,0.0076277
"833.4738949",-0.039506,-0.066288,-8.4952e-05,-0.012509,0.0015093,0.002246
"834.5995483",-0.04756,-0.035444,-0.038492,-0.0064483,-0.0021317,0.020836
"835.6924874",-0.037958,-0.059031,-0.044116,-0.015302,-0.0079534,0.01289
"836.6072761",0.04183,-0.053991,-0.030536,-0.026109,-0.0044142,0.0027355
"838.8354153",0.047366,0.03026,0.012577,0.048596,0.0090369,0.0017769
"840.4001506",0.027579,-0.019772,-0.061562,-0.086702,-0.029942,0.011058
"856.733591",-0.025417,-0.04567,-0.05704,0.07854,0.013241,0.00055946
"858.5967637",-0.0055748,-0.064035,-0.075288,-0.056586,-0.011404,-0.0071786
"859.5338745",-0.016139,-0.061095,-0.013406,0.094895,0.018386,0.0017697
"866.7801382",0.041778,-0.024514,-0.047658,-0.059482,0.0024873,0.013112
"877.7295691",-0.034024,-0.068097,-0.01358,-0.043096,-0.011792,0.0074122
"900.3533325",0.052016,-0.0027613,0.0086419,-0.028105,-0.028569,-0.0010178
"906.3884778",0.044364,0.0034892,0.025716,-0.061849,-0.043388,0.0018447
"906.8244629",0.044233,0.045069,0.033781,-0.028764,-0.0066503,-0.0075579
"908.3856201",0.050301,0.011382,-0.016726,-0.043238,0.013686,0.0027686
"910.3842773",0.030692,-0.046225,-0.063455,-0.022881,0.061923,0.01491
"956.3170253",0.039924,-0.041136,0.0084826,-0.067992,-0.023949,0.0073379
"958.3140259",0.016449,-0.032326,-0.10685,-0.023826,0.013151,0.00086564
"964.3459473",0.044616,-0.023556,0.035273,0.054647,0.022264,0.011294
"964.8502713",0.049489,0.020152,0.0089206,0.046631,0.0081668,0.0089853
"966.3449707",0.052102,0.002092,0.018243,-0.025386,-0.022999,0.0010399
"968.3421656",0.0095902,0.0015959,0.047549,-0.12117,-0.018492,0.00029127
"970.3383789",0.048685,0.0021041,-0.017876,0.054656,0.016507,0.0035478
"974.8329574",0.048915,0.028584,0.012353,0.041003,0.0044865,-0.0097907
"977.5952759",0.043545,-0.052851,-0.023714,-0.016425,-0.016419,-0.0015622
"978.6027137",-0.015834,-0.06913,0.015298,-0.023421,0.093975,0.0094329
"1008.80839",0.045721,0.022049,-0.028241,0.0018544,-0.06712,-0.0073074
"1021.609659",-0.041838,-0.056583,-0.029569,-0.013614,-0.0059534,0.0053588
"1022.304831",0.054202,0.0017694,-0.0034256,-0.0052662,0.0061014,0.0080945
"1024.303833",0.05146,0.004874,0.025549,-0.02425,-0.024168,-0.01598
"1026.302898",0.052911,0.0074056,0.0084436,-0.026946,-0.0043691,0.00010822
"1028.299683",0.053316,0.0021143,0.010284,-0.022937,0.0020539,0.0020557
"1042.796509",0.043206,0.032284,0.01163,0.066438,0.012926,-0.012271
"1057.14209",0.051248,-0.023438,0.0017998,-0.029789,-0.0087739,0.013406
"1076.790894",0.047698,0.021745,-0.031606,-0.010322,0.05071,-0.0089
"1082.260231",0.052262,-0.0019323,0.023297,-0.025988,-0.0041125,0.0036715
"1084.259644",0.052461,0.00041925,0.018879,-0.019472,-0.02334,-0.010056
"1086.253174",0.053371,0.0096059,0.0050749,-0.019705,-0.0066129,-0.0056632
"1100.761517",0.035489,0.043964,0.029593,0.074266,0.015117,0.0062133
"1110.786115",0.041285,0.040694,-0.032034,-0.019704,0.061783,0.0068559
"1138.219773",0.046048,-0.017848,0.060694,-0.0066884,-0.0014363,-0.0069318
"1142.215332",0.052063,0.010685,0.026702,-0.0081017,0.020925,-0.0045888
"1168.743042",0.049908,0.018988,-0.00035453,0.045639,0.009487,-0.00075517
"1225.208513",-0.043398,-0.028327,-0.026566,0.064569,0.0068841,-0.0066773
"1262.176241",0.052294,0.001774,0.02002,-0.018409,-0.025738,-0.011686
"1314.088513",0.052669,0.007466,0.012155,-0.028263,0.0026235,-0.007433
"1316.090402",0.04997,0.011351,0.030794,-0.031347,-0.023609,-0.0049692
"1318.089722",0.052902,0.0063455,0.0099518,-0.026745,-0.00578,-0.0039106
"1320.088989",0.054206,0.0058348,-0.0020419,-0.0014099,0.0013278,-0.0061554
"1382.730835",0.046247,-0.0037883,0.062213,0.0041612,0.018968,-0.0074097
"1450.719448",0.04796,0.00011787,0.052538,0.016367,0.02298,0.013702
