"","Comp. 1","Comp. 2","Comp. 3","Comp. 4","Comp. 5"
"1320.088989",1.3417,1.3349,1.3347,1.3347,1.3347
"702.5635986",1.3413,1.3346,1.3344,1.3344,1.3344
"752.5133667",1.341,1.3347,1.3345,1.3345,1.3345
"132.1003571",1.3406,1.3338,1.3337,1.3337,1.3337
"239.1452484",1.3389,1.3324,1.3322,1.3322,1.3322
"162.1469421",1.3374,1.3311,1.3309,1.3309,1.3309
"701.5592041",1.3369,1.3302,1.33,1.33,1.33
"1022.304831",1.3347,1.328,1.3278,1.3278,1.3278
"1086.253174",1.3338,1.3272,1.327,1.327,1.327
"459.3261414",1.3335,1.3269,1.3268,1.3267,1.3267
"794.6052856",1.3312,1.3246,1.3244,1.3244,1.3244
"774.6852296",1.3312,1.3245,1.3243,1.3243,1.3243
"665.4653931",1.3304,1.325,1.3248,1.3248,1.3248
"736.5427246",1.3302,1.324,1.3238,1.3238,1.3238
"231.1670685",1.3291,1.3225,1.3223,1.3223,1.3223
"482.358551",1.3288,1.3221,1.322,1.3219,1.3219
"187.2234802",1.3267,1.3214,1.3212,1.3212,1.3212
"315.0969849",1.3266,1.3211,1.3209,1.3209,1.3209
"785.5872803",1.3242,1.3181,1.3179,1.3179,1.3179
"660.1396539",1.3241,1.3175,1.3174,1.3174,1.3174
"1028.299683",1.3228,1.3162,1.316,1.316,1.316
"750.58052",1.3227,1.316,1.3159,1.3158,1.3158
"1026.302898",1.3216,1.3151,1.3149,1.3149,1.3149
"783.5708008",1.3206,1.3152,1.3151,1.3151,1.3151
"243.9395447",1.3204,1.3138,1.3136,1.3136,1.3136
"1318.089722",1.3199,1.3134,1.3132,1.3132,1.3132
"816.7167358",1.3192,1.3126,1.3124,1.3124,1.3124
"589.4616089",1.3191,1.3137,1.3135,1.3135,1.3135
"1314.088513",1.3189,1.3125,1.3123,1.3123,1.3123
"788.4709242",1.3188,1.3122,1.312,1.312,1.312
"762.5927734",1.3181,1.3115,1.3114,1.3113,1.3113
"813.7991146",1.3174,1.3108,1.3106,1.3106,1.3106
"736.5763812",1.3168,1.3102,1.3101,1.31,1.31
"1142.215332",1.3162,1.3102,1.3101,1.3101,1.3101
"431.1068115",1.3158,1.3097,1.3095,1.3095,1.3095
"782.6946278",1.3157,1.3094,1.3092,1.3092,1.3092
"761.5906804",1.3156,1.3092,1.309,1.309,1.309
"808.5823364",1.3154,1.3097,1.3095,1.3095,1.3095
"734.5097656",1.3145,1.308,1.3079,1.3079,1.3079
"780.6074535",1.3136,1.3087,1.3085,1.3085,1.3085
"733.5581055",1.3135,1.3071,1.3069,1.3069,1.3069
"709.5128784",1.3133,1.3067,1.3065,1.3065,1.3065
"759.8005981",1.3132,1.3077,1.3075,1.3075,1.3075
"614.6008758",1.3131,1.3066,1.3064,1.3064,1.3064
"259.1115417",1.3125,1.3059,1.3057,1.3057,1.3057
"267.167511",1.3119,1.3057,1.3055,1.3055,1.3055
"809.5863037",1.3107,1.3043,1.3041,1.3041,1.3041
"297.2573242",1.3096,1.3033,1.3031,1.3031,1.3031
"789.7306519",1.3087,1.3023,1.3021,1.3021,1.3021
"564.4274292",1.3087,1.3025,1.3023,1.3023,1.3023
"406.3508301.1",1.3071,1.3022,1.3021,1.3021,1.3021
"247.154892",1.3049,1.2987,1.2985,1.2985,1.2985
"781.6785278",1.3036,1.2971,1.2969,1.2969,1.2969
"165.0516663",1.3025,1.296,1.2958,1.2958,1.2958
"169.9850006",1.3019,1.2964,1.2963,1.2963,1.2963
"604.5716882",1.3019,1.2957,1.2955,1.2955,1.2955
"559.3410034",1.3009,1.2948,1.2946,1.2946,1.2946
"556.9528809",1.3009,1.2957,1.2955,1.2955,1.2955
"639.381897",1.2989,1.2929,1.2927,1.2927,1.2927
"406.7172241",1.2986,1.2942,1.2941,1.2941,1.2941
"1084.259644",1.2985,1.2919,1.2918,1.2918,1.2918
"735.5708618",1.2983,1.2919,1.2917,1.2917,1.2917
"374.0366821",1.298,1.2917,1.2916,1.2916,1.2916
"1262.176241",1.2969,1.2904,1.2902,1.2902,1.2902
"226.9509583.1",1.2962,1.2897,1.2896,1.2896,1.2896
"1082.260231",1.2954,1.2889,1.2887,1.2887,1.2887
"966.3449707",1.2936,1.2871,1.2869,1.2869,1.2869
"799.8268002",1.2932,1.2874,1.2872,1.2872,1.2872
"787.8434914",1.2929,1.2865,1.2863,1.2863,1.2863
"274.2744751",1.2912,1.2848,1.2846,1.2846,1.2846
"201.1053314",1.2893,1.2834,1.2832,1.2832,1.2832
"758.5735328",1.289,1.2833,1.2831,1.2831,1.2831
"638.1603984",1.2883,1.2824,1.2823,1.2823,1.2823
"343.2901611",1.288,1.2824,1.2822,1.2822,1.2822
"260.1145935",1.2877,1.2813,1.2811,1.2811,1.2811
"1024.303833",1.2862,1.2798,1.2797,1.2797,1.2797
"371.2758179",1.2852,1.2788,1.2787,1.2787,1.2787
"787.60488",1.2818,1.2762,1.276,1.276,1.276
"737.5435181",1.2804,1.2741,1.274,1.274,1.274
"362.3254395.1",1.2801,1.2737,1.2736,1.2736,1.2736
"620.4360962",1.2797,1.2754,1.2753,1.2753,1.2753
"568.3491627",1.2782,1.2719,1.2718,1.2718,1.2718
"900.3533325",1.2774,1.271,1.2708,1.2708,1.2708
"629.2184689",1.2765,1.271,1.2709,1.2708,1.2708
"689.5581055",1.2714,1.2658,1.2657,1.2656,1.2656
"661.4054472",1.2711,1.2655,1.2654,1.2653,1.2653
"352.0522156",1.2703,1.2646,1.2644,1.2644,1.2644
"784.5822717",1.2701,1.265,1.2648,1.2648,1.2648
"226.9509583",1.2699,1.2644,1.2643,1.2643,1.2643
"603.4406742",1.2698,1.2634,1.2633,1.2633,1.2633
"646.470884",1.269,1.2637,1.2635,1.2635,1.2635
"664.4634128",1.2668,1.2624,1.2622,1.2622,1.2622
"218.2085266",1.2656,1.2593,1.2591,1.2591,1.2591
"1316.090402",1.2656,1.2599,1.2597,1.2597,1.2597
"786.603639",1.264,1.2589,1.2587,1.2587,1.2587
"617.3834766",1.2634,1.2571,1.2569,1.2569,1.2569
"341.2839661",1.2615,1.2552,1.255,1.255,1.255
"247.1876984",1.2591,1.253,1.2529,1.2529,1.2529
"790.7986113",1.2584,1.2538,1.2536,1.2536,1.2536
"908.3856201",1.2583,1.2521,1.2519,1.2519,1.2519
"176.0645599",1.258,1.2517,1.2515,1.2515,1.2515
"669.4205977",1.2569,1.2532,1.2531,1.2531,1.2531
"533.4372559",1.2543,1.2487,1.2486,1.2486,1.2486
"1168.743042",1.2542,1.2482,1.248,1.248,1.248
"974.8329574",1.254,1.2489,1.2488,1.2488,1.2488
"758.4732666",1.2527,1.2513,1.2511,1.2511,1.2511
"834.5995483",1.2521,1.2498,1.2496,1.2496,1.2496
"812.671814",1.252,1.2475,1.2473,1.2473,1.2473
"964.8502713",1.2503,1.2444,1.2442,1.2442,1.2442
"785.8430912",1.2495,1.2439,1.2437,1.2437,1.2437
"245.09729",1.2474,1.2454,1.2453,1.2453,1.2453
"703.6846313",1.2469,1.2415,1.2413,1.2413,1.2413
"547.3995361",1.2468,1.2407,1.2405,1.2405,1.2405
"650.4695435",1.2456,1.2402,1.24,1.24,1.24
"776.6886597",1.2454,1.2411,1.2409,1.2409,1.2409
"579.8446045",1.2427,1.2397,1.2395,1.2395,1.2395
"203.2167816",1.2414,1.2366,1.2364,1.2364,1.2364
"384.3082275.1",1.2394,1.2332,1.233,1.233,1.233
"340.2810974",1.2391,1.2341,1.234,1.234,1.234
"290.2762756",1.2388,1.2328,1.2327,1.2327,1.2327
"275.1440125",1.2381,1.232,1.232,1.232,1.232
"800.9706421",1.2379,1.2333,1.2332,1.2332,1.2332
"184.0959167",1.2376,1.2355,1.2353,1.2353,1.2353
"561.4697764",1.2373,1.2317,1.2316,1.2316,1.2316
"676.5514169",1.237,1.2308,1.2307,1.2307,1.2307
"770.9421387",1.2347,1.2338,1.2336,1.2336,1.2336
"631.4787148",1.2343,1.2289,1.2288,1.2288,1.2288
"756.7073364",1.2339,1.2298,1.2297,1.2297,1.2297
"670.6088325",1.2336,1.2295,1.2293,1.2293,1.2293
"674.5565962",1.2334,1.2273,1.2272,1.2272,1.2272
"565.9839007",1.2327,1.229,1.2288,1.2288,1.2288
"832.5828169",1.232,1.228,1.2278,1.2278,1.2278
"589.5027139",1.2301,1.2262,1.226,1.226,1.226
"426.828186",1.23,1.2239,1.2238,1.2238,1.2238
"829.5534668",1.2295,1.2251,1.225,1.2249,1.2249
"754.6709595",1.2286,1.2241,1.224,1.224,1.224
"731.6052246",1.2274,1.2218,1.2216,1.2216,1.2216
"767.5950317",1.2265,1.225,1.2249,1.2249,1.2249
"206.0678406",1.2255,1.2236,1.2234,1.2234,1.2234
"276.2767334",1.2253,1.2215,1.2214,1.2214,1.2214
"768.5877686",1.2246,1.2211,1.2209,1.2209,1.2209
"628.7244263",1.2245,1.2231,1.2229,1.2229,1.2229
"704.5542227",1.224,1.2199,1.2197,1.2197,1.2197
"333.1845398",1.2226,1.217,1.2169,1.2169,1.2169
"566.3508495",1.2223,1.2183,1.2182,1.2182,1.2182
"493.3121643.1",1.2215,1.2158,1.2157,1.2157,1.2157
"792.4696045",1.2202,1.2161,1.216,1.216,1.216
"1057.14209",1.2199,1.2151,1.2149,1.2149,1.2149
"772.6269805",1.2198,1.2164,1.2162,1.2162,1.2162
"522.3543701",1.2194,1.2139,1.2138,1.2138,1.2138
"789.4667969",1.2188,1.2174,1.2172,1.2172,1.2172
"701.4511416",1.2187,1.2163,1.2162,1.2162,1.2162
"523.3563843",1.2186,1.2131,1.213,1.213,1.213
"838.8354153",1.2185,1.2138,1.2137,1.2137,1.2137
"522.3067017",1.217,1.2132,1.2131,1.2131,1.2131
"776.586853",1.2163,1.2124,1.2123,1.2123,1.2123
"384.7053833",1.215,1.2128,1.2127,1.2127,1.2127
"766.7261034",1.2149,1.2109,1.2107,1.2107,1.2107
"205.0655823",1.2149,1.214,1.2138,1.2138,1.2138
"734.121327",1.2148,1.2098,1.2097,1.2097,1.2097
"795.6251831",1.2143,1.2111,1.2109,1.2109,1.2109
"685.5105524",1.213,1.2072,1.2071,1.2071,1.2071
"806.0921021",1.2118,1.2066,1.2064,1.2064,1.2064
"778.570786",1.2112,1.2075,1.2073,1.2073,1.2073
"566.9833346",1.2107,1.2057,1.2057,1.2057,1.2057
"782.4782941",1.209,1.2029,1.2028,1.2028,1.2028
"545.3982794",1.2079,1.2018,1.2017,1.2017,1.2017
"592.4629517",1.2068,1.2008,1.2008,1.2008,1.2008
"1076.790894",1.2061,1.2005,1.2003,1.2003,1.2003
"103.9535141.1",1.206,1.2001,1.2,1.2,1.2
"1450.719448",1.2042,1.1985,1.1985,1.1985,1.1985
"601.8570557",1.2024,1.1997,1.1996,1.1996,1.1996
"694.495859",1.2017,1.196,1.1959,1.1959,1.1959
"525.3712158",1.201,1.1982,1.1981,1.1981,1.1981
"786.4404907",1.201,1.195,1.1949,1.1949,1.1949
"738.5467357",1.2003,1.1984,1.1983,1.1983,1.1983
"421.3154297",1.1997,1.1947,1.1946,1.1946,1.1946
"220.2162933",1.1987,1.1984,1.1983,1.1983,1.1983
"450.3609924",1.1982,1.1981,1.1979,1.1979,1.1979
"223.1522827",1.1973,1.192,1.1918,1.1918,1.1918
"551.3187474",1.197,1.1917,1.1916,1.1916,1.1916
"644.3449827",1.1965,1.1915,1.1915,1.1915,1.1915
"600.8560181",1.1955,1.1902,1.1901,1.1901,1.1901
"230.2479095",1.1953,1.1894,1.1894,1.1894,1.1894
"111.1144943",1.1946,1.1895,1.1893,1.1893,1.1893
"715.4572211",1.1923,1.1893,1.1891,1.1891,1.1891
"347.2075195",1.192,1.186,1.1858,1.1858,1.1858
"335.1693726",1.1914,1.1918,1.1916,1.1916,1.1916
"906.8244629",1.1911,1.1918,1.1917,1.1917,1.1917
"538.3063644",1.1898,1.1841,1.184,1.184,1.184
"675.4030762",1.1887,1.184,1.1838,1.1838,1.1838
"478.8414612",1.187,1.1843,1.1841,1.1841,1.1841
"647.4713745",1.1867,1.1808,1.1808,1.1808,1.1808
"767.5275879",1.1864,1.1832,1.1831,1.1831,1.1831
"778.4487305",1.1861,1.1811,1.181,1.181,1.181
"745.5935669",1.1847,1.1824,1.1823,1.1823,1.1823
"970.3383789",1.1836,1.178,1.1779,1.1779,1.1779
"722.5787964",1.1832,1.1812,1.1811,1.1811,1.1811
"672.6852417",1.1831,1.1819,1.1819,1.1819,1.1819
"752.707014",1.1827,1.1769,1.1768,1.1768,1.1768
"810.6010132",1.1824,1.1771,1.177,1.177,1.177
"625.392395",1.1802,1.1797,1.1796,1.1796,1.1796
"702.9354357",1.1801,1.1819,1.1817,1.1817,1.1817
"443.3308105",1.1798,1.174,1.174,1.1739,1.1739
"217.1002502",1.1794,1.1744,1.1742,1.1742,1.1742
"719.5404054",1.179,1.1755,1.1754,1.1754,1.1754
"558.6420898",1.178,1.1729,1.1728,1.1728,1.1728
"733.7933011",1.1777,1.175,1.1748,1.1748,1.1748
"609.3596802",1.177,1.1724,1.1724,1.1724,1.1724
"196.8620605",1.1721,1.1662,1.1662,1.1662,1.1662
"130.157196.1",1.172,1.1661,1.1659,1.1659,1.1659
"716.5758667",1.1714,1.1698,1.1696,1.1696,1.1696
"563.9318237",1.1677,1.1684,1.1683,1.1683,1.1683
"537.315918",1.1666,1.1608,1.1606,1.1606,1.1606
"330.0697937",1.1655,1.1627,1.1625,1.1625,1.1625
"331.0751953",1.1648,1.1614,1.1612,1.1612,1.1612
"433.0895996",1.1636,1.1633,1.1631,1.1631,1.1631
"254.2472992",1.1621,1.1562,1.1563,1.1563,1.1563
"1382.730835",1.1612,1.1557,1.1557,1.1557,1.1557
"465.9312744",1.1608,1.155,1.1549,1.1549,1.1549
"544.8231812",1.1606,1.1548,1.1547,1.1546,1.1546
"658.5714722",1.16,1.1564,1.1563,1.1563,1.1563
"790.4736328",1.1593,1.1541,1.1539,1.154,1.154
"613.3410645",1.1591,1.1586,1.1585,1.1585,1.1585
"560.6648116",1.1588,1.1537,1.1535,1.1536,1.1536
"347.0506592",1.1556,1.1505,1.1505,1.1505,1.1505
"245.1850433",1.155,1.1492,1.1492,1.1492,1.1492
"187.1047058",1.1549,1.1563,1.1562,1.1562,1.1562
"645.3161437",1.1547,1.1504,1.1502,1.1502,1.1502
"773.4451904",1.1543,1.151,1.1509,1.1509,1.1509
"105.9522705",1.1532,1.1483,1.1481,1.1481,1.1481
"759.5705566",1.1531,1.1522,1.152,1.152,1.152
"708.7151266",1.1509,1.15,1.1498,1.1498,1.1498
"609.866333",1.1493,1.1452,1.1452,1.1452,1.1452
"158.960907.1",1.1473,1.1465,1.1464,1.1464,1.1464
"123.097496",1.1461,1.1432,1.1431,1.1431,1.1431
"1021.609659",1.1459,1.149,1.1489,1.1489,1.1489
"490.6508179",1.1457,1.14,1.14,1.14,1.14
"432.6916199",1.1435,1.1383,1.1381,1.1381,1.1381
"524.3673096",1.1425,1.1384,1.1382,1.1382,1.1382
"718.5924072",1.1424,1.1402,1.1401,1.14,1.14
"1225.208513",1.1422,1.1402,1.1401,1.1401,1.1401
"314.7771912",1.1417,1.1365,1.1364,1.1364,1.1364
"790.5634444",1.1413,1.1395,1.1394,1.1393,1.1393
"804.6066895",1.1402,1.1388,1.1388,1.1388,1.1388
"1008.80839",1.14,1.1342,1.1343,1.1343,1.1343
"693.4946289",1.1342,1.1288,1.1287,1.1287,1.1287
"818.4768677",1.1329,1.1281,1.1281,1.1281,1.1281
"591.4644775",1.1321,1.1281,1.1281,1.1281,1.1281
"558.9810372",1.1288,1.1284,1.1283,1.1283,1.1283
"1138.219773",1.1282,1.1225,1.1226,1.1226,1.1226
"704.9213867",1.1263,1.122,1.1218,1.1218,1.1218
"822.4827821",1.1254,1.1243,1.1242,1.1242,1.1242
"556.6410522",1.1253,1.1206,1.1205,1.1205,1.1205
"610.5621948",1.1244,1.1188,1.1187,1.1187,1.1187
"606.5674438",1.1229,1.118,1.1178,1.1178,1.1178
"245.266098",1.1209,1.1152,1.1151,1.1151,1.1151
"215.1518555",1.1207,1.1152,1.1151,1.1151,1.1151
"276.2767334.1",1.1202,1.1145,1.1144,1.1145,1.1145
"457.2712708",1.1191,1.1141,1.114,1.114,1.114
"1042.796509",1.117,1.113,1.1129,1.1129,1.1129
"349.29599",1.1164,1.114,1.1139,1.1139,1.1139
"303.3079834",1.116,1.1115,1.1114,1.1114,1.1114
"571.8465576",1.115,1.1108,1.1108,1.1108,1.1108
"770.6854497",1.1146,1.1148,1.1146,1.1146,1.1146
"906.3884778",1.1133,1.1079,1.1078,1.1078,1.1078
"481.2592468",1.1105,1.1079,1.1078,1.1078,1.1078
"721.5779143",1.106,1.1114,1.1113,1.1113,1.1113
"258.8149109",1.1059,1.1003,1.1002,1.1002,1.1002
"508.2913513",1.1052,1.1054,1.1052,1.1052,1.1052
"487.3208008",1.1008,1.0975,1.0975,1.0975,1.0975
"420.2292175",1.0998,1.0947,1.0946,1.0946,1.0946
"312.7811584",1.0944,1.0889,1.0891,1.0891,1.0891
"766.5284433",1.0917,1.0977,1.0975,1.0975,1.0975
"833.4738949",1.0915,1.0954,1.0953,1.0953,1.0953
"263.2361755",1.0905,1.0922,1.0921,1.0921,1.0921
"725.5562207",1.0899,1.0886,1.0885,1.0885,1.0885
"1110.786115",1.087,1.0848,1.0847,1.0847,1.0847
"550.6073608",1.0833,1.0789,1.0788,1.0788,1.0788
"600.3833524",1.083,1.0828,1.0826,1.0826,1.0826
"567.0218448",1.0819,1.0777,1.0778,1.0778,1.0778
"465.2258911",1.0816,1.077,1.0772,1.0772,1.0772
"242.9248505",1.0809,1.0814,1.0813,1.0813,1.0813
"345.2273254",1.0806,1.082,1.0819,1.0819,1.0819
"501.98349",1.0799,1.0768,1.0768,1.0768,1.0768
"732.687439",1.0776,1.0781,1.078,1.078,1.078
"607.9439697",1.0757,1.073,1.0731,1.0731,1.0731
"712.1413744",1.0752,1.0734,1.0734,1.0734,1.0734
"524.8292847",1.0734,1.0685,1.0686,1.0686,1.0686
"441.1752319",1.0726,1.0701,1.07,1.07,1.07
"664.5289307",1.0726,1.0674,1.0675,1.0675,1.0675
"581.3499756",1.0716,1.0673,1.0674,1.0674,1.0674
"453.2567444",1.0696,1.0647,1.0645,1.0645,1.0645
"552.8648071",1.0692,1.0666,1.0666,1.0666,1.0666
"663.4630506",1.0691,1.0651,1.0652,1.0652,1.0652
"721.5753409",1.0678,1.0637,1.0638,1.0638,1.0638
"781.5687965",1.0675,1.0668,1.0668,1.0668,1.0668
"714.4460223",1.0626,1.0685,1.0683,1.0683,1.0683
"964.3459473",1.0626,1.0583,1.0582,1.0582,1.0582
"518.355957",1.0623,1.0588,1.0588,1.0588,1.0588
"835.6924874",1.0623,1.0688,1.0687,1.0687,1.0687
"624.3648644",1.0616,1.0568,1.0566,1.0567,1.0567
"534.4831802",1.0588,1.0571,1.0569,1.0569,1.0569
"434.6905823",1.0586,1.0555,1.0554,1.0554,1.0554
"811.6669804",1.0582,1.0534,1.0536,1.0536,1.0536
"757.5877686",1.0569,1.0606,1.0606,1.0606,1.0606
"505.973114",1.0563,1.054,1.0541,1.0541,1.0541
"542.3438838",1.0539,1.0549,1.0549,1.0549,1.0549
"634.8860958",1.0521,1.0475,1.0475,1.0474,1.0474
"582.468416",1.051,1.0471,1.0469,1.0469,1.0469
"655.4016724",1.0463,1.0413,1.0412,1.0412,1.0412
"636.0708618",1.0456,1.0426,1.0425,1.0425,1.0425
"674.0781023",1.0454,1.0429,1.043,1.043,1.043
"360.361969",1.0441,1.0405,1.0405,1.0405,1.0405
"374.3596191",1.0441,1.0391,1.039,1.039,1.039
"737.7170944",1.0431,1.0456,1.0455,1.0455,1.0455
"302.3033752",1.0421,1.0376,1.0377,1.0377,1.0377
"206.0528717",1.041,1.0391,1.0391,1.0391,1.0391
"382.7637329",1.0407,1.0362,1.0364,1.0364,1.0364
"745.5527467",1.0377,1.0394,1.0395,1.0395,1.0395
"242.0962067",1.0369,1.0326,1.033,1.033,1.033
"724.4829102",1.0363,1.0318,1.0318,1.0318,1.0318
"530.9794922",1.0348,1.0309,1.0311,1.0311,1.0311
"394.2109985",1.0229,1.0247,1.0248,1.0248,1.0248
"473.3648071",1.0207,1.0204,1.0204,1.0204,1.0204
"413.2644348",1.0169,1.0127,1.0131,1.0131,1.0131
"722.5932007",1.0144,1.0254,1.0253,1.0253,1.0253
"673.4199219",1.0143,1.0105,1.0108,1.0108,1.0108
"662.7075905",1.0136,1.01,1.01,1.01,1.01
"634.9128038",1.0136,1.0086,1.0087,1.0087,1.0087
"639.4082642",1.0127,1.0097,1.0096,1.0096,1.0096
"746.4608689",1.0091,1.0142,1.0141,1.014,1.014
"158.960907",1.006,1.0049,1.0051,1.0051,1.0051
"713.1428091",1.0054,1.0052,1.0052,1.0052,1.0052
"682.9347534",1.002,1.0048,1.0047,1.0047,1.0047
"105.9522705.2",0.99945,0.99545,0.99567,0.99568,0.99568
"442.840332",0.99844,0.99733,0.99745,0.99744,0.99744
"707.5965576",0.99632,1.0014,1.0013,1.0013,1.0013
"435.232605",0.99602,0.99865,0.9986,0.9986,0.9986
"629.3596905",0.99583,0.9909,0.9913,0.9913,0.9913
"405.2596436",0.99243,0.99731,0.99717,0.99717,0.99717
"717.4094917",0.99142,0.99715,0.99704,0.99703,0.99703
"284.3293152",0.99136,0.98906,0.98916,0.98916,0.98916
"478.326355",0.98686,0.98468,0.98489,0.98488,0.98488
"668.5281982",0.98234,0.98235,0.98227,0.98226,0.98226
"685.436622",0.97952,0.9748,0.9747,0.97469,0.9747
"793.6091814",0.97934,0.98617,0.98617,0.98617,0.98617
"391.2113342",0.97928,0.97531,0.97558,0.97557,0.97557
"686.5800155",0.9742,0.97469,0.97456,0.97457,0.97457
"610.3592529",0.97234,0.9694,0.96926,0.96928,0.96928
"552.3497925",0.9699,0.96885,0.9688,0.9688,0.9688
"866.7801382",0.96822,0.96685,0.96671,0.96671,0.96671
"530.3225708",0.96594,0.96955,0.96943,0.96943,0.96943
"486.3592834",0.96409,0.9649,0.96495,0.96495,0.96495
"678.4795532",0.96331,0.971,0.97092,0.97091,0.97091
"877.7295691",0.96327,0.97052,0.97043,0.97042,0.97042
"727.5684375",0.96176,0.96563,0.9655,0.9655,0.9655
"304.3071289",0.96169,0.9569,0.95727,0.95727,0.95727
"184.0959167.1",0.96059,0.95904,0.95891,0.95891,0.95891
"977.5952759",0.9599,0.96645,0.96632,0.96631,0.96631
"119.0834351",0.957,0.95344,0.95387,0.95387,0.95387
"1100.761517",0.95696,0.95737,0.95725,0.95725,0.95725
"500.9554443",0.95666,0.95244,0.95254,0.95255,0.95255
"540.9874878",0.95497,0.96151,0.96138,0.96138,0.96138
"320.3052063",0.95002,0.94788,0.94819,0.94818,0.94818
"559.037831",0.94967,0.94981,0.94992,0.94992,0.94992
"374.3596191.1",0.94772,0.94427,0.94419,0.94418,0.94418
"368.0276489",0.94601,0.94139,0.94175,0.94175,0.94175
"364.3326111",0.94014,0.93723,0.93718,0.93721,0.93721
"616.5957642",0.93858,0.94423,0.9441,0.9441,0.9441
"595.3491704",0.93315,0.93587,0.93589,0.93589,0.93589
"607.4232026",0.92946,0.94364,0.94358,0.94358,0.94358
"618.5923437",0.92651,0.93509,0.93496,0.93496,0.93496
"319.303894",0.92592,0.92125,0.92113,0.92112,0.92113
"779.5747681",0.91845,0.92537,0.92531,0.9253,0.9253
"297.1903687",0.91792,0.91355,0.91349,0.91352,0.91352
"583.3474121",0.91688,0.9225,0.92246,0.92246,0.92246
"956.3170253",0.91662,0.91593,0.91592,0.91591,0.91591
"836.6072761",0.91586,0.92344,0.92332,0.92331,0.92331
"713.4419556",0.91106,0.90919,0.90909,0.90912,0.90912
"468.2688904",0.90942,0.91651,0.91639,0.91639,0.91639
"316.7733765",0.90814,0.90488,0.9048,0.90482,0.90482
"537.3938599",0.90801,0.92324,0.92312,0.92311,0.92311
"532.5700684",0.90675,0.90284,0.90345,0.90345,0.90345
"486.8042297",0.90574,0.90274,0.90346,0.90346,0.90346
"440.7224426",0.90173,0.91106,0.91094,0.91094,0.91094
"708.5960693",0.90129,0.89677,0.89733,0.89733,0.89733
"771.4829712",0.90083,0.90804,0.90791,0.90791,0.90791
"759.4319329",0.90041,0.90508,0.90515,0.90515,0.90515
"332.3293152",0.89819,0.89707,0.8973,0.8973,0.8973
"334.3358154",0.89734,0.89556,0.89583,0.89582,0.89582
"333.3318176",0.89625,0.895,0.8952,0.89521,0.89521
"784.4836573",0.89198,0.8916,0.89156,0.89156,0.89156
"588.8485107",0.88959,0.89478,0.89485,0.89484,0.89484
"707.585867",0.88104,0.8791,0.87917,0.87919,0.87919
"610.8599042",0.88087,0.87984,0.87984,0.87987,0.87987
"332.3293152.1",0.8807,0.87647,0.87675,0.87676,0.87676
"605.4205371",0.87959,0.87696,0.87751,0.87751,0.87751
"649.4676514",0.87764,0.8748,0.8748,0.87481,0.87481
"543.3467407",0.87525,0.87563,0.87597,0.87597,0.87597
"541.8399048",0.87075,0.88081,0.88071,0.88072,0.88072
"556.4412842",0.86979,0.86707,0.86698,0.86698,0.86698
"746.7189941",0.86542,0.86983,0.86975,0.86975,0.86975
"268.2080078",0.86537,0.88331,0.8832,0.8832,0.8832
"446.3328857",0.86139,0.8742,0.87415,0.87414,0.87414
"398.8371582",0.86047,0.85808,0.85796,0.85799,0.85799
"769.5908203",0.85716,0.87074,0.87064,0.87064,0.87064
"208.8881836",0.85309,0.84879,0.84913,0.84914,0.84914
"554.5178833",0.84802,0.84778,0.84795,0.84795,0.84795
"608.5648193",0.84499,0.84514,0.84503,0.84504,0.84504
"702.541319",0.84489,0.8568,0.8568,0.8568,0.8568
"747.6080933",0.84315,0.8478,0.84772,0.84772,0.84772
"491.9512329",0.84185,0.83826,0.8389,0.8389,0.8389
"567.4201949",0.84153,0.84112,0.84101,0.84101,0.84101
"807.5722612",0.84099,0.85543,0.85532,0.85532,0.85532
"814.8047485",0.83932,0.83721,0.83793,0.83793,0.83793
"798.6593018",0.83491,0.85341,0.85329,0.85329,0.85329
"706.6973745",0.83369,0.8436,0.8435,0.84352,0.84352
"723.5938721",0.83087,0.83357,0.83399,0.83399,0.83399
"206.8924255",0.8305,0.83115,0.83106,0.83109,0.83109
"531.5673218",0.82132,0.81861,0.81875,0.81875,0.81875
"829.5305834",0.82079,0.82253,0.82244,0.82246,0.82246
"748.6082687",0.81692,0.8171,0.81773,0.81773,0.81773
"546.3526901",0.81641,0.81509,0.8151,0.8151,0.8151
"828.969175",0.80414,0.82389,0.82378,0.82378,0.82378
"590.458374",0.80366,0.80793,0.80856,0.80856,0.80856
"712.579916",0.80245,0.80944,0.8095,0.80951,0.80951
"698.5737305",0.79452,0.79949,0.79958,0.79959,0.79959
"654.4902344",0.79065,0.80615,0.80622,0.80622,0.80622
"573.3361816",0.78689,0.79931,0.79933,0.79932,0.79932
"757.5827637",0.78678,0.79375,0.79418,0.79419,0.79419
"511.3249207",0.78095,0.78814,0.78823,0.78825,0.78825
"548.6351864",0.78003,0.77768,0.77822,0.77822,0.77822
"319.1722412",0.77963,0.77885,0.77921,0.77924,0.77924
"116.0703964",0.77824,0.77454,0.77505,0.77508,0.77508
"729.5603027",0.77678,0.78665,0.78657,0.78657,0.78657
"546.8381958",0.768,0.77077,0.7707,0.7707,0.7707
"449.2840881",0.75934,0.78211,0.78202,0.78202,0.78202
"377.2316589",0.75836,0.7619,0.76199,0.76201,0.76201
"416.3030396",0.75563,0.76461,0.7649,0.76489,0.76489
"602.3587469",0.75399,0.77052,0.77044,0.77044,0.77044
"362.3254395",0.75084,0.74709,0.74699,0.74703,0.74703
"597.3423477",0.75016,0.74685,0.74675,0.74675,0.74675
"856.733591",0.74932,0.76258,0.76279,0.76279,0.76279
"734.7265625",0.74916,0.76401,0.76404,0.76404,0.76404
"769.5569458",0.74729,0.74566,0.74594,0.74596,0.74596
"544.6499634",0.74581,0.76006,0.76005,0.76004,0.76004
"535.9838867",0.74129,0.75407,0.75429,0.75429,0.75429
"788.729187",0.73111,0.73643,0.73641,0.73644,0.73644
"261.1308289",0.7294,0.72822,0.72823,0.72827,0.72827
"609.3596802.1",0.72936,0.74573,0.74569,0.7457,0.7457
"544.3334351",0.72663,0.72607,0.72667,0.72667,0.72667
"659.3149957",0.72127,0.7355,0.7355,0.7355,0.7355
"762.5993094",0.72038,0.73093,0.73087,0.73087,0.73087
"363.3257446",0.71829,0.73021,0.73039,0.73039,0.73039
"340.3837585",0.71581,0.73278,0.73271,0.7327,0.7327
"578.4689941",0.71472,0.71961,0.71952,0.71953,0.71954
"587.3463039",0.71192,0.71136,0.71136,0.7114,0.7114
"107.9664536",0.70769,0.72908,0.72903,0.72903,0.72903
"803.5050232",0.69599,0.71265,0.71275,0.71275,0.71275
"577.468689",0.69596,0.69313,0.6932,0.6932,0.6932
"553.3987438",0.69208,0.69548,0.69601,0.69601,0.69601
"555.3917236",0.68876,0.69218,0.6926,0.69259,0.69259
"634.4543384",0.68865,0.71084,0.71087,0.71087,0.71087
"658.9059681",0.68741,0.70615,0.70624,0.70624,0.70624
"585.3146362",0.68519,0.70866,0.70872,0.70871,0.70871
"474.3391724",0.67757,0.67419,0.67437,0.6744,0.6744
"493.3121643",0.6745,0.70116,0.70107,0.70107,0.70107
"272.2565308",0.66874,0.66956,0.66961,0.66966,0.66966
"791.6229248",0.661,0.67785,0.67783,0.67784,0.67784
"179.0443268",0.65042,0.6692,0.66924,0.66924,0.66924
"910.3842773",0.65006,0.66131,0.66122,0.66125,0.66125
"274.2736206",0.64999,0.64673,0.64669,0.64676,0.64676
"780.4706902",0.64451,0.6418,0.64285,0.64289,0.64289
"407.3539734",0.63486,0.6356,0.63647,0.63647,0.63647
"308.0874023",0.63378,0.65415,0.65428,0.65428,0.65428
"758.0564889",0.62797,0.65676,0.65672,0.65672,0.65672
"267.178894",0.62216,0.61906,0.62025,0.62025,0.62025
"840.4001506",0.6216,0.62345,0.62341,0.62341,0.62341
"827.696167",0.61542,0.62645,0.62637,0.62641,0.62641
"721.6994323",0.61416,0.61596,0.61593,0.61593,0.61593
"406.3508301",0.61369,0.62264,0.62299,0.62299,0.62299
"692.7307129",0.6117,0.63942,0.63946,0.63946,0.63946
"564.8571847",0.61008,0.61677,0.61679,0.61682,0.61682
"438.2726746",0.60705,0.62189,0.62248,0.62247,0.62247
"720.4259644",0.60379,0.61976,0.61985,0.61985,0.61985
"827.1311646",0.59918,0.60638,0.60718,0.60721,0.60721
"508.369751",0.59349,0.59499,0.59519,0.59519,0.59519
"703.4355469",0.59231,0.61498,0.61517,0.61517,0.61517
"217.1002502.1",0.57622,0.57485,0.57494,0.57502,0.57502
"666.5244751",0.5723,0.58404,0.58457,0.58459,0.58459
"640.4059205",0.5713,0.60209,0.60202,0.60201,0.60201
"624.9107056",0.56299,0.56243,0.56388,0.56388,0.56388
"500.3509216",0.55823,0.56525,0.56595,0.56596,0.56596
"676.7117046",0.55466,0.58967,0.58973,0.58973,0.58973
"497.3424072",0.55069,0.5481,0.54824,0.54831,0.54831
"306.1603394",0.54752,0.55474,0.55571,0.55571,0.55571
"553.5175941",0.54742,0.54614,0.54758,0.54757,0.54757
"428.3311768",0.54196,0.54517,0.54589,0.54589,0.54589
"103.9535141",0.53794,0.55556,0.55548,0.55554,0.55554
"859.5338745",0.53112,0.55522,0.5552,0.5552,0.5552
"259.2787781",0.52728,0.54895,0.54977,0.54978,0.54978
"611.359779",0.52679,0.54502,0.5457,0.5457,0.5457
"730.6930542",0.52642,0.5281,0.52819,0.52826,0.52826
"611.3599982",0.52574,0.52954,0.53088,0.5309,0.5309
"258.1048279",0.52375,0.53677,0.53749,0.53754,0.53754
"686.4382935",0.52218,0.52427,0.5246,0.52467,0.52467
"744.5872803",0.52124,0.52504,0.5261,0.5261,0.5261
"452.311554",0.5156,0.52854,0.52924,0.52924,0.52924
"723.5794067",0.5152,0.55921,0.55917,0.55917,0.55917
"772.8184041",0.51374,0.56033,0.56041,0.56041,0.56041
"627.3560791",0.50768,0.51817,0.51909,0.51909,0.51909
"301.2038269",0.50518,0.51169,0.51225,0.51226,0.51226
"542.973877",0.50383,0.50243,0.50458,0.50458,0.50458
"138.905426",0.50177,0.521,0.52149,0.5215,0.5215
"800.7197266",0.49989,0.51899,0.51903,0.51903,0.51903
"633.0492704",0.49279,0.52671,0.52711,0.52711,0.52711
"978.6027137",0.49214,0.50379,0.50488,0.50491,0.50491
"719.5960527",0.48969,0.52433,0.52435,0.52437,0.52437
"285.2087097",0.48732,0.48495,0.48495,0.48504,0.48504
"368.1410828",0.48359,0.50504,0.50535,0.50536,0.50536
"515.3514404",0.48335,0.49429,0.49437,0.49438,0.49438
"820.7270508",0.48206,0.53043,0.53038,0.53038,0.53038
"771.6085815",0.4812,0.50427,0.50426,0.50428,0.50428
"367.1393433",0.46944,0.49208,0.4924,0.49241,0.49241
"585.8701172",0.46856,0.50064,0.50114,0.50114,0.50114
"546.6105347",0.46788,0.48997,0.48998,0.49,0.49
"451.3135986",0.46152,0.48262,0.48349,0.4835,0.4835
"683.5983887",0.46014,0.4714,0.47184,0.47184,0.47184
"763.5965576",0.45532,0.45306,0.4552,0.4552,0.4552
"233.1489258",0.44652,0.4846,0.48479,0.4848,0.4848
"536.4026489",0.44448,0.48301,0.48319,0.48319,0.48319
"538.3233233",0.44282,0.4682,0.46913,0.46914,0.46914
"346.0471497",0.43379,0.48204,0.48204,0.48204,0.48204
"487.3568726",0.42844,0.4265,0.42794,0.42796,0.42796
"724.4702272",0.42684,0.45916,0.45952,0.45954,0.45954
"805.5491333",0.42278,0.46338,0.46332,0.46332,0.46332
"289.1988525",0.41479,0.41862,0.41858,0.41857,0.41858
"124.9997177",0.41323,0.4446,0.44473,0.44473,0.44473
"657.4689331",0.40925,0.40934,0.41119,0.4112,0.4112
"105.9522705.1",0.40898,0.41785,0.41784,0.41792,0.41792
"514.2993774",0.4041,0.41938,0.42036,0.42038,0.42038
"281.2637939",0.39397,0.39308,0.3948,0.39489,0.39489
"287.1443481",0.39117,0.39165,0.39379,0.39385,0.39385
"460.3105469",0.38886,0.40527,0.40629,0.40636,0.40636
"671.3779907",0.38615,0.38924,0.38953,0.38966,0.38966
"445.3341675",0.37861,0.38908,0.39079,0.39079,0.39079
"705.6899021",0.37128,0.38348,0.38401,0.38401,0.38401
"492.6480713",0.36894,0.38202,0.38407,0.38407,0.38408
"305.1692505",0.36731,0.3858,0.38662,0.38664,0.38664
"562.3966675",0.35911,0.40005,0.40099,0.40103,0.40103
"732.6070557",0.35384,0.37215,0.3722,0.3722,0.3722
"727.4542309",0.3518,0.39625,0.39642,0.39642,0.39642
"749.5822754",0.33602,0.39556,0.39552,0.39553,0.39553
"588.3579546",0.33337,0.35985,0.36113,0.36114,0.36114
"330.3352051",0.32106,0.31944,0.32,0.32013,0.32013
"676.9008568",0.31969,0.36171,0.36287,0.36287,0.36287
"253.1615448",0.31663,0.3413,0.34267,0.3427,0.34271
"726.4802376",0.31648,0.35326,0.35334,0.3534,0.3534
"801.607732",0.31548,0.331,0.33382,0.33382,0.33382
"434.2846069",0.31364,0.34455,0.34559,0.3456,0.3456
"522.8075562",0.31071,0.31409,0.31487,0.31489,0.31489
"135.9212341",0.30457,0.34192,0.34319,0.34319,0.34319
"603.3649902",0.29958,0.36448,0.36478,0.36478,0.36478
"185.0741577",0.29946,0.33858,0.33855,0.33857,0.33857
"958.3140259",0.29792,0.3299,0.33062,0.33067,0.33067
"494.2835388",0.29507,0.30537,0.30533,0.3055,0.3055
"858.5967637",0.28454,0.34036,0.3404,0.34041,0.34041
"968.3421656",0.28065,0.28655,0.28812,0.28812,0.28812
"728.6874679",0.28018,0.3614,0.36168,0.36168,0.36168
"760.9609985",0.26605,0.29594,0.2968,0.2968,0.2968
"275.3921509",0.2533,0.25203,0.25217,0.25218,0.25218
"568.8897095",0.24776,0.28811,0.2888,0.2888,0.2888
"706.5844116",0.22936,0.32095,0.32095,0.32095,0.32095
"768.553894",0.22164,0.23913,0.24446,0.24446,0.24446
"262.2335205",0.20981,0.21496,0.21593,0.21607,0.21607
"539.2982178",0.20611,0.26759,0.2686,0.2686,0.2686
"385.3110962",0.20149,0.20192,0.20458,0.2048,0.2048
"720.6966553",0.19639,0.19871,0.1987,0.19898,0.19898
"273.1869507",0.19571,0.26928,0.27023,0.27027,0.27027
"581.420105",0.18967,0.20333,0.2034,0.20363,0.20363
"372.2749939",0.18016,0.26679,0.26755,0.26757,0.26757
"675.5424805",0.17756,0.28814,0.28902,0.28902,0.28902
"830.7097707",0.16505,0.17541,0.17937,0.1795,0.1795
"258.1096802",0.16167,0.18514,0.18732,0.18752,0.18752
"498.8972168",0.15261,0.277,0.277,0.277,0.277
"495.3380432",0.14766,0.26294,0.26291,0.26294,0.26294
"741.6500206",0.14614,0.26874,0.26899,0.26901,0.26901
"676.4527891",0.12482,0.20291,0.20352,0.2036,0.2036
"496.3370361",0.12218,0.18881,0.192,0.19206,0.19206
"212.2336884",0.10948,0.10972,0.11801,0.11802,0.11802
"358.237793",0.10008,0.18431,0.1845,0.1845,0.1845
"521.8114014",0.095689,0.2442,0.24446,0.24446,0.24446
"383.1092224",0.082221,0.17049,0.17048,0.17048,0.17049
"318.4022522",0.080738,0.083636,0.097842,0.097955,0.097955
"692.8353882",0.073995,0.15599,0.15645,0.15652,0.15653
"356.3511047",0.070138,0.071301,0.082506,0.082885,0.082885
"764.6021812",0.069418,0.21222,0.21219,0.2122,0.2122
"384.3082275",0.068094,0.09469,0.10081,0.10084,0.10084
"750.8040374",0.06227,0.18363,0.18387,0.18387,0.18387
"218.2080994",0.060401,0.24156,0.24155,0.24156,0.24156
"760.6969604",0.059987,0.21844,0.21877,0.2188,0.2188
"704.574646",0.043058,0.085194,0.08519,0.08581,0.085811
"595.4592686",0.03487,0.17249,0.17282,0.17282,0.17283
"437.2321472",0.03123,0.099867,0.10772,0.10773,0.10773
"342.285675",0.0059276,0.106,0.11168,0.11172,0.11172
"698.9191577",0.0055668,0.16753,0.17043,0.17043,0.17043
