"","Comp 1","Comp 2","Comp 3","Comp 4","Comp 5"
"103.9535141",-0.018506,-0.060334,-0.016475,0.098119,0.026272
"103.9535141.1",0.048396,0.0068971,0.013355,0.063249,-0.0051805
"105.9522705",0.047812,-0.017028,-0.0070908,-0.0027748,-0.060876
"105.9522705.1",-0.014479,-0.03639,-0.033427,0.11212,-0.047998
"105.9522705.2",0.039547,0.010045,0.05221,0.069419,0.033918
"107.9664536",-0.03295,0.07357,0.026893,-0.026503,0.011408
"111.1144943",0.047463,0.018812,-0.012737,0.062748,0.0093571
"116.0703964",0.032002,0.0023735,-0.060347,-0.087378,-0.033783
"119.0834351",0.039939,-0.0094184,-0.074199,-0.03764,0.028159
"123.097496",-0.048341,0.032664,0.0045758,-0.017367,0.040721
"124.9997177",0.020553,-0.072597,0.033773,-0.0037403,-0.069115
"130.157196.1",0.047783,-0.0031473,0.0056549,-0.067812,0.010234
"132.1003571",0.054276,0.0023585,0.00191,-0.0050716,-0.0084431
"135.9212341",0.015901,-0.073591,0.0747,-0.0082397,-0.017277
"138.905426",0.023696,-0.052654,-0.067369,0.057217,-0.041286
"158.960907",0.038843,0.044968,-0.067467,-0.0068049,-0.0030606
"158.960907.1",0.044176,0.048056,-0.037197,0.0067446,-0.01911
"162.1469421",-0.053546,-0.013644,0.00029908,0.012643,-0.010527
"165.0516663",0.05267,0.0062502,-0.016261,-0.023278,-0.01811
"169.9850006",-0.051674,-0.022588,0.0081394,0.018131,-0.022726
"176.0645599",0.050861,0.0023075,0.0025955,0.047061,-0.019276
"179.0443268",0.030207,-0.073212,0.035823,-0.014671,-0.033482
"184.0959167",-0.047985,-0.040707,-0.0025696,0.018372,-0.027019
"184.0959167.1",-0.040764,0.033339,-0.0069627,-0.021774,0.075489
"185.0741577",0.015748,-0.066224,0.01773,-0.04264,-0.083191
"187.1047058",0.044006,0.048318,0.029055,-0.001137,-0.032997
"187.2234802",0.052516,0.024369,-0.0021356,0.002592,0.012707
"196.8620605",0.047667,-0.0063496,0.043958,-0.045547,-0.013162
"201.1053314",0.053208,-0.017583,0.013195,-0.001047,0.0066749
"203.2167816",-0.051737,0.022991,0.015116,-0.020957,-0.012153
"205.0655823",-0.046801,-0.044189,-0.007944,-0.0058118,-0.033014
"206.0678406",-0.047462,-0.041025,-0.00036952,-0.0059939,-0.035795
"206.0528717",0.044121,-0.038448,0.032299,0.023227,-0.044063
"206.8924255",0.031708,0.034333,-0.0015082,0.089643,0.054206
"208.8881836",0.034578,0.0097512,-0.078674,0.059425,0.024562
"212.2336884",0.0041506,-0.008492,0.10329,0.0060027,0.077973
"215.1518555",-0.04591,0.0044259,0.022139,0.023224,-0.066041
"217.1002502",0.046808,0.020445,-0.002343,-0.036288,-0.054119
"217.1002502.1",0.024327,-0.012636,-0.012197,-0.12698,0.0016995
"218.2080994",0.002776,-0.093729,-0.013249,0.032592,0.029538
"218.2085266",0.05166,-0.0047273,-0.0021468,-0.016858,0.03968
"220.2162933",-0.046051,-0.04194,-0.037817,-0.01231,-0.013712
"223.1522827",0.047687,0.018756,-0.026576,0.055273,-0.010807
"226.9509583",0.050457,0.023807,-0.033919,0.013435,-0.0076672
"226.9509583.1",0.052363,0.0010943,0.027666,-0.011685,0.019614
"230.2479095",0.048223,0.011593,-0.040791,-0.04458,0.0068854
"231.1670685",0.053651,0.0029,0.016308,0.014986,-0.0026702
"233.1489258",0.022448,-0.083366,0.034083,0.029743,-0.014777
"239.1452484",-0.05373,-0.011961,0.0066763,-0.0023646,0.012443
"242.0962067",0.041107,0.027705,-0.074815,-0.0084959,-0.0012571
"242.9248505",-0.046406,0.043197,0.019362,0.012712,-0.031746
"243.9395447",0.05329,0.0072964,-0.010673,-0.020165,0.013468
"245.09729",-0.048311,-0.041237,-0.0012628,-0.028108,0.0063352
"245.1850433",0.046744,-0.0042196,0.055233,-0.026924,0.026124
"245.266098",-0.045395,-0.0019647,0.010085,-0.058931,0.049805
"247.154892",0.052279,0.0099105,0.019641,7.9108e-05,-0.028762
"247.1876984",0.050609,0.0033001,0.043219,0.0016816,0.018506
"253.1615448",-0.0099179,-0.043228,-0.086137,0.054079,0.057607
"254.2472992",0.047085,0.0095484,-0.057102,-0.028605,0.0022141
"258.1096802",-0.00861,0.046181,-0.051163,-0.11121,0.0060284
"258.1048279",-0.018382,-0.042818,-0.05373,-0.10373,0.0083055
"258.8149109",0.044858,0.0046027,-0.024216,-0.034969,-0.06506
"259.1115417",0.053504,-0.0059693,0.015588,-0.010143,-0.013907
"259.2787781",0.01779,0.05546,0.084186,-0.049789,0.020175
"260.1145935",0.052551,-0.0065815,0.015911,-0.027061,-0.015478
"261.1308289",0.030952,-0.028448,0.047194,-0.096405,0.013459
"262.2335205",-0.0096614,0.014149,0.067116,-0.10466,0.051778
"263.2361755",-0.041458,-0.048742,-0.017213,0.01504,-0.053323
"267.167511",-0.052489,-0.014611,0.010942,-0.027216,0.010248
"267.178894",0.025401,-0.015331,0.097411,-0.0093977,0.055646
"268.2080078",0.030717,0.078474,0.0078785,0.017262,-0.027508
"272.2565308",0.025473,0.02575,0.017755,0.10592,-0.054215
"273.1869507",-0.003788,-0.067924,-0.066863,0.05864,0.040018
"274.2736206",0.026479,0.0009218,-0.040325,0.11686,0.010598
"274.2744751",0.052726,-0.0055137,-0.0019808,-0.0028601,0.033157
"275.1440125",0.050702,-0.0036488,-0.02972,-0.023022,-0.030966
"275.3921509",-0.010248,0.0024152,-0.025862,0.00069866,0.13217
"276.2767334",0.04803,0.030097,0.0076091,-0.015664,0.046538
"276.2767334.1",0.04562,0.001003,-0.039568,0.059641,0.023501
"281.2637939",-0.015332,-0.023774,0.073108,0.10427,0.012556
"284.3293152",0.041872,-0.036465,0.053816,-0.0016439,-0.042026
"285.2087097",-0.019986,0.0064584,-0.040994,0.12296,-0.0238
"287.1443481",0.016855,-0.0045532,-0.08557,-0.086675,-0.040179
"289.1988525",0.018403,-0.02953,0.010616,0.0035865,-0.12231
"290.2762756",0.050924,-0.010911,-0.013023,0.040553,0.020962
"297.1903687",0.037746,-0.012259,0.0089504,0.099604,0.020549
"297.2573242",0.052503,0.011852,-0.0049301,0.024252,0.022071
"301.2038269",0.022647,-0.030729,-0.067708,0.024391,0.088908
"302.3033752",0.041429,0.0086177,0.059893,-0.023923,-0.055465
"303.3079834",0.046407,-0.021682,0.015467,-0.024985,0.058504
"304.3071289",-0.038791,0.0054277,-0.078113,0.011588,0.044141
"305.1692505",-0.012147,-0.058287,0.071318,-0.053249,0.053902
"306.1603394",-0.019882,-0.053199,0.088791,-0.037697,0.019947
"308.0874023",0.029612,-0.07582,0.041065,0.0045385,-0.017467
"312.7811584",0.044508,-0.010605,0.070827,-0.010499,-0.0068229
"314.7771912",0.045507,0.019287,-0.038132,0.039579,-0.043008
"315.0969849",0.052615,0.022143,-0.0017032,0.016286,0.0077598
"316.7733765",0.037951,-0.022778,0.011017,0.064879,0.069034
"318.4022522",-0.0037972,-0.0066984,0.11352,0.057063,0.024581
"319.1722412",0.033207,-0.019687,-0.051877,-0.078507,-0.048646
"319.303894",-0.037577,-0.0010892,0.0095868,-0.023064,0.09654
"320.3052063",0.040143,-0.03787,0.070584,0.00069591,-0.0038781
"330.0697937",0.049189,-0.036143,0.012563,0.021304,-0.019246
"330.3352051",0.013002,0.0067809,-0.067456,0.11221,0.030801
"331.0751953",0.048953,-0.032713,0.013459,0.030986,-0.021978
"332.3293152",0.038204,-0.023657,-0.07013,0.050133,0.021246
"332.3293152.1",0.035317,0.016274,-0.074577,0.058901,-0.027287
"333.1845398",0.050489,-0.02059,0.036416,0.0050684,0.015688
"333.3318176",0.038087,-0.023319,-0.06811,0.054725,0.020742
"334.3358154",0.037987,-0.036767,0.065414,-0.010045,0.044577
"335.1693726",-0.045615,-0.047832,-0.011079,-0.021827,0.025975
"340.2810974",0.051519,-0.018412,-0.029625,0.0029713,0.016776
"340.3837585",0.032906,-0.071884,0.015457,0.0096927,-0.041753
"341.2839661",0.051408,-0.0030402,-0.0047742,-0.007746,0.04414
"342.285675",0.0026052,-0.053996,0.091938,-0.041993,0.041654
"343.2901611",-0.053316,0.017617,0.0089131,0.00035593,-0.009012
"345.2273254",-0.04113,-0.048277,-0.016126,0.048884,-0.0343
"346.0471497",-0.012811,-0.089418,0.017789,0.0057114,0.046446
"347.0506592",0.046029,0.00923,0.053472,-0.020144,0.038644
"347.2075195",0.048289,0.0051497,-0.035013,0.050499,-0.014769
"349.29599",-0.043427,-0.039523,0.045895,-0.030918,0.023165
"352.0522156",0.052478,-0.019142,0.016391,0.017718,-0.0056438
"356.3511047",-0.0031737,0.019098,-0.084144,-0.096159,-0.037601
"358.237793",-0.0005966,-0.059946,-0.022904,-0.0044612,0.10682
"360.361969",0.04372,-0.020013,-0.042601,0.053439,0.034865
"362.3254395",0.030315,0.0036239,-0.022774,0.095471,0.064303
"362.3254395.1",0.052301,-0.0030861,-0.018865,-0.032234,0.008479
"363.3257446",0.032502,-0.067129,0.050412,-0.0057828,0.022808
"364.3326111",0.039466,-0.019627,-0.015211,-0.091864,-0.017123
"367.1393433",0.022514,-0.06893,0.052866,-0.022245,-0.05333
"368.0276489",0.038775,-0.016535,0.069164,0.036018,-0.044548
"368.1410828",0.023058,-0.068342,0.052929,-0.024079,-0.052491
"371.2758179",-0.05255,0.0029265,0.028257,0.017205,0.0078137
"372.2749939",0.011728,-0.0865,0.043663,0.039684,-0.0057776
"374.0366821",0.053276,-0.012119,0.0084543,0.015958,-0.014133
"374.3596191",0.042936,-0.0059488,-0.0439,0.068492,0.0234
"374.3596191.1",0.039589,-0.017353,-0.027057,0.015506,0.085222
"377.2316589",0.028419,0.048145,-0.054545,0.076631,0.02194
"382.7637329",0.041353,0.0075034,0.061133,0.032386,-0.050403
"383.1092224",4.9774e-06,-0.060028,-0.0072836,0.033049,-0.10476
"384.3082275",-0.0012858,-0.037757,0.08885,-0.036014,0.07555
"384.3082275.1",0.050061,0.0048376,-0.0023896,-0.0099844,0.052715
"384.7053833",-0.047143,-0.042581,0.025682,-0.0030711,-0.021704
"385.3110962",-0.007638,-0.020268,0.060202,0.12141,-0.0096169
"391.2113342",0.040722,-0.0265,0.070854,-0.020604,0.02623
"394.2109985",-0.038853,-0.055224,0.050979,0.015212,-0.012971
"398.8371582",0.033631,0.023457,-0.017156,0.10357,-0.023404
"405.2596436",0.043411,-0.057024,0.0064411,-0.020696,-0.014845
"406.3508301",-0.027632,0.056739,-0.059092,0.019692,-0.058454
"406.3508301.1",0.051546,0.025824,0.014127,-0.018411,0.01158
"406.7172241",-0.051022,-0.032228,0.013902,-0.0056984,0.0071444
"407.3539734",0.027347,-0.039649,0.088657,-0.026772,0.035006
"413.2644348",0.040294,0.0070889,0.082257,-0.005449,0.021459
"416.3030396",-0.027558,-0.064087,0.063086,-0.026121,0.029948
"420.2292175",0.045343,-0.016854,0.040334,-0.056178,0.021521
"421.3154297",0.049806,-0.024415,0.033217,-0.0045233,0.02493
"426.828186",0.050146,-0.0091236,0.043259,-0.023226,0.0030963
"428.3311768",-0.020205,-0.023111,-0.07644,0.037858,-0.084338
"431.1068115",0.052564,0.015165,0.0012038,-0.0057936,0.028393
"432.6916199",0.047183,-0.012965,-0.015316,0.041776,0.050226
"433.0895996",-0.044687,-0.045093,-0.0051522,-0.0063054,-0.047006
"434.2846069",0.015994,-0.067793,0.073675,-0.04368,0.01888
"434.6905823",0.044491,-0.02467,-0.01342,-0.058498,0.042354
"435.232605",0.043185,-0.054205,0.033812,-0.0063379,-0.0010265
"437.2321472",0.0033882,-0.051225,0.10108,-0.020706,0.037402
"438.2726746",-0.021329,-0.069103,0.069511,0.0080976,-0.033453
"440.7224426",0.03306,0.063493,0.0039267,0.011865,-0.063855
"441.1752319",0.045286,-0.035385,0.034699,-0.03336,-0.031595
"442.840332",0.0425,-0.042981,0.056284,-0.0064399,0.0089011
"443.3308105",0.047466,0.0018772,0.043481,-0.0034634,0.047872
"445.3341675",-0.017543,0.051145,-0.087425,-0.0093858,-0.053527
"446.3328857",-0.031112,-0.073157,0.025371,0.00018081,0.041618
"449.2840881",-0.026302,-0.08372,0.018963,-0.025278,-0.0085501
"450.3609924",-0.045965,-0.050262,0.014895,0.0029415,-0.017929
"451.3135986",-0.022051,0.050558,0.082419,-0.056014,0.0081175
"452.311554",0.02377,-0.060572,0.073757,-0.027922,0.0342
"453.2567444",0.044105,-0.011535,-0.020465,0.078378,-0.012905
"457.2712708",0.046274,-0.014531,-0.01758,0.066559,-0.021264
"459.3261414",0.053685,0.0053572,0.018896,0.0067583,-0.00052133
"460.3105469",0.018479,-0.039439,-0.055426,-0.09223,-0.049112
"465.2258911",0.044868,-0.025938,0.062392,0.013857,0.0042018
"465.9312744",0.046813,0.0088837,-0.014367,-0.069531,-0.011756
"468.2688904",0.040171,-0.057703,-0.011815,0.015721,-0.04303
"473.3648071",-0.03922,-0.046696,0.053476,-0.017487,0.035734
"474.3391724",0.027357,0.008729,-0.062018,0.094545,-0.036617
"478.326355",0.041715,-0.03829,0.061964,0.0048588,0.021387
"478.8414612",0.050131,-0.037091,0.012562,0.0055033,-0.004952
"481.2592468",-0.04324,-0.035661,0.010359,0.045324,0.050545
"482.358551",0.054017,0.00017122,-0.013163,0.00211,0.0089918
"486.3592834",0.041466,-0.048322,0.039065,0.042874,0.00013508
"486.8042297",0.035576,0.0090808,0.095132,-0.00028136,0.0045478
"487.3568726",0.017696,-0.016908,0.098034,-0.06838,0.028341
"487.3208008",0.04624,-0.022208,-0.039185,-0.03767,-0.035013
"490.6508179",0.04631,0.0090079,-0.041802,0.0047304,-0.054732
"491.9512329",-0.03491,0.0020777,0.092393,-0.030924,-0.014357
"492.6480713",0.017339,-0.030087,-0.091709,-0.041963,0.061346
"493.3121643",-0.022839,-0.083165,0.013167,-0.036789,0.03013
"493.3121643.1",0.050306,-0.016552,0.03159,-0.03342,0.0067495
"494.2835388",0.013854,-0.033538,0.017975,-0.12882,0.0085846
"495.3380432",0.010866,-0.088635,-0.0056373,0.048245,0.031086
"496.3370361",0.0081871,-0.047349,-0.095056,0.055677,0.027167
"497.3424072",0.022666,-0.0007663,-0.056915,0.114,0.0031991
"498.8972168",-0.01137,0.092202,0.015186,-0.024083,0.031837
"500.3509216",0.025004,-0.051887,0.079157,-0.04501,0.023448
"500.9554443",-0.038076,-0.020405,0.060619,-0.057421,0.039265
"501.98349",0.045404,-0.034484,0.050211,-0.023647,0.00098611
"505.973114",0.04467,-0.038327,0.048326,-0.023981,0.0095745
"508.2913513",0.047365,-0.043443,-0.015135,0.0051866,-0.026203
"508.369751",0.02572,-0.023756,-0.049464,0.018658,0.10212
"511.3249207",0.034647,-0.047679,-0.031657,-0.068201,-0.038651
"514.2993774",0.019067,-0.05765,0.079581,-0.04821,0.025712
"515.3514404",0.02217,-0.042257,-0.026239,-0.035965,0.10191
"518.355957",0.044509,-0.031251,0.052241,-0.035139,0.0079415
"521.8114014",0.0089083,-0.094768,0.02633,0.017168,-0.011263
"522.3067017",0.051098,-0.030966,0.0040527,-0.016171,-0.012434
"522.3543701",0.050386,-0.01149,-0.038636,0.012836,0.023429
"522.8075562",-0.011372,-0.029704,0.062126,-0.050114,0.097906
"523.3563843",0.050378,-0.012335,-0.035642,0.013608,0.027561
"524.3673096",-0.04503,-0.026725,0.017575,0.011791,-0.064176
"524.8292847",0.044347,-0.021252,0.060609,-0.03549,0.0050848
"525.3712158",-0.046773,-0.032047,-0.031005,0.010421,0.041888
"530.3225708",0.042066,-0.053559,0.0075133,0.039583,-0.025231
"530.9794922",0.043157,-0.029384,0.060768,0.021997,0.024188
"531.5673218",-0.034418,0.013173,0.041176,0.056663,-0.078196
"532.5700684",-0.037579,0.0024824,0.090431,-0.01205,0.011267
"533.4372559",-0.051887,0.017128,0.00089954,0.023322,-0.025935
"534.4831802",-0.044922,0.037527,-0.022151,0.03192,-0.042841
"535.9838867",-0.026581,-0.070563,0.055122,-0.0020755,-0.03592
"536.4026489",-0.013702,-0.083518,0.038567,0.0018525,-0.051074
"537.315918",0.047534,-0.002574,0.0047867,-0.065054,0.024625
"537.3938599",-0.032605,-0.076911,0.0016561,-0.015506,0.024098
"538.3233233",0.021513,-0.054424,-0.066071,-0.041276,-0.060041
"538.3063644",0.048906,-0.010776,-0.011844,0.057744,-0.01515
"539.2982178",0.012207,-0.07706,0.061618,-0.019082,-0.042349
"540.9874878",0.042053,-0.059014,-0.0069047,0.016476,-0.025591
"541.8399048",-0.031793,-0.066421,0.026386,-0.058117,-0.011199
"542.3438838",-0.040195,-0.052479,0.044148,-0.0051747,0.031777
"542.973877",-0.021206,-0.0013095,0.11595,-0.0068543,0.012922
"543.3467407",0.03757,-0.046091,0.06746,0.0097894,0.019781
"544.3334351",0.027995,0.017,0.08018,-0.0058043,-0.075932
"544.6499634",0.033947,-0.062837,-0.026199,-0.020049,0.053178
"544.8231812",0.047014,-0.0013674,0.025759,-0.020666,0.060306
"545.3982794",-0.04918,0.0071131,-0.040025,0.038768,0.01124
"546.3526901",-0.031628,-0.02287,-0.036137,0.022969,-0.097589
"546.6105347",0.015576,0.064479,-0.0086836,-0.059272,-0.078306
"546.8381958",0.033429,-0.043222,0.0217,-0.031622,0.082158
"547.3995361",-0.051037,0.0068387,-0.00064527,0.045171,0.018537
"548.6351864",0.030552,0.030135,-0.08582,0.049783,0.017121
"550.6073608",0.045031,-0.015755,-0.031899,0.024907,0.06114
"551.3187474",0.049537,-0.013831,-0.017555,-0.048733,-0.019053
"552.3497925",0.041293,-0.038904,0.040406,-0.058294,0.011012
"552.8648071",0.04511,-0.037211,0.050522,-0.017171,0.00020796
"553.5175941",-0.023118,0.0033816,0.099419,0.0044358,-0.061885
"553.3987438",-0.030272,0.030071,0.07394,-0.0010479,-0.070009
"554.5178833",-0.036268,0.026457,0.052672,0.0149,-0.075611
"555.3917236",-0.030133,0.030932,0.065203,0.008915,-0.078846
"556.4412842",-0.036507,0.023943,-0.014336,-0.0013967,-0.095277
"556.6410522",0.046751,-0.019658,0.0037626,-0.023132,0.06103
"556.9528809",0.051462,0.02181,0.021728,-0.016769,-0.016938
"558.6420898",0.046828,0.019545,-0.021629,0.055272,-0.02931
"558.9810372",0.048264,-0.044193,-0.0017901,0.0077134,-0.015747
"559.037831",0.040705,-0.032328,-0.042264,-0.052653,-0.041428
"559.3410034",0.053549,-0.01322,-0.0033467,0.0069992,-0.014758
"560.6648116",0.04609,0.018504,-0.020308,0.059504,-0.031571
"561.4697764",0.04936,0.018422,-0.027694,0.039225,-0.020285
"562.3966675",0.018596,-0.063863,-0.056949,-0.065131,-0.035001
"563.9318237",-0.044617,-0.053484,0.023642,0.0055748,-0.0065814
"564.4274292",-0.053849,0.012672,0.0043338,0.0022387,-0.0083836
"564.8571847",0.027205,-0.040593,-0.041878,0.087757,-0.044426
"565.9839007",-0.048308,-0.027988,-0.026918,0.0045813,0.040597
"566.3508495",0.05125,-0.029074,-0.0060532,0.01153,-0.019141
"566.9833346",0.047982,0.026015,-0.042326,0.020701,0.02059
"567.0218448",0.042748,0.029361,-0.063547,0.002761,-0.028947
"567.4201949",-0.032366,-0.033898,0.0041638,0.052577,-0.086631
"568.3491627",0.052349,-0.011887,0.028154,-0.0138,0.0066556
"568.8897095",0.013388,-0.06685,0.048035,0.020639,-0.078214
"571.8465576",0.046524,-0.028899,0.049534,-0.02519,0.005708
"573.3361816",0.035537,-0.069767,0.035496,0.00035272,-0.0070104
"577.468689",-0.028933,0.007548,0.032765,0.039063,-0.10405
"578.4689941",-0.026547,-0.046128,0.0013995,0.070531,-0.076331
"579.8446045",-0.048441,-0.038886,0.021595,-0.0027639,-0.022017
"581.3499756",0.044593,-0.026215,0.038735,0.058636,0.0037279
"581.420105",-0.0060072,-0.032609,-0.0057114,0.12888,-0.038948
"582.468416",-0.041488,-0.020987,0.00090142,-0.025901,0.080509
"583.3474121",0.040279,-0.059572,0.029013,0.016767,-0.022738
"585.3146362",-0.023488,-0.082966,0.038473,-0.016847,0.014546
"585.8701172",-0.01494,-0.06628,-0.052976,-0.037687,0.066995
"587.3463039",0.030362,-0.022721,-0.045584,0.099408,-0.024803
"588.3579546",0.016649,-0.066291,0.080433,-0.031625,0.014274
"588.8485107",0.03904,-0.058985,0.046013,-0.0057739,0.00011519
"589.4616089",-0.052246,-0.021297,-0.018356,0.010661,0.011039
"589.5027139",0.048241,0.030478,0.0023917,-0.0061745,-0.04735
"590.458374",0.030034,0.035826,0.08759,-0.015186,-0.038173
"591.4644775",0.044557,0.020883,0.034554,0.0013369,-0.063278
"592.4629517",-0.048702,-0.01175,0.05274,-0.0091093,-0.012613
"595.3491704",0.040505,-0.052979,0.04423,-0.01597,-0.023071
"595.4592686",0.0023598,-0.064862,-0.030376,0.0093717,0.098336
"597.3423477",-0.029856,-0.011569,0.011961,-0.045169,0.10469
"600.3833524",0.046343,-0.041986,-0.01431,0.032239,-0.025397
"600.8560181",0.049439,-0.022009,0.04174,-0.0020678,0.018154
"601.8570557",-0.046775,-0.04063,0.03124,-0.0047126,-0.024878
"602.3587469",0.034533,-0.069372,-0.018472,0.024865,0.033543
"603.4406742",-0.051845,0.0026688,0.024914,-0.019767,0.025651
"603.3649902",0.016846,-0.079803,-0.042723,0.016959,0.050011
"604.5716882",0.053519,-0.010693,-0.010284,-0.012168,0.012353
"605.4205371",0.034443,0.01187,0.0808,0.010519,0.057344
"606.5674438",0.046466,-0.01739,0.020359,-0.063488,0.020068
"607.4232026",-0.033531,-0.07214,-0.031312,0.0093745,0.02321
"607.9439697",0.045384,-0.037403,0.041965,0.032617,0.0068731
"608.5648193",0.036223,-0.033431,-0.00035313,-0.071187,0.061631
"609.3596802",0.049033,-0.017732,-0.032806,-0.033054,-0.026567
"609.3596802.1",-0.025766,-0.066538,-0.034175,0.070437,-0.017765
"609.866333",0.048052,-0.030965,0.043144,-0.005516,0.010942
"610.3592529",0.040843,-0.025326,0.017493,-0.085246,-0.0085881
"610.5621948",0.045328,0.010747,-0.040076,0.010481,-0.059932
"610.8599042",0.037483,-0.026655,-0.020244,-0.08854,-0.031307
"611.359779",0.024721,-0.069611,0.0687,0.0070617,0.011499
"611.3599982",0.023181,-0.021087,-0.083427,-0.056492,-0.059514
"613.3410645",-0.044579,-0.049071,0.035373,-0.011816,0.0041897
"614.6008758",0.052865,0.0067776,0.0072083,0.0073558,-0.029621
"616.5957642",0.034975,0.056739,-0.010463,0.056893,-0.043287
"617.3834766",0.051519,-0.0037287,-0.011617,0.04295,-0.010467
"618.5923437",0.034101,0.063239,-0.0051544,0.046441,-0.042951
"620.4360962",-0.050258,-0.029492,-0.0076528,-0.0024657,0.032436
"624.3648644",0.043821,-0.01294,-0.015383,0.080291,-0.014113
"624.9107056",0.021722,0.033655,-0.10451,0.016286,0.025159
"625.392395",-0.045364,-0.049035,0.025806,-0.015309,0.0133
"627.3560791",0.023188,-0.056968,0.078267,-0.0051445,0.045096
"628.7244263",-0.047286,-0.043757,-0.0026409,0.020006,-0.024579
"629.3596905",-0.04072,-0.004916,0.082255,-0.01611,-0.0090216
"629.2184689",0.052894,-0.018371,-0.010359,0.0048345,0.01617
"631.4787148",0.051084,-0.022019,0.032559,-0.0041528,0.0080216
"633.0492704",-0.015702,-0.084951,0.054266,0.0016018,-0.0072135
"634.4543384",-0.023723,-0.072254,-0.037192,0.017114,0.05861
"634.8860958",0.043591,-0.012113,-0.030918,-0.0062515,0.073144
"634.9128038",0.041565,-0.0012777,-0.037887,-0.072468,0.037717
"636.0708618",0.040903,0.030839,-0.022126,-0.01382,0.075307
"638.1603984",0.051471,0.01035,0.03509,-0.0045172,0.018171
"639.4082642",0.042566,-0.02457,-0.0017527,-0.073876,-0.035084
"639.381897",0.05357,-0.015541,0.00071826,0.0043205,-0.010771
"640.4059205",0.027624,-0.079425,-0.0046278,-0.0086088,-0.04329
"644.3449827",0.049718,-0.026003,0.039094,-0.0017468,0.0061893
"645.3161437",0.048158,-0.02263,-0.0041002,-0.0019345,-0.055771
"646.470884",0.052666,-0.019666,-0.010881,0.0028785,0.01794
"647.4713745",0.048316,-0.010195,0.056698,0.0055514,-0.00064044
"649.4676514",-0.034446,-0.026058,0.047118,-0.069958,0.054614
"650.4695435",-0.049565,-0.019423,0.014606,-0.02636,0.040366
"654.4902344",-0.028155,-0.076762,0.042911,-0.0074483,0.018788
"655.4016724",0.043013,-0.011369,-0.0033014,0.086745,0.0024304
"657.4689331",0.017548,-0.0044189,-0.10125,0.036418,-0.060338
"658.5714722",-0.048692,0.023635,0.04531,-0.017764,-0.0025454
"658.9059681",0.031826,-0.06583,-0.044382,0.019961,0.038355
"659.3149957",0.032875,-0.069164,0.024585,0.038334,-0.028448
"660.1396539",0.053329,0.0056367,0.013438,0.0022335,0.021974
"661.4054472",0.052647,-0.019085,-0.0028224,0.016519,-0.016341
"662.7075905",0.042392,-0.019188,-0.028423,0.0019662,0.0761
"663.4630506",-0.044618,0.029086,-0.057529,0.027217,0.0040946
"664.4634128",-0.049822,-0.027564,-0.010453,-0.0023708,0.038507
"664.5289307",0.043997,-0.00015479,-0.068174,0.031959,-0.012546
"665.4653931",-0.052663,-0.024839,0.0049802,-9.8532e-05,-0.00045752
"666.5244751",0.020327,0.061079,-0.074408,0.051636,0.013827
"668.5281982",0.042077,-0.036638,-0.027367,0.0051505,0.064361
"669.4205977",-0.049174,-0.035832,0.021917,-0.017642,0.01313
"670.6088325",-0.048453,-0.027995,-0.0077102,-0.01725,0.045719
"671.3779907",0.017069,-0.030458,0.018298,0.12791,-0.003859
"672.6852417",0.045628,0.037028,0.043511,0.027911,-0.0078989
"673.4199219",-0.042316,0.011215,0.076497,-0.019374,-0.0033984
"674.0781023",0.04413,-0.037895,0.055091,-0.0025717,0.012396
"674.5565962",0.049815,-0.00041501,0.042846,-0.030128,-0.0093269
"675.4030762",0.049446,-0.018537,-0.01666,-0.040313,-0.029103
"675.5424805",-0.012293,0.08478,0.05682,-0.0018658,-0.019558
"676.4527891",0.0086517,-0.059849,-0.026487,-0.064206,-0.083757
"676.5514169",0.050113,-0.0027037,0.039451,-0.032078,-0.010102
"676.7117046",-0.027155,0.079849,0.03512,-0.014834,-0.018631
"676.9008568",-0.0091279,-0.079085,0.073421,-0.0075263,-0.0026895
"678.4795532",-0.035622,-0.059882,-0.026175,0.0078508,0.055586
"682.9347534",0.043477,-0.050842,0.007443,-0.042487,-0.013889
"683.5983887",0.021187,-0.052329,0.056387,-0.031478,0.078548
"685.436622",-0.040221,0.0056605,0.024883,-0.032541,0.08273
"685.5105524",0.048536,0.015856,-0.025396,-0.0027517,0.051312
"686.4382935",0.019625,0.021955,0.030377,0.10683,0.063884
"686.5800155",0.041831,-0.040022,-0.018716,0.05103,-0.043603
"689.5581055",-0.052653,0.016984,0.014958,0.0059473,-0.019244
"692.7307129",-0.029209,0.075151,0.03333,-0.0031504,-0.036589
"692.8353882",-6.9428e-05,0.059531,-0.040009,0.050163,0.089262
"693.4946289",-0.04548,-0.014882,0.037899,-0.013309,0.058643
"694.495859",-0.048143,-0.014134,0.024581,-0.030553,0.046689
"698.5737305",0.034919,-0.054081,0.035784,0.052938,-0.038449
"698.9191577",0.0035151,-0.077725,0.078086,-0.0088236,-0.0041477
"701.4511416",-0.04731,-0.042796,0.030178,-0.0057052,-0.004212
"701.5592041",-0.054302,-0.00043764,0.0080574,0.002917,-0.0026814
"702.5635986",-0.054322,-0.0030918,0.0062813,0.0037541,0.00020077
"702.541319",-0.03059,-0.071577,0.034887,0.0039115,-0.041064
"702.9354357",0.044884,0.054085,0.0066412,-0.017582,0.010988
"703.4355469",0.027969,-0.076975,0.046134,-0.0069134,-0.0050827
"703.6846313",-0.051634,0.016246,0.016147,0.010538,-0.031373
"704.574646",-0.003393,0.029421,-0.019162,0.13365,-0.022793
"704.5542227",0.051276,-0.028246,-0.0053385,0.0037713,-0.02362
"704.9213867",0.046938,-0.021,-0.018645,0.06138,-0.013164
"705.6899021",-0.01277,-0.034955,-0.054518,0.0059846,0.10963
"706.6973745",-0.030405,-0.060254,-0.0017779,-0.079158,0.019074
"706.5844116",-0.014352,0.093007,-0.0086541,-0.023314,-0.021313
"707.5965576",-0.043607,0.054086,0.026002,-0.0031162,-0.01924
"707.585867",0.034279,0.021034,0.029455,0.093601,-0.039816
"708.5960693",-0.036434,0.00848,-0.08974,0.026251,-0.013943
"708.7151266",-0.049084,0.040888,0.015777,0.00077469,-0.0063602
"709.5128784",-0.053328,-0.0018853,0.019026,-0.0070358,-0.016825
"712.1413744",0.045614,-0.039429,0.03186,-0.015655,-0.035207
"712.579916",0.035547,-0.048593,-0.033028,-0.051731,0.05113
"713.1428091",0.043022,-0.044916,0.038409,-0.0055677,-0.038381
"713.4419556",-0.035405,-0.030422,-0.0021398,0.10011,0.00526
"714.4460223",-0.039685,-0.065057,0.022258,-0.010461,-0.0086206
"715.4572211",0.0503,-0.035318,0.0053084,0.0051239,-0.017849
"716.5758667",-0.049786,0.039882,0.0055843,-0.0028471,0.0016494
"717.4094917",-0.03698,-0.057028,-0.017259,0.0039121,0.059981
"718.5924072",-0.048387,0.034887,0.0091675,0.025685,-0.030684
"719.5960527",-0.024205,0.075281,0.014436,0.059782,-0.028818
"719.5404054",0.049549,-0.030307,-0.008004,0.033154,-0.020249
"720.4259644",0.027911,-0.066315,0.036309,0.0042508,-0.062908
"720.6966553",0.0071636,0.013715,0.029249,-0.12633,-0.052155
"721.5753409",0.042166,0.028269,-0.053691,0.0064851,-0.051046
"721.5779143",0.041402,0.063032,0.0021991,-0.0088104,0.016994
"721.6994323",0.026659,-0.034015,0.014555,0.047134,-0.099537
"722.5932007",0.03713,0.070461,0.018643,0.014076,0.0042401
"722.5787964",0.045869,0.041577,-0.024516,0.028448,0.027053
"723.5938721",0.036113,-0.033716,-0.078478,0.028459,0.020618
"723.5794067",0.015917,0.092289,-0.018408,0.024208,0.0075214
"724.4829102",0.042931,-0.010412,-0.026718,-0.081817,-0.0042493
"724.4702272",-0.013424,-0.064397,-0.039362,-0.040904,-0.080545
"725.5562207",-0.04209,-0.040477,0.0090249,0.026296,-0.061233
"726.4802376",0.016423,-0.067913,0.0107,0.07207,0.059254
"727.4542309",0.018429,-0.079394,0.031673,0.012115,-0.05802
"727.5684375",0.04193,-0.051759,0.00052423,-0.027434,-0.043358
"728.6874679",0.0062334,0.088124,0.038308,0.0025049,-0.045444
"729.5603027",0.034805,-0.061445,0.016019,0.0081602,-0.059954
"730.6930542",-0.022877,0.023223,0.050416,-0.10836,-0.029654
"731.6052246",-0.05064,0.012766,0.013686,0.019045,-0.041047
"732.6070557",-0.011666,-0.051676,0.020747,0.02027,-0.10986
"732.687439",-0.041213,-0.046069,-0.00049693,0.02381,-0.059142
"733.5581055",-0.053937,0.011538,-0.0031795,0.0092046,-0.00045006
"733.7933011",-0.049743,0.032754,0.018424,0.0037478,-0.025572
"734.121327",0.05047,-0.024458,0.024953,0.010328,-0.026078
"734.5097656",0.052874,0.0057985,0.017999,0.024851,-0.0078503
"734.7265625",0.026661,0.063269,0.029293,0.042236,-0.063924
"735.5708618",-0.053193,0.0075303,0.0099756,0.010607,-0.022929
"736.5427246",-0.053139,-0.017049,0.014323,-0.0092854,-0.003546
"736.5763812",-0.053146,-0.0064762,0.0057409,0.015054,-0.023669
"737.5435181",-0.051522,-0.01072,0.018823,0.0015223,0.036502
"737.7170944",-0.045179,0.05128,0.00098142,-0.0032473,0.028987
"738.5467357",-0.046493,-0.044004,0.026896,0.011867,-0.020711
"741.6500206",-0.010981,0.087491,0.022011,0.051848,-0.021778
"744.5872803",0.019327,0.044101,-0.088455,0.032026,-0.051617
"745.5527467",-0.039421,-0.055179,0.050584,-0.0098288,-0.0079855
"745.5935669",-0.050163,0.036244,0.0095988,0.0057656,-0.014072
"746.4608689",-0.037746,-0.057082,-0.0086247,-0.0033007,0.059057
"746.7189941",-0.037881,0.047302,0.014365,0.039346,-0.061853
"747.6080933",-0.036961,0.047034,0.014555,0.037476,-0.066623
"748.6082687",0.035029,-0.022803,-0.088792,0.024633,-0.015867
"749.5822754",-0.0089148,-0.084763,-0.013074,0.04793,-0.048618
"750.58052",-0.053609,-0.002769,0.0097744,0.0062414,-0.02018
"750.8040374",0.0013348,-0.073074,0.02173,0.023883,-0.087261
"752.5133667",-0.053602,-0.015646,0.0057585,-0.0036673,0.0073349
"752.707014",-0.048371,0.012726,-0.050694,0.025144,-0.0082498
"754.6709595",-0.048451,-0.021243,-0.029581,-0.021205,-0.040357
"756.7073364",-0.051719,0.029777,-0.0015307,0.001519,0.011727
"757.5827637",-0.029,-0.04391,-0.058251,-0.077016,0.021655
"757.5877686",-0.039807,-0.051557,-0.037801,0.017602,0.041809
"758.0564889",0.03001,-0.079188,-0.024305,0.022392,-0.0026205
"758.4732666",-0.048365,-0.044335,-0.0031685,-0.0074775,0.012498
"758.5735328",-0.053355,0.019053,-0.002764,0.003021,0.0055006
"759.4319329",0.039424,-0.058167,0.046196,0.0011637,-0.00022991
"759.5705566",-0.049179,0.042231,0.0064639,-0.0018529,-0.0029199
"759.8005981",-0.052124,-0.019321,-0.018971,0.019732,0.0089012
"760.6969604",-0.0022602,0.08107,0.022577,0.052583,-0.056466
"760.9609985",0.013755,-0.046193,-0.0579,0.020723,-0.096416
"761.5906804",-0.053886,0.0081127,0.004323,0.0079997,-0.013148
"762.5993094",0.032441,-0.06054,0.019051,-0.0045971,0.068836
"762.5927734",-0.053841,0.0054147,0.0046071,0.0089305,-0.016031
"763.5965576",-0.018366,-0.016292,0.11252,-0.024392,0.028365
"764.6021812",0.007301,-0.080667,-0.0077363,0.030687,-0.072075
"766.5284433",-0.040782,-0.062426,-0.013809,0.010411,0.02266
"766.7261034",-0.050901,0.026732,0.015675,0.0035854,-0.026601
"767.5275879",-0.046361,-0.035733,0.025805,-0.00076917,-0.044353
"767.5950317",-0.047367,-0.043228,-0.0063775,0.019347,-0.025043
"768.553894",-0.0069301,-0.021262,-0.12253,-0.0081701,0.0012841
"768.5877686",-0.051499,0.031865,0.0043887,0.0024269,-0.0035474
"769.5569458",-0.029071,-0.015185,-0.072144,0.076021,0.041229
"769.5908203",-0.030867,-0.068925,-0.021551,0.036057,-0.044835
"770.6854497",-0.047777,0.045457,0.0029355,0.0059016,-0.018587
"770.9421387",0.047559,0.04507,0.011723,-0.016712,0.013083
"771.4829712",0.039817,-0.059283,0.0035247,0.0012016,-0.045293
"771.6085815",0.023069,-0.061585,-0.028563,0.064018,-0.059791
"772.6269805",-0.047688,-0.032838,-0.0038272,0.020761,-0.043894
"772.8184041",0.015723,0.088652,0.034823,-0.010848,-0.027453
"773.4451904",0.048551,-0.031867,0.001332,0.043932,-0.012922
"774.6852296",-0.054287,0.0048573,-0.0029219,0.0071529,0.00029723
"776.586853",-0.047716,-0.032842,0.021816,0.0093435,-0.04096
"776.6886597",-0.052107,0.027212,0.0066197,0.007121,-0.0082031
"778.4487305",0.049201,-0.021952,0.013002,0.050417,-0.0054793
"778.570786",0.050839,-0.029946,-0.00044078,-0.013984,-0.022834
"779.5747681",0.040535,-0.055403,-0.033495,0.036711,0.0016624
"780.4706902",0.026749,0.0014597,-0.078249,-0.084843,-0.02434
"780.6074535",-0.05181,-0.02681,-0.0042242,0.0066509,-0.01851
"781.5687965",-0.041095,-0.045394,0.041683,-0.018219,-0.042935
"781.6785278",-0.053136,0.0058748,-0.014282,-0.00051115,0.024205
"782.4782941",0.04924,-0.0065732,0.034762,-0.044261,-0.012318
"782.6946278",-0.054031,0.011652,-0.0022653,-0.00035536,0.0036242
"783.5708008",-0.052287,-0.021723,-0.017222,0.0068604,0.012924
"784.4836573",0.038118,-0.030903,-0.019403,-0.062769,0.061583
"784.5822717",-0.052854,0.023719,-0.0011454,0.0015144,0.0010996
"785.5872803",-0.052862,-0.013732,-0.019764,0.01149,0.01165
"785.8430912",-0.051625,0.014451,0.014689,0.0080848,-0.034499
"786.603639",-0.052579,0.022894,0.00076493,0.0074405,-0.014586
"786.4404907",0.049063,-0.0089356,0.031562,-0.038831,-0.029213
"787.60488",-0.053085,0.018783,0.001997,0.0084448,-0.013464
"787.8434914",-0.052084,-0.0077589,0.003076,0.016335,-0.035083
"788.4709242",0.053501,-0.0005306,0.0073057,0.0068074,-0.023193
"788.729187",-0.032241,0.043046,0.040754,-0.083641,-0.020449
"789.4667969",-0.047068,-0.046361,0.022674,-0.0020343,-0.0069523
"789.7306519",-0.053588,0.0075725,0.0062162,0.0074851,-0.01943
"790.5634444",-0.048429,0.035348,0.020359,0.0077528,-0.031769
"790.4736328",0.046211,0.016599,-0.019636,0.061091,-0.030185
"790.7986113",-0.052528,0.025834,0.0030128,0.00048687,0.0035609
"791.6229248",-0.023161,-0.069676,0.01555,0.061681,-0.04955
"792.4696045",0.047954,0.025897,0.025776,-0.030975,-0.036034
"793.6091814",-0.036357,-0.056179,-0.045198,0.023462,0.039115
"794.6052856",-0.053707,-0.0043564,-0.014435,0.015549,-0.00070756
"795.6251831",-0.051156,0.033127,0.0050203,0.003343,-0.0082661
"798.6593018",-0.029518,-0.079111,-0.0064355,0.036023,0.011852
"799.8268002",-0.053444,0.016413,0.0064365,0.0023178,-0.010596
"800.7197266",-0.023602,0.063447,-0.02869,0.021532,-0.079174
"800.9706421",0.051691,-0.026004,-0.0033784,0.012931,-0.019963
"801.607732",-0.010458,-0.028651,-0.10701,0.011276,-0.055216
"803.5050232",0.032011,-0.073499,0.041436,-0.00038999,-0.0027635
"804.6066895",-0.044043,-0.035964,-0.037045,0.0087202,0.048719
"805.5491333",-0.012817,-0.078664,-0.002936,0.026946,-0.073172
"806.0921021",0.048167,0.017087,0.00015884,0.062383,0.0030485
"807.5722612",-0.030162,-0.070559,-0.014004,0.026539,-0.052027
"808.5823364",-0.05231,-0.01956,-0.0011043,0.0082797,-0.025528
"809.5863037",-0.052644,-0.0076133,-0.019898,0.0042555,0.02512
"810.6010132",-0.048858,0.020093,-0.026536,-0.042254,-0.021279
"811.6669804",-0.043713,0.0053242,0.055033,0.058356,-0.0013258
"812.671814",-0.052342,0.026742,0.0068434,0.00053231,-0.0011651
"813.7991146",-0.053193,-0.0058873,0.0059632,0.0073169,-0.026393
"814.8047485",-0.035401,0.012288,0.093708,-0.016308,0.00661
"816.7167358",-0.053605,0.0012804,-0.0046137,0.018914,-0.014802
"818.4768677",0.047006,-0.024268,0.0481,-0.026076,0.018457
"820.7270508",-0.014505,-0.090102,-0.017083,0.033791,-0.02541
"822.4827821",0.047952,-0.041183,0.0011919,-0.0024888,-0.031355
"827.1311646",0.026798,-0.034453,-0.068086,-0.063705,-0.05399
"827.696167",0.027936,-0.052746,0.010207,-0.096576,-0.0026042
"828.969175",0.028245,0.078493,0.011992,-0.026697,0.034767
"829.5305834",0.035508,-0.037794,-0.029238,0.087891,-0.010235
"829.5534668",0.051414,-0.026622,-0.0073572,0.011617,-0.022311
"830.7097707",-0.0053216,-0.013023,-0.076738,-0.078391,-0.076803
"832.5828169",-0.051661,0.030447,-0.0037445,0.0012965,0.0092204
"833.4738949",-0.041103,-0.061351,0.026363,0.00097917,-0.010168
"834.5995483",-0.0486,-0.038133,-0.019302,0.020341,-0.015448
"835.6924874",-0.039557,-0.062885,-0.014873,0.020399,-0.026759
"836.6072761",0.040517,-0.060878,7.3216e-05,0.018906,-0.031867
"838.8354153",0.048136,0.025875,-0.013634,-0.013416,0.049622
"840.4001506",0.026987,-0.029315,-0.023477,0.037982,-0.10332
"856.733591",-0.026832,-0.05796,-0.056922,0.016017,0.061992
"858.5967637",-0.0073278,-0.07395,-0.025771,0.048083,-0.072279
"859.5338745",-0.017751,-0.066386,-0.01938,-0.011145,0.088994
"866.7801382",0.041138,-0.032821,-0.010138,0.046106,-0.063259
"877.7295691",-0.035683,-0.064818,0.022474,0.0078693,-0.045755
"900.3533325",0.052061,-0.0046447,0.0097969,-0.018351,-0.033982
"906.3884778",0.044642,0.006791,0.029592,-0.028751,-0.065788
"906.8244629",0.045512,0.048744,0.022001,-0.012927,-0.020532
"908.3856201",0.050628,0.0071853,0.0017463,0.034071,-0.037382
"910.3842773",0.029465,-0.056161,-0.011593,0.088049,-0.011387
"956.3170253",0.039099,-0.03893,0.037657,-0.0048262,-0.067598
"958.3140259",0.015328,-0.05145,-0.06689,0.076901,-0.041299
"964.3459473",0.044205,-0.022434,0.024875,-0.021537,0.065824
"964.8502713",0.050011,0.015143,-0.012955,-0.011993,0.046736
"966.3449707",0.0523,0.0020056,0.016981,-0.020158,-0.027178
"968.3421656",0.0099545,0.016363,0.076818,-0.0041701,-0.10402
"970.3383789",0.048673,-0.0077979,-0.029938,0.0062335,0.050876
"974.8329574",0.049653,0.024334,-0.01194,-0.014534,0.041056
"977.5952759",0.042267,-0.059652,-0.0015511,0.0028966,-0.02622
"978.6027137",-0.017328,-0.058794,0.071707,0.065975,0.019214
"1008.80839",0.046135,0.0099681,-0.051441,-0.034267,-0.030917
"1021.609659",-0.043329,-0.05743,-0.0034556,0.013185,-0.021058
"1022.304831",0.054309,-0.0026429,0.0004225,0.0083555,-0.0031832
"1024.303833",0.051749,0.0060671,0.021463,-0.025436,-0.024901
"1026.302898",0.053213,0.0061458,0.013098,0.00052879,-0.02378
"1028.299683",0.0535,0.0012662,0.016876,0.0028217,-0.017268
"1042.796509",0.043998,0.027101,-0.020256,-0.015256,0.066802
"1057.14209",0.050794,-0.025358,0.017301,-3.4585e-05,-0.029375
"1076.790894",0.048197,0.014265,-0.014782,0.061457,0.0026107
"1082.260231",0.052399,-0.00022795,0.028386,-0.0086942,-0.01925
"1084.259644",0.052615,8.2629e-05,0.015874,-0.022706,-0.021869
"1086.253174",0.053702,0.0071142,0.0063189,-0.0013372,-0.018989
"1100.761517",0.036609,0.042238,-0.011117,-0.025609,0.078804
"1110.786115",0.042241,0.034351,-0.014763,0.074216,-0.0017447
"1138.219773",0.045927,-0.0093663,0.059009,-0.035086,0.0079612
"1142.215332",0.052508,0.012775,0.02825,0.0037614,0.0070421
"1168.743042",0.05037,0.012316,-0.01963,-0.005411,0.044169
"1225.208513",-0.044294,-0.033094,-0.033996,-0.0010232,0.05418
"1262.176241",0.052481,0.0014876,0.015299,-0.025439,-0.021578
"1314.088513",0.052993,0.0072839,0.018746,0.0041454,-0.021396
"1316.090402",0.050439,0.014006,0.026421,-0.025449,-0.029825
"1318.089722",0.053183,0.0053208,0.014223,-0.0015447,-0.023778
"1320.088989",0.054405,0.0012023,-0.0025291,0.0029748,-0.0012711
"1382.730835",0.046466,0.0049067,0.057922,-0.022835,0.025738
"1450.719448",0.048225,0.0062094,0.045393,-0.01771,0.035857
