"","Comp. 1","Comp. 2","Comp. 3","Comp. 4","Comp. 5","Comp. 6","Comp. 7","Comp. 8"
"578.3769355.1",3.3149,3.2301,3.0932,3.0197,2.961,2.9306,2.9239,2.9234
"550.3477664.1",3.298,3.1602,3.0204,2.9474,2.8921,2.8659,2.8593,2.8588
"381.2359788.1",3.2921,3.137,2.9973,2.9248,2.8723,2.8423,2.8367,2.8362
"551.3516944",3.286,3.1236,2.984,2.9124,2.8617,2.8382,2.8316,2.8311
"494.3576629",3.2421,3.0835,2.9455,2.8742,2.8185,2.7913,2.7849,2.7845
"918.61281",3.2361,3.0568,2.9194,2.8489,2.8001,2.7773,2.7708,2.7703
"365.2400435",3.2118,3.0824,2.9455,2.8739,2.8198,2.7984,2.7919,2.7915
"553.3622949",3.1962,3.0208,2.8849,2.8153,2.7608,2.7342,2.7281,2.7276
"550.3477664",3.1938,3.0431,2.9064,2.8361,2.7839,2.7563,2.7508,2.7504
"890.5824841.1",3.1896,2.9902,2.8556,2.7874,2.7425,2.7166,2.7103,2.7098
"891.5868485",3.1843,2.9857,2.8513,2.783,2.7379,2.7124,2.7061,2.7056
"592.3943823",3.1779,3.0386,2.9029,2.8334,2.7783,2.7519,2.7458,2.7454
"773.4913934",3.1582,2.989,2.8547,2.7912,2.7599,2.7318,2.7267,2.7262
"536.332452",3.1504,2.9662,2.8327,2.7639,2.7124,2.6879,2.6818,2.6813
"341.2429728.1",3.1471,2.9845,2.8501,2.7846,2.7344,2.7044,2.7009,2.7005
"381.2359788",3.1443,2.9556,2.8226,2.756,2.7024,2.6746,2.6688,2.6683
"578.3769355",3.1406,2.9772,2.8433,2.776,2.7221,2.6969,2.6909,2.6904
"595.2417677",3.1393,3.0864,2.958,2.8862,2.8324,2.8015,2.7954,2.7949
"508.2951399",3.1378,2.9475,2.8149,2.7467,2.6956,2.6706,2.6644,2.664
"409.267165",3.1375,3.0262,2.8923,2.8235,2.7702,2.7428,2.7371,2.7367
"341.2429728",3.1262,2.9762,2.8423,2.7732,2.7195,2.6902,2.6851,2.6847
"564.3620773",3.116,2.9366,2.8044,2.7383,2.6853,2.6601,2.6542,2.6537
"890.5824841",3.1127,2.9191,2.7879,2.7205,2.6698,2.6445,2.6384,2.638
"579.3809866",3.1088,2.9366,2.8044,2.7416,2.689,2.6617,2.6561,2.6556
"606.4083731",3.1037,2.9863,2.8535,2.787,2.7341,2.7074,2.7016,2.7012
"565.3621633",3.0905,2.9103,2.7795,2.7154,2.6626,2.6367,2.631,2.6305
"735.4859957",3.0885,2.9138,2.7826,2.7165,2.6646,2.6421,2.6362,2.6357
"537.3315818",3.0712,2.8886,2.7591,2.6937,2.6512,2.625,2.6234,2.623
"367.2166231",3.0561,2.9189,2.7879,2.7258,2.6766,2.6494,2.6447,2.6443
"137.0427414",3.0506,2.9787,2.8464,2.7856,2.7349,2.7052,2.701,2.7006
"210.1066738",3.0479,2.8769,2.7476,2.6811,2.629,2.6064,2.6015,2.601
"877.5689853",3.0464,2.8547,2.7267,2.6616,2.6125,2.5893,2.5833,2.5829
"904.5956556",3.0238,2.823,2.6971,2.636,2.5849,2.5566,2.5509,2.5505
"877.5684605",2.9921,2.7922,2.6681,2.6045,2.5553,2.5291,2.5235,2.523
"876.5654392",2.989,2.7911,2.6669,2.6039,2.5548,2.5295,2.5238,2.5234
"210.1066738.1",2.9877,2.8656,2.7366,2.67,2.6181,2.5905,2.5859,2.5855
"565.3621633.1",2.9832,2.8812,2.754,2.691,2.6403,2.6135,2.6075,2.6072
"522.3150866.1",2.9126,2.7393,2.6166,2.5556,2.5061,2.4855,2.4806,2.4802
"429.282425",2.9111,2.7202,2.5993,2.5369,2.4878,2.4652,2.4621,2.4617
"862.5484518",2.9035,2.7074,2.5881,2.5277,2.4794,2.4542,2.4492,2.4487
"564.3620773.1",2.8798,2.7349,2.6118,2.5758,2.5603,2.5332,2.5329,2.5325
"209.1248605",2.8725,2.6937,2.5739,2.5407,2.5033,2.4758,2.4713,2.4709
"579.3809866.2",2.8599,2.7728,2.6503,2.5954,2.5458,2.5181,2.5249,2.5244
"398.2406746",2.8437,2.6692,2.5502,2.4893,2.4771,2.4567,2.4517,2.4512
"291.0666011.1",2.7948,2.7061,2.5843,2.5364,2.4873,2.4603,2.4568,2.4566
"159.0255438",2.7634,2.6723,2.5521,2.5011,2.4525,2.4257,2.4223,2.4219
"291.0666011",2.7072,2.6067,2.4895,2.4364,2.3944,2.3691,2.3676,2.3673
"224.1247281",2.6779,2.5443,2.4303,2.3813,2.3361,2.3299,2.3248,2.3244
"545.3662121",2.6751,2.5005,2.3908,2.339,2.2941,2.2774,2.2734,2.273
"579.3809866.1",2.6637,2.4798,2.3724,2.3164,2.2825,2.2578,2.2526,2.2523
"258.1075471",2.6297,2.5662,2.4768,2.4982,2.4604,2.4597,2.4543,2.4538
"764.5227739",2.6205,2.5411,2.4383,2.3984,2.3523,2.3266,2.3246,2.3244
"719.4563853",2.5611,2.402,2.297,2.272,2.2374,2.2173,2.2129,2.2126
"604.4098124",2.5333,2.3675,2.2649,2.2168,2.1758,2.1646,2.1604,2.16
"603.4062279",2.5005,2.3362,2.2357,2.1878,2.1472,2.135,2.1311,2.1308
"753.4953182",2.4853,2.3283,2.2309,2.1808,2.1404,2.119,2.1142,2.1141
"661.4507317",2.4847,2.3199,2.2199,2.1757,2.1342,2.1234,2.12,2.1197
"123.0524252",2.4595,2.3464,2.2415,2.1869,2.2053,2.1832,2.2053,2.2051
"522.3150866",2.3392,2.184,2.0857,2.074,2.0348,2.0363,2.0315,2.0312
"481.2621848.1",2.2754,2.1411,2.0452,2.0255,2.0482,2.0273,2.0262,2.0258
"142.1207911",2.2753,2.1262,2.0389,1.9907,1.952,1.9467,1.9422,1.9418
"728.4953079",2.2634,2.1212,2.0285,1.9815,1.9465,1.9778,1.9764,1.9769
"341.2429728.2",2.1919,2.042,1.9651,1.9178,1.8854,1.8705,1.8669,1.8667
"777.531105",2.1898,2.0385,1.9567,1.917,1.8799,1.8796,1.8762,1.8759
"125.0938232",2.1824,2.0328,1.9496,1.9114,1.8762,1.8562,1.8558,1.8559
"728.9983054",2.1724,2.0421,1.9525,1.9325,1.8955,1.8975,1.8948,1.8957
"523.3169906",2.1658,2.0287,1.9487,2.0067,1.9734,1.9553,1.9763,1.9759
"520.3300239",2.1455,1.9991,1.9138,1.9345,1.9056,1.8888,1.893,1.8926
"758.0173223",2.1384,1.9991,1.912,1.8798,1.8433,1.8681,1.8688,1.8695
"170.1146695",2.118,2.0099,1.9228,1.8954,1.8587,1.8559,1.8573,1.8571
"487.3233835",2.0976,1.9786,1.9109,1.8672,1.8324,1.8225,1.8199,1.8195
"579.2638024",2.0135,1.8792,1.8102,1.7761,1.75,1.7315,1.7287,1.7286
"147.0887027",2.0123,1.9114,1.8283,1.8343,1.8837,1.8795,1.8751,1.8748
"217.1052334",1.9943,1.9269,1.8402,1.7955,1.7636,1.7447,1.7418,1.7421
"218.105583",1.8892,1.8205,1.7401,1.6978,1.6654,1.6499,1.6464,1.6462
"123.0987218",1.8501,1.7333,1.6566,1.6548,1.7628,1.7491,1.7475,1.7488
"705.4402567",1.8206,1.6955,1.6276,1.6313,1.6172,1.6085,1.6091,1.609
"81.93660494.13",1.8052,1.7212,1.6682,1.7259,1.7062,1.688,1.684,1.6837
"611.3253184.1",1.7551,1.679,1.6049,1.6014,1.5916,1.5832,1.5846,1.5843
"338.9214001",1.7149,1.7876,1.7122,1.7287,1.6963,1.6792,1.6768,1.6794
"147.0887027.3",1.6656,1.7336,1.6627,1.6559,1.7038,1.8158,1.8337,1.8358
"664.4342185.1",1.6594,1.6432,1.5783,1.5421,1.5121,1.5107,1.5073,1.507
"623.2844649",1.6384,1.5639,1.5023,1.4658,1.4384,1.4256,1.425,1.4251
"437.4484983",1.631,1.5196,1.4698,1.4342,1.5503,1.622,1.6259,1.6262
"757.5195268",1.6271,1.5152,1.4545,1.4657,1.4387,1.4523,1.4573,1.4592
"663.43062.1",1.617,1.6003,1.5383,1.5034,1.4743,1.4722,1.4689,1.4686
"634.3408595.1",1.6107,1.5737,1.5039,1.4918,1.4816,1.4721,1.4756,1.4753
"481.3537381",1.6077,1.5095,1.4518,1.4666,1.4485,1.433,1.4318,1.4316
"447.1831295",1.596,1.5545,1.4888,1.4631,1.4375,1.4269,1.4391,1.4389
"633.8417095.1",1.5873,1.5312,1.4636,1.4633,1.4652,1.4671,1.474,1.4738
"786.5357941",1.5864,1.4817,1.4258,1.4327,1.4051,1.4234,1.4228,1.4238
"563.3381142.1",1.5805,1.5433,1.4786,1.4769,1.4507,1.4896,1.4862,1.4863
"432.277841",1.5754,1.4714,1.4107,1.4837,1.4552,1.441,1.4377,1.4374
"476.3084647",1.5733,1.4683,1.4099,1.4656,1.4377,1.4238,1.4206,1.4203
"388.2550527",1.5643,1.4623,1.4022,1.475,1.4464,1.4322,1.4289,1.4287
"527.2942777",1.5562,1.4771,1.4197,1.4193,1.4067,1.3927,1.3915,1.3913
"522.2594534.2",1.5459,1.4454,1.3806,1.4913,1.4656,1.497,1.4935,1.4938
"363.1627541.1",1.5443,1.4861,1.4246,1.4076,1.3811,1.3806,1.3776,1.3777
"81.93660494.18",1.5187,1.739,1.7187,1.7211,1.6878,1.6701,1.6701,1.67
"526.2885718",1.5158,1.4437,1.3841,1.3931,1.3743,1.3913,1.3881,1.3878
"371.2259853",1.5028,1.4089,1.3517,1.4149,1.3874,1.3863,1.383,1.3828
"583.2904456",1.4917,1.408,1.3637,1.3306,1.3081,1.2986,1.2976,1.2976
"81.93660494.3",1.4768,1.5026,1.4451,1.4518,1.4573,1.4764,1.4734,1.4733
"990.1837617",1.4658,1.6661,1.607,1.6323,1.6316,1.6137,1.61,1.6098
"674.8822755",1.4646,1.4153,1.3933,1.3605,1.375,1.3824,1.3796,1.3797
"154.9688813",1.4567,1.3566,1.3038,1.3602,1.3578,1.344,1.3429,1.3429
"393.2940833",1.4533,1.3704,1.315,1.37,1.3456,1.335,1.3319,1.3317
"707.4552617",1.4526,1.4298,1.3811,1.3517,1.326,1.3206,1.3175,1.3173
"664.4342185",1.4411,1.4191,1.3701,1.3446,1.3196,1.3123,1.3095,1.3092
"708.4552598",1.4397,1.4189,1.3705,1.3431,1.3171,1.3095,1.3065,1.3062
"702.4968733",1.4337,1.4286,1.3739,1.3798,1.3551,1.3405,1.338,1.3377
"791.5482717",1.4249,1.4113,1.3621,1.3335,1.3232,1.3142,1.3116,1.3114
"81.93660494.4",1.4239,1.5388,1.4895,1.4541,1.4277,1.417,1.4143,1.4142
"327.1996056",1.4199,1.3295,1.2788,1.3475,1.3213,1.3093,1.3064,1.3061
"433.2038297.2",1.4119,1.4277,1.3667,1.3336,1.3079,1.2955,1.2924,1.2925
"707.4552617.1",1.4114,1.3907,1.3437,1.3197,1.294,1.2856,1.2827,1.2824
"126.0915305",1.4114,1.3399,1.3015,1.2753,1.2571,1.253,1.2548,1.2546
"583.2924311",1.401,1.3189,1.2874,1.2585,1.2401,1.23,1.2273,1.2275
"619.3998899",1.3972,1.3769,1.3301,1.3115,1.2865,1.276,1.2731,1.2728
"81.93660494.10",1.3936,1.4104,1.3471,1.4152,1.4682,1.4628,1.4639,1.4636
"635.3954891",1.3919,1.3589,1.3108,1.3058,1.2844,1.2929,1.2899,1.2898
"525.283826",1.3873,1.359,1.3005,1.3365,1.3329,1.3343,1.3312,1.3309
"679.4251076.1",1.3784,1.3573,1.3133,1.2897,1.2651,1.2554,1.2526,1.2523
"719.4936972",1.3759,1.7126,1.6485,1.661,1.6579,1.6631,1.6596,1.6606
"481.3842579",1.3724,1.3016,1.2543,1.2841,1.2594,1.2478,1.2465,1.2463
"703.4189019.1",1.3721,1.3491,1.3075,1.2761,1.2551,1.2549,1.252,1.2518
"669.3106318",1.3696,1.3138,1.3133,1.2817,1.2576,1.2667,1.2641,1.2641
"438.2416724",1.3689,1.3101,1.2575,1.2864,1.2615,1.2759,1.2729,1.2728
"394.2118782",1.3577,1.3061,1.2521,1.2974,1.2724,1.2701,1.2672,1.2673
"437.5066885",1.3568,1.2864,1.2385,1.2686,1.2505,1.2395,1.2371,1.2369
"525.451217",1.3544,1.3113,1.2622,1.2668,1.2546,1.2408,1.2394,1.2392
"704.4246018",1.3522,1.3315,1.2895,1.2638,1.243,1.2362,1.2335,1.2333
"136.1120487",1.3512,1.3306,1.2832,1.2678,1.6335,1.6182,1.6378,1.6378
"437.3539476",1.3413,1.2727,1.2223,1.2856,1.2634,1.2529,1.25,1.2498
"434.2032711",1.3364,1.3364,1.2836,1.2529,1.2302,1.2199,1.2171,1.2171
"390.1829556",1.3352,1.3225,1.2751,1.2672,1.2911,1.2841,1.2839,1.2838
"439.2396166",1.3312,1.2735,1.2259,1.2526,1.2296,1.2205,1.2185,1.2183
"686.9969344",1.3298,1.2521,1.21,1.1821,1.2557,1.2419,1.2808,1.281
"236.9973496.6",1.3281,1.2363,1.2191,1.1907,1.1678,1.1772,1.1783,1.1784
"437.2375914",1.3231,1.2688,1.2183,1.2653,1.2413,1.2466,1.2439,1.2437
"704.4246018.1",1.3221,1.3099,1.2655,1.2468,1.2593,1.2463,1.2448,1.2448
"81.93660494",1.3195,1.3858,1.3578,1.3253,1.3449,1.3357,1.3327,1.3325
"393.3216706",1.3075,1.2435,1.1942,1.2632,1.2418,1.2325,1.2297,1.2295
"122.0937358.3",1.3018,1.245,1.1889,1.1612,1.2683,1.2566,1.3311,1.3311
"364.1641573.1",1.2967,1.2663,1.2242,1.1991,1.2025,1.248,1.2509,1.2509
"481.2621848",1.2953,1.2472,1.1982,1.2284,1.2053,1.2275,1.2248,1.2246
"703.4189019",1.2919,1.2705,1.2334,1.2096,1.1924,1.1847,1.182,1.1818
"482.2621136",1.2914,1.2396,1.1902,1.2192,1.1958,1.2379,1.2355,1.2353
"395.2137003",1.2832,1.2281,1.1796,1.2372,1.2168,1.2136,1.2108,1.2106
"961.1626762",1.2725,1.406,1.3608,1.4101,1.3829,1.3687,1.3656,1.3663
"696.4178356",1.2724,1.2524,1.2185,1.1897,1.1723,1.1713,1.1691,1.169
"393.4113359",1.2721,1.2099,1.163,1.2297,1.2121,1.2012,1.1985,1.1983
"349.183895",1.2719,1.2284,1.1805,1.2191,1.1956,1.1986,1.1959,1.1959
"408.1914648",1.271,1.2706,1.2219,1.1928,1.1864,1.1744,1.1739,1.174
"655.8565587",1.2709,1.3042,1.2519,1.2629,1.2385,1.2281,1.2256,1.2253
"81.93660494.6",1.2703,1.4697,1.4191,1.3859,1.3592,1.3447,1.3418,1.3418
"394.2947394",1.2576,1.1978,1.1506,1.2326,1.212,1.2014,1.1986,1.1984
"261.24578",1.2571,1.1821,1.1507,1.1298,1.1155,1.1903,1.1877,1.1875
"757.3663918",1.2548,1.3609,1.3924,1.3665,1.3399,1.3376,1.3354,1.3352
"478.2305988.1",1.2504,1.2411,1.198,1.1693,1.1468,1.1368,1.1348,1.1349
"350.1853726",1.2504,1.2155,1.1672,1.2078,1.1855,1.1854,1.1827,1.183
"122.0937358",1.2502,1.5202,1.4914,1.5321,1.6834,1.7056,1.7134,1.7162
"751.4824662",1.2474,1.2165,1.1892,1.1606,1.1384,1.1373,1.1347,1.1345
"752.4837859",1.2466,1.2158,1.1885,1.16,1.1378,1.1364,1.1338,1.1336
"522.2594534",1.2451,1.2492,1.2037,1.176,1.1554,1.1465,1.1439,1.1438
"791.4779031.1",1.2429,1.2139,1.1868,1.1579,1.1367,1.1366,1.1341,1.1339
"81.93660494.8",1.2422,1.2242,1.1717,1.3176,1.4942,1.5053,1.5096,1.5094
"108.0801199",1.237,1.1549,1.1469,1.2114,1.2215,1.2086,1.2412,1.2429
"393.2113274",1.2358,1.1823,1.1362,1.2202,1.1988,1.1942,1.1914,1.1915
"656.3553916",1.2272,1.3046,1.2486,1.2403,1.217,1.2095,1.2069,1.2066
"523.2613041",1.2197,1.2282,1.1846,1.1561,1.1355,1.1257,1.1231,1.123
"319.1351046.1",1.2122,1.2303,1.1861,1.1817,1.1587,1.1484,1.1457,1.1458
"570.3177369",1.2069,1.1817,1.137,1.1417,1.124,1.1592,1.1571,1.1569
"81.93660494.19",1.2047,1.5184,1.5063,1.5228,1.4979,1.5119,1.514,1.5162
"521.2585627",1.1929,1.199,1.1583,1.1302,1.1086,1.0976,1.0952,1.0953
"539.2680225",1.1851,1.1602,1.1256,1.1032,1.0844,1.0726,1.073,1.073
"566.2886518.2",1.1806,1.185,1.1447,1.1203,1.0998,1.0938,1.0913,1.0912
"713.3326915",1.1798,1.284,1.3216,1.2955,1.2703,1.2693,1.2675,1.2673
"787.0423813",1.173,1.1861,1.155,1.1273,1.1079,1.1618,1.1611,1.1627
"1376.772604.1",1.1729,1.1176,1.1341,1.1609,1.1385,1.126,1.1234,1.1252
"349.2618807",1.1717,1.1235,1.0837,1.1438,1.1242,1.1169,1.1144,1.1142
"521.2585627.2",1.1665,1.1823,1.1431,1.1153,1.0944,1.0824,1.0799,1.0797
"831.9584447.1",1.1651,1.2093,1.163,1.1477,1.1274,1.117,1.1208,1.1207
"363.1627541",1.1633,1.3214,1.2619,1.2321,1.2129,1.2066,1.2089,1.2087
"614.3470747",1.1617,1.1351,1.0955,1.099,1.0813,1.1127,1.1106,1.1104
"351.1882843",1.159,1.1167,1.0772,1.1272,1.1099,1.1088,1.1064,1.1062
"655.3501985",1.1581,1.2294,1.1792,1.1781,1.1587,1.153,1.1507,1.1505
"479.2349878",1.1563,1.1852,1.1435,1.1158,1.0942,1.083,1.0804,1.0805
"433.2038297.1",1.1551,1.187,1.1434,1.1173,1.0962,1.0874,1.0851,1.0851
"569.3132755",1.1501,1.1354,1.0948,1.0948,1.0772,1.1073,1.1052,1.105
"349.2878778",1.1474,1.1013,1.0629,1.1261,1.1076,1.0993,1.0969,1.0967
"652.3966849",1.1471,1.1111,1.0826,1.0935,1.0809,1.0943,1.0931,1.0931
"532.6180732",1.1459,1.2561,1.2014,1.177,1.1542,1.1554,1.1549,1.1546
"633.3427561",1.1442,1.2093,1.1614,1.1653,1.1461,1.1412,1.1385,1.1383
"539.2680225.1",1.1437,1.089,1.0735,1.0481,1.0511,1.0412,1.0392,1.0393
"960.664045",1.1396,1.2389,1.1973,1.3016,1.2813,1.2675,1.2645,1.2655
"656.8553499",1.1391,1.2019,1.1538,1.1469,1.127,1.1254,1.1231,1.1233
"768.479876.1",1.1389,1.1069,1.0916,1.0653,1.047,1.0467,1.0446,1.0444
"566.2886518",1.1386,1.187,1.1427,1.1149,1.0991,1.0894,1.087,1.0868
"123.0987218.5",1.1382,1.0717,1.0236,1.0397,1.0194,1.0277,1.0266,1.0264
"677.3689914",1.1379,1.2174,1.1681,1.1647,1.1433,1.1371,1.1346,1.1344
"478.2305988.2",1.1369,1.247,1.29,1.2676,1.2433,1.2418,1.2392,1.2392
"81.93660494.7",1.1299,1.1352,1.1064,1.1593,1.3744,1.4298,1.4271,1.4273
"122.0937358.4",1.1272,1.1472,1.096,1.1061,1.1244,1.1234,1.1238,1.1318
"477.2272633",1.1255,1.1599,1.1202,1.0935,1.0728,1.061,1.0587,1.0588
"521.4173702",1.1233,1.1441,1.106,1.0801,1.0594,1.0509,1.0485,1.0485
"678.8722768",1.118,1.2024,1.154,1.151,1.1297,1.124,1.1215,1.1213
"634.3408595",1.1175,1.1905,1.1435,1.1444,1.1269,1.1229,1.1203,1.1201
"81.93660494.5",1.1127,1.2732,1.2393,1.2391,1.2548,1.2419,1.2392,1.2391
"589.8156128",1.1126,1.1663,1.1236,1.1562,1.1337,1.1232,1.1211,1.1209
"678.3661309",1.1111,1.2025,1.1534,1.1474,1.1272,1.1212,1.1189,1.1187
"633.8417095",1.1104,1.1844,1.1379,1.1453,1.125,1.1192,1.1167,1.1165
"613.3389949",1.107,1.0889,1.0536,1.0554,1.0389,1.0638,1.0617,1.0615
"816.0066444",1.104,1.0565,1.0918,1.1293,1.1134,1.1177,1.1153,1.1151
"261.2008145",1.1033,1.0914,1.0521,1.0894,1.0685,1.08,1.0775,1.0773
"122.0937358.2",1.1018,1.0769,1.0285,1.0036,1.0224,1.1308,1.1637,1.1641
"84.95760733.1",1.1015,1.1974,1.1706,1.202,1.2124,1.2229,1.2215,1.2214
"677.8668833",1.0982,1.1937,1.1451,1.1409,1.1202,1.1148,1.1124,1.1122
"794.0040838",1.0949,1.0304,1.059,1.0864,1.0659,1.0793,1.0768,1.0773
"415.25488",1.0919,1.0226,0.98754,1.1443,1.1221,1.1156,1.113,1.1128
"84.95760733",1.0907,1.2951,1.2733,1.2434,1.2453,1.2322,1.2333,1.233
"610.3111305",1.0887,1.1238,1.0854,1.059,1.0404,1.0387,1.0367,1.0369
"305.1580389",1.0884,1.057,1.0231,1.0366,1.0184,1.0194,1.018,1.0194
"306.161234",1.0827,1.03,1.0062,1.01,0.9916,1.0102,1.0089,1.0093
"612.3317428",1.0813,1.1504,1.107,1.1237,1.1054,1.1002,1.0977,1.0975
"350.2634701",1.0782,1.0393,1.0053,1.0709,1.0556,1.0459,1.0436,1.0434
"700.3800309",1.0775,1.1837,1.1353,1.125,1.1055,1.1002,1.0979,1.0977
"699.8816092",1.0745,1.1793,1.1314,1.122,1.1017,1.0961,1.0937,1.0935
"700.8847782",1.068,1.1728,1.1255,1.1201,1.099,1.0922,1.09,1.0898
"611.8241262",1.0608,1.1463,1.1017,1.1147,1.097,1.0903,1.0881,1.0879
"721.8930156.1",1.0601,1.2018,1.1501,1.1355,1.1142,1.1075,1.1052,1.105
"747.4458232",1.06,1.0277,1.0211,0.99623,0.98034,0.98012,0.97787,0.97769
"613.3389949.1",1.0572,1.2243,1.1712,1.1554,1.1391,1.2093,1.2085,1.2083
"236.9973496",1.0555,0.9843,0.95402,0.94522,1.1209,1.1158,1.1189,1.1187
"408.1914648.1",1.0523,1.2444,1.1884,1.1672,1.1468,1.1464,1.1496,1.1494
"569.3132755.2",1.0516,1.3215,1.2804,1.2754,1.2574,1.2972,1.2963,1.2962
"699.3756957",1.0508,1.1721,1.1236,1.1135,1.0939,1.0891,1.0868,1.0866
"657.3703902",1.044,1.0103,0.9846,0.98807,0.97089,1.0083,1.0066,1.0065
"123.0910051",1.0432,1.1664,1.1168,1.2733,1.2487,1.2419,1.246,1.2474
"609.3063687",1.0392,1.0988,1.0619,1.0366,1.0201,1.0108,1.0086,1.0085
"344.223826",1.0354,0.96387,0.93841,1.1063,1.0863,1.0806,1.0784,1.0782
"904.5642777",1.0332,0.96793,0.96144,0.957,0.97544,0.9716,0.96935,0.96916
"81.93660494.11",1.0332,1.1385,1.0873,1.066,1.173,1.2001,1.1977,1.1995
"307.1599805",1.0274,0.97299,0.95727,0.97154,0.96457,0.96529,0.96368,0.96368
"407.1873516",1.0248,1.0886,1.0528,1.0299,1.0135,1.0072,1.0054,1.0053
"611.3253184",1.0241,1.1173,1.075,1.0881,1.0696,1.0635,1.0612,1.061
"841.5371606",1.0181,0.98333,0.98218,0.95898,0.94258,0.94095,0.93925,0.93917
"478.2305988",1.0164,1.0787,1.0448,1.0252,1.0067,0.99829,0.996,0.99591
"926.0701804",1.0136,0.97964,0.9759,0.95741,0.94236,0.93407,0.93201,0.93184
"786.4181118.1",1.0123,0.99995,0.98121,0.95969,0.9494,0.94328,0.95915,0.9593
"635.3936173",1.0107,0.94359,0.95544,0.93485,0.92282,0.92918,0.92703,0.92698
"81.93660494.9",1.0093,1.2296,1.2265,1.3185,1.2998,1.3023,1.2999,1.2997
"653.3385713",1.0082,1.0448,1.016,0.99156,0.97613,0.96852,0.96652,0.96646
"654.3374702",1.0053,1.0325,1.0047,0.98079,0.96285,0.96043,0.95871,0.95918
"647.3611698",1.005,0.98063,0.97523,0.9515,0.96041,0.96114,0.96037,0.96019
"743.9037077.1",1.0007,1.1688,1.1184,1.101,1.081,1.0754,1.0731,1.0729
"433.2038297",0.99984,1.0578,1.0255,1.014,0.99431,1,0.99767,0.99771
"763.4462105.2",0.99749,0.97076,0.96764,0.94469,0.95438,0.95739,0.95589,0.95571
"589.3115162",0.99508,1.0926,1.0518,1.0694,1.0529,1.0467,1.0444,1.0442
"743.4049561",0.99391,1.1619,1.112,1.095,1.0749,1.0696,1.0672,1.067
"680.8943733",0.99306,0.95411,0.95547,0.93248,0.92989,0.92162,0.92814,0.92807
"521.3856068",0.99184,1.0627,1.027,1.003,0.9838,0.97463,0.9724,0.97239
"389.173813",0.98998,1.0745,1.0381,1.0179,1.0004,0.99795,0.99571,0.99556
"840.5366015.1",0.98922,0.95092,0.95699,0.93387,0.91679,0.9138,0.91249,0.91233
"565.279478",0.98532,1.0726,1.0359,1.0145,0.99686,0.98653,0.98449,0.98447
"481.4147785",0.98415,0.93754,0.92114,0.9431,0.93997,0.93805,0.94809,0.94809
"364.1641573",0.98022,1.2333,1.1782,1.1514,1.1527,1.1523,1.1587,1.1587
"721.3908664",0.97666,1.1302,1.0835,1.073,1.0528,1.0465,1.0443,1.0441
"721.3898472",0.97439,1.1572,1.1069,1.0925,1.0718,1.0674,1.065,1.0649
"590.3140179",0.97377,1.073,1.0341,1.0524,1.0359,1.0298,1.0275,1.0273
"701.3912371.1",0.97312,0.93749,0.89906,0.88072,0.89395,1.0674,1.0712,1.071
"751.4824662.1",0.96942,0.91343,0.93293,0.91318,0.89777,0.89672,0.89477,0.8947
"746.5238738",0.96841,0.90853,0.92482,0.90409,0.88786,0.87926,0.8774,0.87759
"262.1346399",0.96772,0.9245,0.91299,0.9165,0.90627,0.93819,0.9376,0.93755
"765.9176657.1",0.96417,1.1232,1.077,1.0626,1.042,1.0355,1.0331,1.0329
"681.4026367",0.96321,0.92371,0.92924,0.90684,0.90634,0.89809,0.90507,0.905
"721.8930156",0.95588,1.1159,1.0701,1.0599,1.0397,1.0334,1.0311,1.0309
"407.1873516.1",0.95551,1.104,1.06,1.0485,1.0287,1.0175,1.016,1.0158
"786.5351435",0.95518,0.99553,0.99933,0.97842,0.95942,0.99426,0.99194,0.99406
"90.97450986",0.9539,1.0749,1.0765,1.1588,1.1783,1.1745,1.1732,1.1759
"787.4326755.1",0.95155,1.0909,1.049,1.0392,1.0197,1.0126,1.0103,1.0101
"539.308402",0.94968,0.90367,0.87685,0.99496,0.98659,0.97925,0.97696,0.97679
"236.9973496.1",0.94727,1.0586,1.0146,0.99189,1.0771,1.0677,1.1229,1.1228
"567.8041",0.94705,1.0378,1.0029,1.0366,1.0206,1.0136,1.0113,1.0111
"614.3556943",0.9464,0.90886,0.92143,0.93449,0.9177,0.94875,0.94656,0.94673
"722.3976602",0.94563,1.1077,1.0625,1.0524,1.0323,1.0263,1.024,1.0238
"829.4426522.1",0.94299,0.9641,0.94764,0.92516,0.90836,0.90378,0.90169,0.90154
"140.1048289",0.94134,1.3434,1.2969,1.298,1.2903,1.2763,1.297,1.2968
"81.93660494.1",0.94014,1.1737,1.1637,1.153,1.1676,1.156,1.1537,1.1535
"766.4182125.1",0.93848,1.1057,1.0606,1.0471,1.0268,1.0207,1.0183,1.0182
"483.26308",0.93841,0.95075,0.9201,0.98153,0.96341,0.95995,0.9578,0.95766
"765.4172824.1",0.93798,1.108,1.0625,1.0478,1.0275,1.0215,1.0191,1.0189
"933.4707119",0.93506,1.0523,1.1167,1.1,1.0832,1.0805,1.078,1.0779
"438.3581621",0.93493,0.89523,0.86907,0.97005,0.9675,0.96077,0.95853,0.95836
"393.3492588",0.93263,0.9338,0.90448,0.9776,0.96072,0.95679,0.95457,0.95448
"743.4036499",0.93069,1.0871,1.0442,1.036,1.0159,1.0088,1.0065,1.0064
"744.4064982.1",0.92884,1.1125,1.0659,1.0528,1.0323,1.0258,1.0235,1.0233
"847.4490136",0.92797,0.90427,0.90297,0.88112,0.88869,0.87939,0.87924,0.8794
"567.2987256",0.92441,1.0219,0.98825,1.0172,1.0012,0.99394,0.99174,0.99156
"349.4243789",0.92275,0.91092,0.8874,0.94387,0.93302,0.92427,0.92234,0.92219
"568.3014091",0.92084,1.0246,0.99032,1.0197,1.0026,0.99446,0.99252,0.99234
"627.3619277",0.91352,0.96438,0.93564,0.9362,0.92317,0.9138,0.91196,0.9119
"809.4435596.1",0.91316,1.0514,1.0133,1.0029,0.98391,0.97764,0.97539,0.97522
"609.3063687.2",0.91313,0.99581,0.96846,0.95335,0.93776,0.93052,0.92864,0.92854
"123.0910051.2",0.91309,0.89021,0.86039,0.87303,0.98028,0.99261,1.0443,1.0441
"636.8746604.1",0.91306,0.89914,0.88823,0.87071,0.98277,0.97777,0.98204,0.98185
"724.4554425",0.91281,0.87233,0.86669,0.9023,0.91348,0.92263,0.92099,0.92083
"261.127754",0.91225,0.87567,0.86908,0.87181,0.86541,0.894,0.89432,0.89438
"702.8656121",0.91212,0.87839,0.91052,0.88916,0.87256,0.91117,0.91756,0.91805
"258.9798636",0.90927,0.84793,0.84048,0.82049,1.0482,1.0367,1.0845,1.0843
"722.8931311",0.90474,1.0847,1.0405,1.0312,1.0112,1.0055,1.0032,1.003
"744.9094586",0.90386,1.0658,1.0245,1.0164,0.99671,0.9905,0.98819,0.988
"885.56659.1",0.89723,0.86031,0.87479,0.85598,0.84411,0.83616,0.83545,0.8353
"451.2148214",0.89651,0.92885,0.90536,0.88893,0.87293,0.8668,0.86863,0.86898
"437.383039",0.89622,0.89805,0.87066,0.94161,0.93259,0.92467,0.92548,0.92531
"831.456987.1",0.89521,1.0197,0.98613,0.9767,0.95879,0.95184,0.94966,0.94949
"830.4445035",0.89497,0.88438,0.8828,0.86342,0.84785,0.83858,0.83667,0.8366
"809.9482328.1",0.8943,1.0398,1.0023,0.99375,0.97558,0.96924,0.967,0.96682
"565.279478.1",0.89369,0.96099,0.93921,0.92929,0.91122,0.90317,0.90117,0.9015
"867.5293973",0.89154,0.86168,0.86604,0.86036,0.85101,0.84252,0.84446,0.8446
"525.5229641",0.89007,0.92256,0.89856,0.92194,0.92137,0.9124,0.9111,0.91093
"658.8881066.1",0.88815,0.85829,0.86918,0.87032,0.88837,0.90375,0.90215,0.90207
"722.3976602.1",0.88308,1.0972,1.0505,1.0358,1.0157,1.0112,1.0088,1.0086
"917.5724261",0.88092,0.83158,0.86581,0.84654,0.8692,0.9406,0.94055,0.94044
"795.5040688.1",0.88078,0.82285,0.86732,0.84812,0.83427,0.84234,0.84054,0.84077
"743.9037077",0.88027,1.0626,1.0203,1.0115,0.99179,0.9856,0.9833,0.98312
"477.2272633.1",0.87926,0.96141,0.93671,0.93285,0.91475,0.92734,0.92519,0.92518
"786.4181118",0.87793,0.87155,0.87193,0.85103,0.83733,0.82982,0.82794,0.82785
"832.4600537",0.87554,1.0045,0.97221,0.9653,0.94803,0.9411,0.93895,0.93878
"81.93660494.2",0.87541,1.1111,1.128,1.1007,1.0946,1.083,1.0809,1.0808
"481.5445023",0.87536,0.88368,0.86437,0.897,0.88494,0.87603,0.8741,0.87394
"853.9689797",0.87421,0.99263,0.9627,0.95477,0.9375,0.92984,0.92773,0.92756
"961.6667208",0.87153,1.3642,1.3394,1.3279,1.3023,1.3048,1.3046,1.305
"697.3630543",0.87134,0.92442,0.90918,0.89203,0.88227,0.87413,0.87209,0.87193
"123.0987218.4",0.87075,0.96209,0.92521,1.0709,1.5533,1.5431,1.5407,1.5411
"829.4426522",0.87044,0.86524,0.86533,0.84595,0.83008,0.82117,0.81926,0.8192
"875.9889548",0.86981,0.97527,0.94876,0.94106,0.92427,0.91614,0.91417,0.91402
"694.4102513",0.86748,0.8081,0.8432,0.82429,0.809,0.83504,0.83421,0.83407
"306.2342579",0.86667,1.1554,1.1242,1.1624,1.1415,1.2257,1.2231,1.2246
"679.4251076",0.86543,0.82413,0.83762,0.82799,0.82479,0.83983,0.83817,0.83815
"831.456987",0.86307,1.0002,0.9676,0.96169,0.94464,0.93794,0.93583,0.93566
"123.0910051.1",0.86257,0.85066,0.83038,1.0676,1.0469,1.1339,1.1326,1.1339
"565.2805244",0.86065,0.98761,0.95089,0.93524,0.92291,0.92776,0.92689,0.92788
"831.9584447",0.86005,0.99945,0.96675,0.96082,0.94386,0.93708,0.935,0.93483
"853.4710905",0.85973,0.98139,0.95244,0.94595,0.92885,0.92109,0.91902,0.91886
"901.0012069.1",0.85871,0.80074,0.81772,0.8049,1.1119,1.1457,1.1522,1.1521
"853.4710905.1",0.85857,0.97854,0.9501,0.94665,0.93221,0.92537,0.92327,0.9231
"809.4435596",0.85606,1.0122,0.97662,0.96778,0.94929,0.94343,0.94135,0.94118
"147.0887027.2",0.85545,0.82359,0.82159,1.0211,1.29,1.3535,1.3694,1.3693
"809.9482328",0.85385,1.0127,0.97666,0.96563,0.9469,0.94286,0.9409,0.94072
"875.4846865",0.85253,0.96186,0.93661,0.93069,0.91483,0.90631,0.90423,0.90407
"677.8668833.1",0.85226,1.0993,1.0513,1.038,1.0184,1.015,1.013,1.0128
"161.1066336",0.85018,0.87609,0.87078,0.9121,0.98822,1.0118,1.0184,1.0188
"765.9176657",0.84865,1.0353,0.99519,0.98526,0.96614,0.96083,0.95862,0.95844
"766.4182125",0.84803,1.0327,0.99297,0.9827,0.96364,0.95834,0.95612,0.95595
"697.3630543.2",0.84785,0.90853,0.89247,0.88053,0.86418,0.85514,0.85344,0.85423
"912.5202259",0.84658,0.84615,0.9271,0.96761,0.9536,0.94697,0.94783,0.94768
"571.3230836",0.84605,0.89521,0.87552,0.86845,0.85572,0.86181,0.86049,0.86036
"765.4172824",0.84545,1.0308,0.9912,0.98122,0.96215,0.95667,0.95447,0.95429
"853.9695568",0.84386,0.97259,0.94398,0.94097,0.92572,0.91851,0.9164,0.91623
"678.3660055",0.83864,1.0747,1.029,1.0169,0.99881,0.99337,0.99119,0.991
"875.4846865.1",0.83784,0.9437,0.92115,0.91978,0.9051,0.89731,0.89528,0.89511
"495.2395245",0.83609,0.78675,0.8144,0.79486,0.78228,0.77495,0.78396,0.78386
"627.3183763.1",0.82297,0.79644,0.82126,0.81764,0.86149,0.85275,0.85115,0.85106
"569.48754",0.82225,0.89514,0.87657,0.85772,0.84418,0.8411,0.83971,0.83956
"788.4381284",0.8209,1.0021,0.96565,0.95799,0.93951,0.93373,0.9316,0.93143
"261.2232968",0.82027,0.78767,0.78117,0.8511,0.83456,0.8634,0.86164,0.86148
"810.4476394",0.81933,0.99444,0.9591,0.94764,0.92922,0.92439,0.92237,0.9222
"787.4326755",0.81881,1.0067,0.96925,0.95724,0.93864,0.93368,0.93153,0.93136
"616.3484502",0.81731,0.85069,0.84092,0.82957,0.81735,0.81769,0.81617,0.81601
"653.3385713.2",0.81496,0.91449,0.8941,0.88822,0.87222,0.86386,0.86209,0.86233
"830.4445035.1",0.81334,0.85379,0.84423,0.82682,0.81965,0.81653,0.81469,0.81454
"567.2904427",0.81086,1.0061,0.96706,0.94825,0.93344,0.92529,0.92365,0.92354
"609.3063687.1",0.80701,0.94633,0.91084,0.89346,0.89193,0.91644,0.91534,0.91578
"934.469729",0.80639,0.86429,0.94294,0.92439,0.93039,0.92722,0.92593,0.92599
"785.4139482",0.80612,0.83008,0.83235,0.81845,0.80266,0.79383,0.79221,0.79276
"118.0847503",0.80525,1.0189,1.0636,1.0503,1.0326,1.0277,1.0259,1.0263
"615.3473556",0.80495,0.83625,0.82775,0.82002,0.8069,0.8089,0.80733,0.80718
"741.3923029",0.80413,0.8563,0.85125,0.84002,0.82714,0.81947,0.8176,0.81753
"936.5092236",0.80221,0.74936,0.798,0.78332,0.78433,0.77661,0.77494,0.77511
"663.43062",0.79981,0.76121,0.7877,0.77519,0.77403,0.7763,0.77448,0.77436
"475.2844037",0.79851,0.78047,0.77397,0.8555,0.84207,0.84876,0.84689,0.84682
"787.930441",0.79497,0.99981,0.96195,0.95341,0.93493,0.93103,0.92888,0.9287
"236.9973496.4",0.79115,0.75397,0.7551,0.8562,0.87327,0.86537,0.86679,0.86727
"855.5245476.1",0.79032,0.75525,0.78603,0.7705,0.75557,0.74747,0.74708,0.74695
"859.5315295",0.78986,0.76091,0.78168,0.77095,0.78809,0.77987,0.78204,0.78205
"740.4457065.1",0.78977,0.75152,0.79191,0.77452,0.76125,0.76663,0.76634,0.76636
"610.3111305.1",0.78655,0.93927,0.90454,0.88857,0.88652,0.90369,0.90279,0.90318
"744.4064982",0.78583,1.0099,0.97007,0.96768,0.94921,0.94094,0.93875,0.93857
"935.5011897.1",0.78301,0.79838,0.81008,0.80193,0.78637,0.78662,0.78498,0.78484
"226.9501748",0.77936,0.83718,0.86811,0.92575,1.0093,1.0418,1.0396,1.0395
"665.0170118",0.77568,0.80707,0.77556,0.83115,0.83312,0.84688,0.92339,0.92462
"610.3111305.2",0.77481,0.90633,0.8818,0.86066,0.85353,0.84445,0.84469,0.84468
"138.0910071",0.77354,0.73469,0.78937,0.78341,0.77829,0.7701,0.77343,0.7747
"827.4935932",0.76943,0.75613,0.80063,0.80447,0.82907,0.82134,0.81977,0.82011
"1243.685985",0.76782,0.78142,0.79689,0.78836,0.7733,0.77003,0.76823,0.76813
"785.4148409",0.76683,0.86464,0.84181,0.83987,0.8544,0.84658,0.85122,0.85184
"652.8764289",0.76645,0.72028,0.75522,0.74191,0.74402,0.84117,0.83984,0.83991
"780.4416124.1",0.76158,0.72701,0.76703,0.74838,0.73534,0.73214,0.73074,0.73063
"539.8099643",0.76058,0.73379,0.73962,0.7886,0.79142,0.79013,0.78831,0.78816
"1199.662202.1",0.75726,0.77103,0.78722,0.77608,0.76099,0.76091,0.75913,0.75903
"1331.739232",0.7542,0.78334,0.7948,0.78585,0.77068,0.7647,0.76292,0.76285
"673.3382961",0.74723,0.86238,0.9518,0.93483,0.93286,0.9299,0.92842,0.92825
"793.4848112",0.74551,0.70899,0.7456,0.73124,0.71716,0.70977,0.70815,0.70813
"688.8941651",0.74549,0.83143,0.90731,0.89466,0.89474,0.88495,0.88334,0.88332
"747.5232815",0.74285,0.70578,0.73081,0.75641,0.75775,0.75272,0.75101,0.75087
"665.0170118.1",0.7415,0.74269,0.72698,0.71572,0.89681,0.92475,0.9867,0.98689
"653.3385713.1",0.74042,0.85931,0.83182,0.81211,0.82418,0.87406,0.87313,0.87315
"611.3167201",0.73919,0.91156,0.88336,0.8647,0.85432,0.84602,0.84427,0.84416
"654.3359921",0.73879,0.86406,0.83569,0.81542,0.82875,0.87728,0.87596,0.87598
"349.313876",0.73362,0.77669,0.75077,0.90164,0.88522,0.88289,0.89637,0.89636
"659.370231",0.7317,0.74166,0.7542,0.74136,0.7287,0.72818,0.72668,0.72655
"796.5054464",0.7308,0.68127,0.74682,0.73632,0.72627,0.72581,0.72411,0.72409
"1288.715292",0.73024,0.75578,0.77307,0.76631,0.7515,0.74629,0.74455,0.74446
"1200.662149.1",0.72847,0.73432,0.75909,0.74886,0.73431,0.73561,0.7339,0.73379
"1287.716756",0.7246,0.74399,0.76538,0.76113,0.74635,0.74127,0.73954,0.73945
"812.5036956.1",0.72398,0.67493,0.74874,0.73516,0.72096,0.71581,0.71434,0.71454
"811.5028218.1",0.7214,0.67393,0.74839,0.73323,0.71977,0.71302,0.71207,0.71236
"924.5564712",0.71978,0.68509,0.73036,0.71381,0.7047,0.69696,0.6995,0.69938
"622.3547529",0.71891,0.68941,0.72645,0.71648,0.70472,0.69702,0.69542,0.69535
"569.3132755.1",0.71218,0.79679,0.76622,0.77245,0.79484,0.9366,0.93584,0.93567
"652.8675432",0.70788,0.71971,0.82077,0.85823,0.84714,0.84891,0.84715,0.84699
"771.4809682.1",0.7065,0.6672,0.71713,0.70039,0.70434,0.69677,0.69987,0.69976
"841.5370161",0.69502,0.6588,0.70557,0.69477,0.6861,0.67855,0.67733,0.6772
"575.3783484",0.69495,0.65515,0.70414,0.69057,0.68936,0.6956,0.694,0.69389
"840.5366015",0.69191,0.65725,0.70151,0.6952,0.68374,0.67656,0.67564,0.67552
"1113.613203",0.69049,0.68486,0.72482,0.7238,0.71037,0.71157,0.71012,0.71
"796.5076289",0.68786,0.64889,0.70403,0.68732,0.68224,0.67616,0.67482,0.6747
"1112.613714",0.68682,0.70539,0.73319,0.72665,0.7128,0.71127,0.70961,0.70951
"789.4442228.1",0.686,0.7879,0.76514,0.8463,0.87512,0.86572,0.86397,0.86389
"658.3704657",0.68437,0.69391,0.71272,0.70525,0.69414,0.69489,0.69357,0.69345
"1244.691841",0.67921,0.70327,0.7299,0.7227,0.70902,0.7071,0.70545,0.70535
"428.2310923",0.67732,0.64913,0.69208,0.68186,0.67207,0.66513,0.66517,0.66513
"688.8903359",0.6772,0.73904,0.73874,0.72606,0.71587,0.73948,0.7378,0.7377
"839.5286793",0.67326,0.63905,0.68648,0.68172,0.66982,0.66305,0.66213,0.66201
"838.0179298",0.67229,0.64425,0.6849,0.66829,0.76788,0.82148,0.81994,0.82061
"1375.766306.1",0.67047,0.87366,0.83862,0.91009,0.94002,0.94812,0.96083,0.96288
"1155.639509",0.66139,0.67944,0.71095,0.70185,0.68826,0.69354,0.69192,0.69181
"1156.637725",0.6594,0.67925,0.70974,0.69884,0.68596,0.69185,0.69024,0.69012
"702.408364",0.65636,0.62391,0.65093,0.66635,0.6936,0.74152,0.74187,0.74173
"1200.662149",0.6556,0.68161,0.71193,0.7054,0.69231,0.69135,0.68976,0.68965
"1111.60476",0.65366,0.66914,0.70525,0.70091,0.68756,0.68682,0.68522,0.68512
"1243.687805",0.65356,0.67581,0.70837,0.70244,0.68919,0.68816,0.68655,0.68645
"1199.662202",0.65316,0.67303,0.70664,0.70055,0.68758,0.68755,0.68597,0.68586
"680.3953706",0.65249,0.6125,0.67686,0.66111,0.65581,0.65191,0.65121,0.65114
"521.2585627.1",0.65063,1.0253,0.97917,0.96855,0.9613,0.96695,0.96469,0.96451
"835.5030374.1",0.64898,0.60933,0.68733,0.70088,0.68764,0.71201,0.71241,0.71231
"1156.643014",0.64841,0.66784,0.70241,0.69603,0.68312,0.68427,0.68267,0.68256
"1155.637715",0.64814,0.66661,0.7015,0.69471,0.68196,0.68387,0.68228,0.68217
"655.3401102",0.64812,0.74457,0.74728,0.73356,0.72789,0.7203,0.71884,0.71878
"627.2748264",0.64571,0.61828,0.65089,0.78131,0.76749,0.76123,0.75946,0.75937
"609.4866496",0.64546,0.88365,0.85376,0.83396,0.82556,0.81754,0.81595,0.81581
"614.8557366",0.64533,0.60816,0.67412,0.65806,0.64908,0.64308,0.64178,0.64168
"852.496055.1",0.64456,0.61024,0.67384,0.65787,0.64912,0.64271,0.64144,0.64132
"629.3145802",0.64391,0.76122,0.86483,0.84915,0.85593,0.85305,0.85161,0.85145
"779.4412728.1",0.64332,0.61141,0.67065,0.65643,0.65357,0.64668,0.64517,0.64505
"835.4775086",0.64081,0.6021,0.65608,0.65337,0.6661,0.67095,0.66964,0.6696
"851.9985955",0.63985,0.62959,0.66515,0.64989,0.69793,0.6923,0.69113,0.69107
"382.6904547.1",0.63941,0.60756,0.66838,0.66821,0.70834,0.71419,0.71253,0.7124
"656.3464823",0.63897,0.73951,0.74239,0.72779,0.72168,0.71401,0.7126,0.71255
"605.3528951",0.63373,0.60059,0.65639,0.65273,0.64025,0.63411,0.63296,0.63287
"877.5026307",0.63365,0.59636,0.66842,0.65237,0.64571,0.64191,0.64042,0.64039
"741.9321334",0.63115,0.6611,0.68698,0.67028,0.65731,0.67331,0.67215,0.67203
"878.5021664",0.63112,0.59405,0.66623,0.65015,0.64328,0.63931,0.63782,0.6378
"829.4426522.2",0.62971,0.67835,0.69731,0.68046,0.67068,0.66531,0.66447,0.66441
"236.9973496.3",0.62955,0.65678,0.64003,0.65334,0.94452,0.94114,0.96708,0.96694
"901.0012069",0.6292,0.58577,0.61162,0.60355,0.65531,0.65105,0.74369,0.74537
"831.4469594",0.6289,0.64416,0.67572,0.66024,0.65418,0.65385,0.65237,0.65225
"917.4958988.1",0.62849,0.75587,0.75561,0.75472,0.74313,0.73863,0.73716,0.73702
"1113.611521",0.62502,0.64099,0.68308,0.68035,0.6673,0.6673,0.66574,0.66563
"494.9686939",0.62412,0.59109,0.62022,0.63498,0.72195,0.72101,0.74517,0.74751
"551.3516944.1",0.6241,1.2411,1.2149,1.2225,1.2178,1.2103,1.2075,1.2076
"658.8881066",0.62123,0.58576,0.6567,0.64101,0.62877,0.62231,0.6217,0.62159
"921.5241815",0.61542,0.57646,0.6612,0.65123,0.6507,0.65134,0.65008,0.65008
"807.4659668",0.61215,0.58026,0.64154,0.63546,0.62634,0.61973,0.61831,0.6182
"980.5337774.1",0.61212,0.60741,0.65939,0.64865,0.63744,0.65249,0.65102,0.65089
"1055.630407",0.61118,0.57334,0.65593,0.65264,0.64279,0.64978,0.64849,0.64839
"303.1384227",0.61014,1.3436,1.2959,1.2657,1.2418,1.2282,1.2382,1.2391
"531.3507495",0.60974,0.78231,0.76802,0.79236,0.79397,0.79484,0.79316,0.79301
"868.5119138",0.60928,0.58766,0.61063,0.69459,0.68775,0.69421,0.69408,0.69395
"568.3345708",0.60723,0.72195,0.72259,0.81727,0.81673,0.85802,0.85622,0.85615
"654.3345103",0.60705,0.80426,0.786,0.76972,0.7695,0.76133,0.76298,0.76287
"879.0250029",0.60434,0.63093,0.68254,0.66596,1.0446,1.0629,1.0642,1.0653
"927.58315",0.60369,0.57163,0.63314,0.62931,0.62134,0.62058,0.63043,0.63037
"869.5165719",0.60158,0.58013,0.60413,0.68984,0.68262,0.6898,0.68964,0.68951
"788.4185989",0.60017,0.56556,0.6319,0.62073,0.60884,0.61557,0.61413,0.61415
"811.5028218",0.6001,0.56248,0.65703,0.64109,0.62892,0.62201,0.62074,0.62108
"430.9123721",0.59903,0.69679,0.75855,0.78591,0.86984,0.92115,0.91903,0.91889
"962.5203122",0.59871,0.63772,0.66732,0.65142,0.64717,0.64774,0.64654,0.64644
"391.1934049",0.59807,0.90217,0.86379,0.84955,0.8371,0.84413,0.8447,0.84517
"81.93660494.12",0.59676,0.89086,0.87366,1.3884,1.9309,1.9546,1.9576,1.9581
"834.5885547",0.59637,0.56077,0.5932,0.72062,0.72579,0.71861,0.71715,0.71702
"136.1120487.2",0.59489,0.55857,0.59655,0.9686,0.95354,0.98293,0.98414,0.98538
"158.9641532",0.59274,0.86115,0.86291,1.0588,1.109,1.1003,1.1003,1.1004
"1157.638285.1",0.59262,0.55337,0.64353,0.63271,0.63122,0.62495,0.62353,0.62359
"932.1430594",0.5926,0.7688,0.77033,0.86594,0.87171,0.89786,0.89587,0.89755
"719.9135229",0.5921,0.62947,0.66482,0.65314,0.64122,0.64787,0.64661,0.64649
"790.5487342",0.58883,0.55822,0.6168,0.62804,0.61586,0.61213,0.61079,0.6107
"637.3750028",0.58849,0.55305,0.63104,0.61652,0.60987,0.60426,0.60297,0.60296
"636.8746604",0.58705,0.5512,0.6304,0.61574,0.60547,0.59949,0.5981,0.59798
"503.281854",0.58347,0.55944,0.59091,0.66454,0.6605,0.66241,0.66634,0.66623
"677.3689914.1",0.58227,0.84002,0.81145,0.84646,0.83001,0.87302,0.871,0.87088
"837.5045849",0.58071,0.54727,0.62058,0.61155,0.60081,0.59478,0.59415,0.59409
"741.3923029.1",0.57898,0.58998,0.62917,0.62779,0.61735,0.70898,0.70733,0.70744
"697.9049874",0.57568,0.59921,0.64566,0.63653,0.62694,0.63129,0.63,0.62988
"851.4941151",0.57547,0.54341,0.61881,0.60735,0.60572,0.59914,0.59799,0.5979
"653.5163619",0.57495,0.67867,0.69088,0.67633,0.67296,0.66564,0.66439,0.66431
"734.4866287",0.57293,0.53848,0.58582,0.66447,0.66793,0.66069,0.65943,0.65932
"497.3002575",0.57257,0.54938,0.58141,0.66807,0.65778,0.66654,0.66696,0.66691
"448.3163647",0.57139,0.5407,0.61255,0.60363,0.59369,0.58716,0.58641,0.58631
"812.5036956",0.56499,0.53061,0.63336,0.61797,0.60641,0.59982,0.59867,0.59897
"795.5040688",0.56433,0.52764,0.63824,0.63175,0.62125,0.61785,0.61658,0.61666
"1287.716756.1",0.56333,0.5288,0.6205,0.61041,0.61796,0.6114,0.61009,0.61013
"607.3678904",0.56276,0.56319,0.62203,0.61477,0.62198,0.70477,0.70576,0.70564
"1381.824981",0.56157,0.52342,0.63036,0.68895,0.68011,0.70946,0.70924,0.71
"791.4779031",0.55335,0.5172,0.6103,0.59594,0.58497,0.57976,0.57932,0.57926
"763.4462105.1",0.55045,0.52061,0.5951,0.59353,0.587,0.58138,0.58032,0.58021
"702.9117113",0.5497,0.61683,0.70867,0.69268,0.70754,0.7279,0.72622,0.72609
"658.3793888",0.54518,0.52513,0.54858,0.64872,0.67431,0.74316,0.74231,0.74225
"644.3651144.1",0.54493,0.51461,0.59066,0.58797,0.58511,0.58343,0.58716,0.58706
"672.4001324",0.54448,0.50688,0.59591,0.58355,0.57306,0.59267,0.59344,0.59347
"873.4690652.1",0.54195,0.70093,0.70493,0.696,0.68851,0.6866,0.68506,0.68494
"692.8795415",0.54142,0.50805,0.59108,0.58386,0.57576,0.56983,0.56859,0.56849
"787.422917",0.54128,0.51117,0.59538,0.58127,0.56998,0.57021,0.56891,0.56893
"592.3435981",0.54087,0.50726,0.59446,0.58356,0.57273,0.5665,0.56537,0.56527
"1337.799626",0.53832,0.50133,0.61805,0.6943,0.68087,0.70649,0.70941,0.70943
"784.4697526",0.53428,0.50627,0.57864,0.5875,0.58682,0.58667,0.58632,0.58622
"563.3381142",0.53333,0.51277,0.54603,0.66424,0.65154,0.68423,0.68511,0.68504
"459.7499596",0.53304,0.50931,0.55017,0.63058,0.6264,0.63575,0.63538,0.63526
"467.2518565",0.52973,0.49675,0.56001,0.56799,0.64657,0.63953,0.64735,0.64737
"808.4742369",0.52944,0.49831,0.58385,0.57641,0.57407,0.56861,0.56748,0.5674
"363.1958911",0.5267,0.49352,0.58848,0.57434,0.57639,0.57218,0.57165,0.57177
"1111.605275",0.52549,0.54554,0.60517,0.59814,0.58709,0.60412,0.60281,0.60271
"561.8286414",0.52386,0.49255,0.54742,0.5777,0.59887,0.59953,0.59847,0.59836
"1288.715292.1",0.52359,0.49223,0.59186,0.58092,0.58413,0.57823,0.57695,0.57698
"1112.613714.1",0.52209,0.53025,0.59788,0.59149,0.58097,0.59807,0.59673,0.59662
"566.8846521",0.5218,0.6409,0.71525,0.70958,0.77952,0.85038,0.84841,0.84835
"913.5395043",0.51972,0.49774,0.53824,0.62971,0.62257,0.63235,0.63359,0.63348
"719.4190744",0.51899,0.49061,0.57332,0.57065,0.65379,0.65428,0.65309,0.65312
"747.9402984",0.51884,0.48376,0.59762,0.59388,0.58259,0.58106,0.5823,0.58223
"740.4457065",0.51883,0.48321,0.53462,0.65786,0.65216,0.65323,0.65171,0.65192
"899.5508287",0.51877,0.48386,0.58611,0.57218,0.56817,0.56225,0.57566,0.57556
"566.2886518.1",0.51715,0.91856,0.87723,0.87451,0.91765,0.92194,0.92085,0.92074
"1332.741995.1",0.5138,0.48059,0.58822,0.57918,0.58785,0.58161,0.58037,0.58041
"389.173813.1",0.51092,0.76402,0.74832,0.73022,0.71619,0.70854,0.70717,0.70711
"1067.584348.1",0.51077,0.54973,0.60209,0.59299,0.58579,0.60711,0.6057,0.60561
"561.3259338",0.5104,0.47907,0.53851,0.56569,0.59238,0.59194,0.59068,0.59059
"748.4539648",0.51016,0.47527,0.57422,0.56025,0.57732,0.59233,0.59098,0.59093
"666.3808489",0.50995,0.47983,0.57531,0.56247,0.56676,0.56409,0.56335,0.56342
"979.5321952.1",0.50912,0.50814,0.58576,0.58167,0.57037,0.58797,0.58683,0.58673
"912.5412362",0.508,0.48478,0.5303,0.61462,0.61027,0.61898,0.62011,0.62
"698.3644174",0.50699,0.54266,0.59879,0.59174,0.59238,0.58604,0.58483,0.58479
"457.2330733",0.50691,0.48129,0.56542,0.73137,0.74864,0.77808,0.77631,0.77632
"696.4174723",0.5069,0.47255,0.54456,0.59074,0.58097,0.61817,0.61761,0.61819
"429.2319892",0.5065,0.47581,0.5685,0.55873,0.54835,0.54233,0.54226,0.54217
"770.8532469",0.50054,0.639,0.70536,0.69978,0.78021,0.86526,0.86326,0.86327
"791.4485526",0.49676,0.46301,0.54645,0.55575,0.577,0.59774,0.59638,0.59641
"659.3880909",0.49668,0.46247,0.5599,0.54674,0.56756,0.60201,0.60114,0.60136
"700.3692989",0.49487,0.53355,0.59157,0.58549,0.58539,0.57925,0.57806,0.57803
"1331.739232.1",0.49458,0.46397,0.57589,0.56917,0.58167,0.57527,0.57411,0.5741
"360.1734169.1",0.49434,0.46365,0.59005,0.60781,0.62676,0.63032,0.62885,0.62882
"981.5358715",0.4926,0.46923,0.55335,0.54796,0.54211,0.55365,0.55256,0.55257
"764.4458513",0.49259,0.46216,0.55811,0.55252,0.54688,0.54164,0.54047,0.54039
"697.3630543.1",0.49256,0.68565,0.67457,0.65984,0.70035,0.73513,0.73479,0.73484
"541.3293071",0.4916,0.46759,0.51841,0.60443,0.596,0.61184,0.6108,0.61082
"923.5522002",0.49056,0.45813,0.56342,0.55033,0.54279,0.53757,0.54154,0.54152
"699.3664989",0.48975,0.53012,0.5881,0.58112,0.58317,0.57695,0.57576,0.57573
"882.0466003",0.48968,0.45636,0.57079,0.55791,0.55646,0.55299,0.5517,0.55188
"695.4175065.1",0.48915,0.66223,0.66449,0.66986,0.68776,0.70702,0.70537,0.70529
"426.2112648",0.48674,0.48068,0.56381,0.55145,0.54163,0.5373,0.53604,0.53672
"925.5718678",0.48425,0.45079,0.54421,0.5586,0.55128,0.55305,0.55179,0.55177
"881.5454878",0.48363,0.45057,0.56319,0.54991,0.54038,0.53479,0.53596,0.53586
"489.2675932",0.48234,0.4555,0.51601,0.57954,0.58324,0.59231,0.59115,0.59103
"522.2594534.1",0.48191,0.97444,0.93116,0.92382,0.92602,0.93767,0.93554,0.93538
"742.3896435",0.47899,0.61172,0.61011,0.6207,0.70944,0.73397,0.73425,0.73415
"636.3657416",0.47711,0.44603,0.54961,0.54213,0.53217,0.52738,0.52641,0.52632
"763.4462105",0.47662,0.54157,0.59012,0.5783,0.56797,0.57607,0.57501,0.5749
"723.4448928",0.47632,0.44347,0.54231,0.542,0.55386,0.57066,0.56938,0.56943
"961.5157469.1",0.47473,0.70356,0.70181,0.70065,0.6893,0.68452,0.6832,0.68307
"837.514649",0.47298,0.44115,0.55751,0.54444,0.53971,0.53422,0.53387,0.53377
"590.3140179.1",0.47062,0.84711,0.81738,0.81577,0.81527,0.80848,0.8066,0.80653
"890.4475745",0.47002,0.57455,0.67675,0.68543,0.67221,0.67909,0.67785,0.67773
"685.912676",0.4695,0.43712,0.52052,0.517,0.57282,0.61254,0.61278,0.61268
"446.2496573",0.4686,0.44575,0.50029,0.59037,0.58413,0.59611,0.59744,0.59733
"698.3644174.2",0.46794,0.6229,0.63673,0.6236,0.64802,0.64142,0.63999,0.64005
"456.2148827",0.46665,0.5402,0.64724,0.64814,0.63736,0.66879,0.6689,0.66896
"1024.561365",0.46463,0.52513,0.57956,0.57266,0.5692,0.58631,0.58494,0.58486
"815.5605976",0.46368,0.65581,0.67269,0.71431,0.77284,0.81811,0.82181,0.82298
"919.498392",0.46296,0.43126,0.55977,0.55261,0.54188,0.54154,0.54038,0.54036
"747.4268082",0.46288,0.44241,0.53345,0.52515,0.52397,0.52949,0.52838,0.52838
"688.8899667",0.46186,0.64314,0.6216,0.76181,0.74801,0.79786,0.79719,0.79707
"1068.584495.1",0.45931,0.47655,0.55794,0.55602,0.54743,0.56222,0.56102,0.56093
"746.9408784",0.459,0.42729,0.5613,0.55676,0.5468,0.54411,0.5449,0.54483
"891.4457901",0.45578,0.54471,0.66289,0.65084,0.64156,0.66216,0.66079,0.66073
"492.2876098",0.45503,0.6292,0.64616,0.63164,0.63891,0.64322,0.64182,0.64174
"792.4761446",0.45474,0.42359,0.54113,0.52851,0.51829,0.51261,0.51141,0.51142
"592.8430699",0.45417,0.42313,0.54046,0.5289,0.52485,0.51908,0.51789,0.51781
"1289.720025",0.45202,0.42917,0.54831,0.54396,0.53794,0.53202,0.53078,0.53081
"612.3575594",0.45151,0.42207,0.50289,0.52866,0.57473,0.57451,0.57333,0.57325
"1245.698104",0.45119,0.42871,0.54872,0.54628,0.53955,0.53366,0.53242,0.53245
"608.3367435",0.45098,0.42067,0.54117,0.52812,0.51931,0.5136,0.51302,0.51293
"147.0887027.1",0.45022,0.52883,0.5064,0.87837,0.87761,0.87402,0.9327,0.93577
"1067.584348",0.44778,0.52869,0.57387,0.56012,0.58416,0.59576,0.59495,0.59484
"970.0968463",0.44585,0.41514,0.54696,0.54886,0.54005,0.53424,0.56674,0.56676
"1177.676656",0.44532,0.41455,0.51116,0.50541,0.6355,0.62875,0.62732,0.62734
"903.5604734",0.44499,0.44549,0.50558,0.53641,0.54832,0.56234,0.56133,0.56123
"448.7288057",0.44491,0.41571,0.53185,0.52065,0.5144,0.50874,0.50808,0.50799
"652.413441",0.44379,0.41349,0.49431,0.53864,0.53476,0.57399,0.57267,0.5727
"1157.638285",0.44327,0.42211,0.53769,0.52718,0.5171,0.51253,0.51142,0.51144
"1201.66609",0.4426,0.41916,0.53922,0.53024,0.52036,0.51541,0.51435,0.51438
"806.9628178",0.43359,0.40921,0.50446,0.51137,0.57882,0.6513,0.65041,0.65031
"789.4442228",0.43286,0.41697,0.51172,0.50484,0.51409,0.51839,0.51719,0.51721
"607.3678904.1",0.43206,0.88727,0.8495,0.87066,0.86745,0.91651,0.91467,0.9145
"754.4311128",0.43019,0.40154,0.52609,0.54717,0.58608,0.58969,0.58999,0.58998
"835.5030374",0.42727,0.39799,0.51679,0.51122,0.50138,0.49795,0.497,0.49702
"739.4429745",0.42667,0.39763,0.4633,0.63551,0.64326,0.6408,0.63955,0.63969
"1419.788613.1",0.42655,0.39725,0.54827,0.56528,0.59203,0.5894,0.58903,0.58901
"711.4011349",0.42499,0.50698,0.50998,0.68453,0.67664,0.75221,0.75207,0.752
"664.3983626",0.42191,0.3944,0.47988,0.51754,0.54992,0.55332,0.55239,0.55231
"449.229882",0.42177,0.39351,0.51789,0.50707,0.50188,0.49637,0.49595,0.49586
"305.2552464",0.42094,0.40043,0.4737,0.56232,0.5515,0.55114,0.5506,0.5507
"860.0365601",0.42045,0.39141,0.5289,0.51677,0.51062,0.50532,0.50451,0.50443
"741.4301793",0.41711,0.48085,0.54546,0.53493,0.52622,0.53829,0.53754,0.53744
"928.5896097.1",0.41585,0.38719,0.52356,0.51084,0.50489,0.49955,0.50142,0.50132
"1133.649866",0.41564,0.38695,0.49171,0.48881,0.61012,0.6041,0.6027,0.60274
"1333.745134",0.41543,0.39461,0.52563,0.52177,0.51679,0.51112,0.50994,0.50996
"686.4136974",0.41521,0.38766,0.47722,0.50966,0.54921,0.55035,0.55,0.54993
"923.0449865",0.41511,0.41952,0.55551,0.54432,0.5813,0.58603,0.58467,0.58584
"759.3988481",0.41413,0.39955,0.52674,0.54214,0.53371,0.53001,0.52883,0.52874
"736.4187478",0.41314,0.38578,0.50718,0.50225,0.50475,0.50107,0.49999,0.49994
"1332.741995",0.41306,0.39431,0.52321,0.51854,0.51443,0.50878,0.50761,0.50762
"732.9135327",0.41175,0.38354,0.48126,0.49888,0.55899,0.55786,0.55663,0.55657
"793.4946072",0.4108,0.38243,0.51742,0.50523,0.49667,0.49238,0.49619,0.49612
"1376.772604",0.40958,0.39287,0.52059,0.516,0.51942,0.51376,0.51256,0.51255
"980.5337774",0.40912,0.38085,0.52163,0.50932,0.4998,0.49814,0.49701,0.49704
"1202.67023",0.40795,0.38221,0.52281,0.5171,0.50767,0.50233,0.50119,0.5012
"760.4512119",0.40615,0.38037,0.53373,0.53146,0.54243,0.53843,0.54214,0.54204
"1158.644239",0.40531,0.38567,0.5126,0.50142,0.49217,0.48878,0.48774,0.48776
"882.5473228",0.4044,0.37655,0.51551,0.50298,0.49322,0.48791,0.48848,0.48841
"956.5617692",0.40401,0.38011,0.45803,0.53701,0.5368,0.54834,0.5499,0.54981
"957.5649432",0.40366,0.3802,0.4566,0.54021,0.53808,0.55104,0.55243,0.55233
"881.5351626",0.40355,0.3759,0.51756,0.50498,0.49605,0.49082,0.49292,0.49286
"787.9890119",0.40162,0.37589,0.46242,0.52377,0.5307,0.54169,0.54082,0.54072
"1375.766306",0.40138,0.38085,0.51682,0.51236,0.51041,0.50479,0.50361,0.50362
"428.7349951",0.40137,0.37396,0.50365,0.49517,0.48563,0.48069,0.4801,0.48001
"215.0145333",0.40037,0.38613,0.42654,0.63027,0.71713,0.71159,0.71059,0.7105
"790.4607359",0.40012,0.3905,0.50197,0.49092,0.50933,0.51447,0.51454,0.51444
"742.3868799",0.39989,0.42323,0.51806,0.51104,0.51284,0.5072,0.50607,0.50605
"726.3568104",0.39908,0.37277,0.46415,0.51324,0.52972,0.53722,0.53646,0.53636
"928.5896097",0.39803,0.37054,0.50423,0.49578,0.48791,0.48527,0.48673,0.48665
"884.5630424",0.39794,0.37045,0.50373,0.49585,0.48762,0.48501,0.48586,0.48578
"771.4809682",0.39728,0.36986,0.50528,0.49603,0.49134,0.48658,0.4855,0.48541
"445.7502464",0.39594,0.37038,0.47769,0.50643,0.49662,0.49994,0.50039,0.5003
"836.5085409",0.3943,0.36706,0.49813,0.49378,0.48419,0.48172,0.48072,0.4807
"904.0623059",0.39423,0.367,0.50293,0.49443,0.48515,0.48151,0.48096,0.48088
"834.4888118",0.39398,0.38906,0.55016,0.5495,0.5414,0.58569,0.58436,0.5843
"741.3912568",0.39309,0.47452,0.5371,0.53359,0.54905,0.54502,0.54389,0.54386
"686.9969344.2",0.39067,0.37642,0.44687,0.49427,0.58785,0.58228,0.60312,0.60442
"725.354301",0.39042,0.36427,0.45992,0.50566,0.52537,0.53243,0.53159,0.5315
"459.2505013",0.38959,0.36331,0.48081,0.49675,0.48747,0.48897,0.48833,0.48824
"558.2967468",0.38855,0.37309,0.53926,0.58186,0.62017,0.61338,0.61222,0.61232
"767.4776002",0.38769,0.361,0.49224,0.49005,0.48057,0.47849,0.4774,0.47731
"642.3892327",0.38528,0.35922,0.45788,0.49673,0.5272,0.53127,0.53088,0.5308
"1000.584896",0.38474,0.36075,0.44705,0.52115,0.52348,0.53594,0.53662,0.53652
"1419.788613",0.38428,0.36552,0.50831,0.5072,0.50959,0.50428,0.50314,0.50314
"1425.848955",0.38419,0.35929,0.48455,0.47325,0.505,0.5008,0.5027,0.5027
"481.2621848.2",0.38148,0.35536,0.48239,0.48674,0.47821,0.47629,0.47597,0.4759
"935.5011897",0.3806,0.35446,0.50366,0.49201,0.48256,0.47999,0.47901,0.47902
"743.3916052",0.38021,0.40729,0.50756,0.50333,0.50452,0.49921,0.49808,0.49805
"722.3228869",0.38018,0.35549,0.44779,0.51304,0.51882,0.53052,0.53036,0.53026
"1377.768873",0.37982,0.35889,0.50863,0.51122,0.51075,0.5059,0.50489,0.5049
"883.5600637",0.37908,0.35293,0.48965,0.48548,0.47636,0.47625,0.47736,0.4773
"1463.815553",0.37754,0.35421,0.51131,0.51893,0.53105,0.52678,0.52572,0.5257
"936.5119348",0.37729,0.35141,0.50328,0.49241,0.48314,0.47966,0.47869,0.4787
"674.8913098",0.37638,0.48093,0.54086,0.55937,0.55449,0.58779,0.58642,0.58641
"1420.797774",0.37365,0.35515,0.50169,0.49946,0.50033,0.49496,0.49382,0.49381
"697.5497802",0.36915,0.40807,0.50249,0.49565,0.50518,0.49964,0.49866,0.49862
"666.3718718",0.3691,0.35533,0.52316,0.51364,0.50452,0.50634,0.50549,0.50557
"236.9973496.7",0.36893,0.35892,0.42375,0.51548,0.63973,0.65948,0.67024,0.67129
"721.3231661",0.36747,0.34287,0.44247,0.50117,0.51088,0.52153,0.52125,0.52115
"879.5239392",0.36656,0.35815,0.53285,0.53319,0.53211,0.52737,0.52667,0.52677
"583.3387021",0.36648,0.34149,0.47206,0.48263,0.47951,0.48011,0.47966,0.47958
"745.4220834",0.36597,0.35984,0.47961,0.46881,0.46678,0.46688,0.46592,0.4659
"885.56659",0.36436,0.33958,0.48522,0.47841,0.47072,0.46918,0.46981,0.46974
"880.5339024",0.36402,0.34019,0.49873,0.48669,0.47787,0.4728,0.47388,0.47381
"740.9283951",0.36333,0.38777,0.58547,0.65216,0.64483,0.63858,0.64024,0.64012
"1069.585111",0.36251,0.36552,0.48523,0.47383,0.47409,0.47103,0.47022,0.47021
"382.1871919.1",0.36136,0.34643,0.43025,0.48783,0.68709,0.68862,0.6887,0.68858
"641.8869257",0.36112,0.33626,0.44487,0.48256,0.51381,0.51925,0.5185,0.51842
"1426.860267",0.3608,0.33662,0.47252,0.46114,0.49153,0.48749,0.49001,0.49002
"745.4220834.1",0.36026,0.9077,0.8683,0.86308,0.89544,1.0418,1.0424,1.0424
"810.5025649",0.35926,0.33489,0.43791,0.49504,0.50574,0.51675,0.51596,0.51589
"519.3151345",0.35655,0.33215,0.43672,0.49279,0.50073,0.52509,0.52806,0.52797
"613.5198713",0.35574,0.46155,0.52055,0.50799,0.5027,0.49719,0.49647,0.49638
"744.39701",0.35536,0.40673,0.49925,0.49451,0.5022,0.49708,0.49599,0.49595
"677.296586",0.35497,0.33115,0.43334,0.49939,0.50402,0.51746,0.51716,0.51706
"1246.694369",0.35366,0.33138,0.49195,0.48736,0.47805,0.47288,0.47178,0.47179
"347.1658028",0.35332,1.0283,0.99108,1.0176,1.0411,1.0963,1.0939,1.0938
"470.240957.1",0.35304,0.35094,0.47581,0.51407,0.57993,0.57939,0.57804,0.57797
"903.1214842",0.35279,0.60782,0.62126,0.72254,0.74665,0.83523,0.83392,0.83564
"762.9370296",0.3494,0.34006,0.51739,0.51287,0.51595,0.51657,0.51627,0.51639
"714.3909783",0.34864,0.32582,0.48634,0.47514,0.46726,0.46282,0.46223,0.46214
"739.4429745.1",0.34781,0.32836,0.49035,0.47895,0.49011,0.50659,0.50577,0.50588
"809.997719",0.34526,0.32324,0.41774,0.5187,0.51007,0.54002,0.53881,0.53871
"710.9096187",0.34423,0.33593,0.52182,0.53643,0.54762,0.54233,0.5411,0.54117
"763.9459491.1",0.34292,0.37263,0.46906,0.46125,0.47133,0.4688,0.46854,0.46853
"922.5273496",0.34171,0.3704,0.47013,0.46489,0.51184,0.50815,0.50944,0.50938
"539.308402.1",0.34146,0.47462,0.49169,0.62563,0.61348,0.61067,0.61034,0.61025
"667.3776915",0.33948,0.31686,0.44532,0.45842,0.52247,0.52271,0.5215,0.52141
"698.3644174.1",0.33923,0.59137,0.58417,0.57838,0.69207,0.71799,0.71946,0.71948
"406.2195196",0.33656,0.31331,0.45235,0.46848,0.46565,0.49358,0.49244,0.49248
"915.5482002",0.33635,0.31313,0.45799,0.46462,0.46709,0.47045,0.46958,0.46956
"305.2795507",0.33632,0.33389,0.43302,0.473,0.48488,0.48212,0.48126,0.48117
"481.765836",0.33629,0.31333,0.42309,0.48155,0.4945,0.50482,0.50564,0.50556
"916.5691679",0.33256,0.31015,0.39643,0.56835,0.56526,0.56085,0.56142,0.56153
"718.9154713",0.33239,0.4699,0.67526,0.81703,0.83575,0.82912,0.83184,0.83168
"768.479876",0.33143,0.30915,0.46286,0.46156,0.45684,0.45464,0.454,0.45393
"771.9833293",0.33142,0.31183,0.48238,0.47066,0.47176,0.46662,0.46561,0.46553
"620.3696267",0.33141,0.30862,0.43121,0.46326,0.50243,0.50654,0.50614,0.50608
"710.9003465",0.33069,0.32171,0.5009,0.48981,0.48124,0.48517,0.48416,0.48418
"925.561288",0.33039,0.30886,0.47266,0.46332,0.45602,0.45404,0.4547,0.45468
"619.8673469",0.33027,0.30752,0.4296,0.46537,0.49856,0.50418,0.50367,0.5036
"785.4139482.1",0.32891,0.37267,0.47836,0.47373,0.49146,0.48634,0.4852,0.48517
"663.8964821",0.32755,0.30707,0.43878,0.4599,0.48531,0.50647,0.50594,0.50596
"969.5878356",0.32648,0.30409,0.46269,0.45792,0.45979,0.45635,0.45632,0.45623
"769.453866",0.32359,0.30932,0.51056,0.55851,0.54794,0.55462,0.55741,0.55735
"746.4193588",0.32334,0.3301,0.45949,0.4485,0.44313,0.44142,0.44053,0.44051
"765.3499356",0.31699,0.29515,0.41947,0.46746,0.48462,0.49516,0.49465,0.49456
"763.9459491",0.31672,0.34561,0.45474,0.44721,0.44313,0.44142,0.44125,0.44124
"1023.553659",0.31382,0.37908,0.47459,0.46581,0.48263,0.51269,0.51153,0.51151
"622.3460774",0.31199,0.30847,0.50094,0.49469,0.48956,0.48896,0.48808,0.48811
"660.3757589",0.3118,0.3891,0.47945,0.46793,0.46056,0.45595,0.45539,0.45536
"644.3651144",0.31177,0.30631,0.49859,0.49212,0.48792,0.48649,0.48555,0.48557
"644.8608056",0.30968,0.30737,0.49862,0.4902,0.48338,0.48496,0.48423,0.48427
"534.2967887",0.30939,0.29399,0.48416,0.47511,0.47346,0.46902,0.46794,0.46788
"901.0012069.2",0.3091,0.30329,0.39955,0.46202,0.55361,0.54797,0.5589,0.56002
"828.5014634",0.30855,0.28726,0.44117,0.45431,0.46688,0.47305,0.47195,0.47202
"1136.994599",0.30786,0.30285,0.42427,0.45957,0.56065,0.56184,0.56091,0.56122
"807.4659668.1",0.30714,0.30527,0.49788,0.4908,0.4892,0.49084,0.49022,0.4903
"766.3508216",0.30649,0.28539,0.41228,0.46567,0.47852,0.49121,0.49077,0.49068
"972.6168391",0.30537,0.28883,0.47255,0.46109,0.46186,0.45713,0.45827,0.45821
"824.0031733",0.30519,0.2864,0.42834,0.43959,0.51688,0.5172,0.516,0.51602
"1415.838137",0.30512,0.28436,0.41463,0.44946,0.49002,0.49429,0.49495,0.49494
"804.4277303",0.30488,0.32823,0.46732,0.47449,0.46838,0.46931,0.47041,0.47038
"696.3899407",0.30346,0.28965,0.49405,0.51573,0.50757,0.50834,0.50903,0.50895
"1326.781749.1",0.30333,0.28267,0.4131,0.44995,0.48736,0.49189,0.49302,0.493
"688.389675",0.30309,0.31964,0.49218,0.48402,0.48416,0.4801,0.47924,0.47978
"623.3528464",0.30302,0.285,0.43069,0.44106,0.50907,0.50823,0.5075,0.50742
"918.0753434",0.30274,0.29722,0.46887,0.46302,0.45555,0.47608,0.4787,0.47917
"770.3802104",0.30232,0.2826,0.42049,0.44972,0.48653,0.49363,0.4925,0.49241
"769.3766958",0.30127,0.28185,0.42112,0.44826,0.48719,0.49426,0.49311,0.49302
"597.857868",0.30084,0.28085,0.41689,0.44909,0.48656,0.49148,0.49151,0.49144
"710.3997344",0.29985,0.28229,0.45489,0.44906,0.44956,0.44725,0.44622,0.44613
"714.8929944",0.29956,0.28156,0.45549,0.4498,0.44131,0.44061,0.4399,0.43983
"760.9527523",0.2968,0.29146,0.48968,0.49258,0.51152,0.50691,0.51181,0.51171
"895.5188796",0.29482,0.27824,0.46724,0.45607,0.45217,0.44856,0.45131,0.45125
"645.3630274",0.29424,0.278,0.42885,0.4366,0.50964,0.50928,0.50812,0.50804
"871.5173639",0.29301,0.27835,0.47016,0.45949,0.46023,0.45765,0.46338,0.46346
"732.4146391",0.29119,0.27524,0.45292,0.44615,0.44855,0.44595,0.44492,0.44484
"968.5810379",0.28847,0.27001,0.44233,0.43534,0.46748,0.46601,0.46522,0.46536
"1414.839753",0.28792,0.26969,0.41258,0.43486,0.49464,0.49611,0.49637,0.4964
"791.4681195",0.28759,0.28099,0.49749,0.58717,0.58002,0.59739,0.59839,0.59833
"1044.620288",0.28711,0.26799,0.40624,0.44816,0.47473,0.48255,0.48313,0.48306
"893.4803136",0.28695,0.28036,0.45537,0.4592,0.45099,0.44714,0.44627,0.44625
"833.4737648",0.28566,0.44113,0.4958,0.48641,0.48548,0.49128,0.49053,0.49046
"790.4509587",0.28552,0.27389,0.44946,0.44932,0.45775,0.50536,0.50462,0.50456
"710.4090034",0.28289,0.27384,0.48566,0.49099,0.48146,0.47913,0.47873,0.47866
"850.9939671.1",0.28049,0.26792,0.4603,0.44918,0.45316,0.44831,0.44735,0.44733
"711.2898334",0.2796,0.26604,0.42417,0.42991,0.50962,0.50921,0.50802,0.50795
"704.3997244",0.2796,0.30583,0.4423,0.43157,0.42325,0.42013,0.4194,0.41938
"937.5125775",0.2788,0.32519,0.44228,0.43208,0.4558,0.45438,0.45375,0.45371
"979.5321952",0.27858,0.2804,0.44226,0.43414,0.43647,0.43213,0.43117,0.43114
"889.4412644",0.27709,0.37665,0.55263,0.54038,0.5306,0.54216,0.5411,0.54107
"448.2280091.1",0.2758,0.28217,0.44052,0.46848,0.51478,0.51308,0.51194,0.51197
"651.3933466",0.27204,0.36864,0.39559,0.55324,0.59751,0.69953,0.69796,0.69874
"494.2726125",0.2717,0.26131,0.4626,0.58718,0.61991,0.64865,0.64724,0.64712
"1024.559149",0.26963,0.33425,0.44027,0.43147,0.47611,0.47644,0.47655,0.47651
"736.9013553",0.26907,0.25589,0.44693,0.43935,0.43152,0.42969,0.4287,0.42862
"514.3028672",0.26819,0.40002,0.48792,0.51087,0.50226,0.52844,0.52728,0.52719
"675.3882905",0.26691,0.28768,0.43607,0.43009,0.45269,0.4741,0.47316,0.47316
"815.508163",0.26654,0.26526,0.49,0.51002,0.50306,0.50721,0.50603,0.50606
"918.4968725.1",0.26532,0.48688,0.52997,0.52342,0.51659,0.51269,0.51518,0.5151
"511.2788648",0.26399,0.25229,0.4138,0.41983,0.5099,0.50586,0.50763,0.50796
"501.7616802",0.26371,0.35806,0.46055,0.64287,0.65073,0.64556,0.64593,0.64594
"1370.812461",0.26332,0.24849,0.40385,0.42787,0.47999,0.48294,0.48338,0.48336
"362.1892026.1",0.26173,0.35986,0.48034,0.50357,0.54976,0.64391,0.64244,0.6427
"735.4105481.1",0.26123,0.26151,0.42059,0.41079,0.51312,0.5076,0.50644,0.50635
"1371.809196",0.26013,0.24478,0.39798,0.43118,0.46963,0.47652,0.47646,0.47643
"850.9939671",0.25958,0.24991,0.44898,0.43888,0.4391,0.43501,0.43418,0.43414
"516.2843126",0.25927,0.24909,0.45089,0.56031,0.61366,0.63778,0.63629,0.63617
"503.2740524",0.2588,0.24619,0.43757,0.4324,0.42683,0.42446,0.42449,0.42443
"782.4636714",0.25531,0.26431,0.46536,0.45407,0.44717,0.45453,0.45497,0.455
"667.2698888",0.25511,0.24452,0.41097,0.42374,0.48602,0.48853,0.48745,0.48738
"834.9904634",0.25184,0.40119,0.61622,0.67655,0.66381,0.65823,0.6594,0.65928
"832.45002",0.25177,0.28428,0.51509,0.55572,0.57016,0.62587,0.62754,0.62743
"703.4004554",0.25129,0.30192,0.43834,0.42999,0.42166,0.41702,0.41642,0.41638
"702.395487",0.25054,0.30408,0.43889,0.43076,0.42246,0.41781,0.41727,0.41723
"575.8455816",0.25014,0.24003,0.4378,0.43082,0.42763,0.42454,0.42461,0.42458
"846.0127962",0.24977,0.24225,0.41355,0.41684,0.51051,0.51035,0.50931,0.50936
"448.2280091.2",0.24953,0.23771,0.4175,0.41137,0.40697,0.41127,0.41058,0.41063
"768.450955",0.24847,0.24954,0.47937,0.4902,0.48138,0.47803,0.48019,0.48013
"608.8514926",0.24801,0.39886,0.55471,0.54612,0.53621,0.59257,0.59284,0.59273
"556.3112329",0.24788,0.24211,0.4514,0.44046,0.43738,0.43294,0.43199,0.43192
"1015.634502",0.24709,0.25612,0.47942,0.48559,0.50748,0.50388,0.50374,0.50371
"580.310509",0.24542,0.23857,0.45432,0.53702,0.58192,0.59979,0.59845,0.59834
"873.5101771",0.24409,0.30565,0.42211,0.41376,0.4525,0.44885,0.44781,0.44774
"601.3407115",0.2433,0.23788,0.41425,0.41839,0.49539,0.49461,0.49367,0.49358
"631.8645575",0.24195,0.34584,0.53198,0.52048,0.51054,0.52051,0.51974,0.5197
"657.5497973",0.24051,0.29637,0.42747,0.41725,0.4126,0.40901,0.4081,0.40804
"696.8947733",0.23922,0.24248,0.48074,0.51738,0.50734,0.51179,0.51114,0.51116
"384.2840325",0.23809,0.22652,0.39248,0.42775,0.45309,0.46006,0.46227,0.46218
"701.5827559",0.23789,0.23326,0.41162,0.41518,0.50103,0.49994,0.499,0.49895
"631.366383",0.23622,0.38547,0.54528,0.53725,0.52834,0.58064,0.58099,0.58089
"701.3912371",0.23621,0.2967,0.43335,0.4251,0.41683,0.41224,0.41166,0.41162
"692.3761655",0.23488,0.22821,0.43022,0.42705,0.42022,0.42172,0.42076,0.42069
"848.4582384",0.2337,0.25639,0.42567,0.42251,0.42415,0.41975,0.41878,0.41873
"850.4480936",0.23268,0.22087,0.38559,0.43265,0.44682,0.46471,0.46366,0.46357
"362.2686272",0.23207,0.22003,0.38476,0.43276,0.44485,0.45695,0.45882,0.45874
"754.9374478",0.23125,0.22737,0.40921,0.40064,0.50134,0.49589,0.49642,0.49633
"305.2309431",0.23109,0.22606,0.41632,0.40945,0.53902,0.53404,0.54116,0.54121
"1283.763864.1",0.23044,0.22076,0.39099,0.41757,0.4638,0.46869,0.46945,0.46943
"123.0987218.1",0.22973,0.29565,0.29821,0.64182,1.2144,1.2037,1.2415,1.2417
"715.3300779",0.22965,0.23323,0.4208,0.41476,0.52682,0.52428,0.5237,0.52362
"630.8596702",0.22758,0.38594,0.54571,0.53711,0.52785,0.58726,0.58762,0.58753
"362.6923722",0.2269,0.2221,0.43985,0.42953,0.42239,0.41849,0.41828,0.4182
"578.319",0.22671,0.2265,0.44263,0.43229,0.43264,0.42905,0.42807,0.428
"546.2924323",0.22636,0.52982,0.53832,0.54159,0.72768,0.74635,0.74466,0.74482
"653.3741275",0.22563,0.38336,0.54365,0.53534,0.52602,0.58626,0.5864,0.5863
"80.9480146",0.22428,0.6722,0.72871,0.75201,0.83359,0.85537,0.8538,0.85447
"873.0066229",0.22341,0.22291,0.43808,0.42847,0.43137,0.42824,0.42729,0.42723
"1025.566636",0.22322,0.21866,0.42576,0.42823,0.42587,0.42157,0.42059,0.42056
"545.788601",0.22306,0.53199,0.54262,0.54302,0.70618,0.72619,0.72494,0.72508
"1421.79418",0.22285,0.26164,0.51412,0.55797,0.5944,0.59649,0.59665,0.59658
"1293.776318",0.22145,0.23639,0.48388,0.57251,0.56218,0.57206,0.57831,0.57843
"703.4096786",0.22115,0.23361,0.44104,0.43044,0.46925,0.48257,0.48145,0.48152
"849.4444189",0.22072,0.21122,0.38248,0.42816,0.44275,0.46073,0.4597,0.45962
"305.3828546",0.22043,0.35525,0.42529,0.45821,0.4493,0.45952,0.45871,0.45864
"939.5900826",0.22029,0.39613,0.5291,0.57771,0.56651,0.56517,0.56399,0.56424
"851.493109",0.21939,0.21524,0.43287,0.42419,0.42205,0.42198,0.4215,0.42144
"891.4752201",0.21872,0.23268,0.41945,0.41703,0.41651,0.41218,0.41123,0.41119
"967.5766941",0.21834,0.2079,0.40663,0.42007,0.44085,0.45136,0.4503,0.45051
"319.1351046",0.2161,1.0686,1.0228,0.99792,0.9909,0.98032,0.98034,0.98016
"741.5816947",0.21551,0.22918,0.41434,0.40823,0.4187,0.41413,0.41317,0.41313
"1326.781749",0.21515,0.21075,0.39231,0.41141,0.46631,0.47021,0.4702,0.47017
"360.6751848",0.21443,0.21041,0.43021,0.42173,0.41855,0.41583,0.416,0.41593
"708.9822909",0.21429,0.35379,0.49414,0.53704,1.0649,1.0748,1.078,1.0791
"874.4663017.1",0.21388,0.46478,0.51007,0.49807,0.49423,0.48956,0.48878,0.48871
"892.4826798",0.21372,0.22708,0.41809,0.41659,0.41506,0.4108,0.40984,0.4098
"525.2917964",0.21322,0.21243,0.42841,0.42192,0.4176,0.41644,0.41572,0.41565
"652.3611553",0.21246,0.32473,0.54341,0.55533,0.56969,0.56343,0.56228,0.56217
"666.8836674",0.21246,0.20831,0.43378,0.42445,0.4681,0.46438,0.46606,0.46601
"1023.551866",0.21136,0.21139,0.41871,0.41908,0.42008,0.41565,0.4147,0.41467
"740.9200782",0.21022,0.21926,0.45148,0.61466,0.63524,0.666,0.6657,0.66563
"803.4293201",0.20955,0.25727,0.39628,0.39557,0.44462,0.44347,0.44244,0.44239
"965.5529766",0.20907,0.36596,0.4601,0.45191,0.44477,0.44499,0.44494,0.44485
"813.4060012",0.20749,0.20952,0.39971,0.40956,0.47245,0.4777,0.47676,0.47668
"808.0095637",0.20703,0.21616,0.45044,0.44087,0.43845,0.43389,0.43458,0.43452
"583.2463139",0.20389,0.21026,0.32433,0.61243,0.60292,0.60448,0.60317,0.60334
"1327.782644",0.20365,0.20255,0.39031,0.40853,0.46291,0.46718,0.46709,0.46706
"545.2850022.1",0.2022,0.75516,0.73085,0.72593,0.71199,0.71902,0.73162,0.73158
"787.9792499",0.2001,0.19589,0.37915,0.41955,0.4388,0.4555,0.45448,0.45439
"556.8116905",0.19986,0.20984,0.44254,0.4318,0.43169,0.42726,0.42653,0.42646
"686.9969344.1",0.19866,0.23448,0.29062,0.33467,0.73104,0.72343,0.7355,0.73661
"1420.797774.1",0.19832,0.24666,0.4975,0.51464,0.55088,0.54758,0.54803,0.54796
"801.3901781",0.19768,0.27733,0.44856,0.4803,0.47097,0.50387,0.50602,0.50593
"634.8752551",0.19696,0.33603,0.43975,0.61542,0.84923,0.86086,0.85911,0.85956
"674.3764501",0.19613,0.21705,0.47264,0.49255,0.48297,0.48149,0.48118,0.48109
"259.1141967",0.19584,1.0657,1.055,1.0293,1.0206,1.0272,1.0805,1.0813
"834.4780468",0.19309,0.30271,0.40761,0.41472,0.42724,0.44158,0.44149,0.44142
"838.835078",0.1925,0.38844,0.51938,0.54817,0.63903,0.76326,0.76166,0.76152
"404.2034057.1",0.19177,0.36208,0.40994,0.54905,0.63444,0.62958,0.62883,0.62871
"736.4011062",0.1914,0.19971,0.43097,0.42182,0.41407,0.41342,0.41259,0.41252
"384.20223",0.19121,0.18157,0.43219,0.42993,0.42215,0.41751,0.41694,0.41696
"1464.823668",0.19031,0.23238,0.49921,0.54388,0.58933,0.59234,0.59248,0.59239
"738.4409219",0.18937,0.21566,0.46175,0.46203,0.4577,0.45268,0.45627,0.4562
"746.438361",0.18912,0.18859,0.37402,0.38552,0.41442,0.42499,0.42538,0.42543
"600.3348431",0.18611,0.19928,0.43336,0.42329,0.42506,0.4218,0.42105,0.42098
"832.5102229",0.18544,0.30107,0.5064,0.49475,0.48644,0.49292,0.49211,0.49204
"515.2733784",0.18408,0.18958,0.41943,0.5323,0.61938,0.63911,0.63772,0.63761
"489.7754149",0.18333,0.18242,0.41123,0.40713,0.4162,0.41446,0.4183,0.41823
"1283.763864",0.18329,0.19053,0.39038,0.40297,0.4649,0.46797,0.46778,0.46775
"810.3755602",0.18288,0.18819,0.38611,0.4087,0.44502,0.45497,0.45404,0.45395
"578.820284",0.18135,0.19613,0.4328,0.42271,0.42221,0.41915,0.41835,0.41828
"1068.584495",0.17862,0.19232,0.40955,0.42172,0.42387,0.43028,0.42931,0.42927
"1239.738343",0.17844,0.18414,0.38325,0.40295,0.4531,0.45819,0.45879,0.45875
"545.2850022",0.1781,0.54218,0.54844,0.54693,0.71157,0.73116,0.72984,0.72995
"807.9700232",0.17588,0.18532,0.41734,0.4127,0.40635,0.4066,0.40642,0.40634
"829.9835768",0.17568,0.18873,0.42376,0.4158,0.41382,0.41198,0.41177,0.4117
"855.5245476",0.17508,0.18492,0.41513,0.41304,0.40509,0.41092,0.41031,0.41026
"514.7682828",0.17456,0.17486,0.38338,0.38195,0.52642,0.52093,0.52033,0.52024
"536.7835568",0.17393,0.16841,0.38775,0.38623,0.51341,0.50804,0.50737,0.50727
"362.1892026",0.17356,0.1645,0.3901,0.38154,0.44828,0.4456,0.4447,0.44462
"974.8142417",0.17294,0.4958,0.58083,0.57547,0.72932,0.8366,0.83464,0.83449
"671.3004278",0.17249,0.31231,0.47109,0.51418,0.51571,0.51493,0.5138,0.51373
"897.4269755",0.17049,0.187,0.42668,0.41771,0.41288,0.41225,0.4113,0.41123
"523.7785072",0.16934,0.46805,0.49464,0.61366,0.6878,0.68572,0.69049,0.69039
"696.3715866",0.16932,0.4211,0.60898,0.79901,0.78355,0.77799,0.83873,0.83865
"809.374303",0.1692,0.20153,0.43515,0.42648,0.43043,0.42975,0.42878,0.42878
"467.7631671",0.16886,0.17587,0.40948,0.40839,0.40173,0.40241,0.4046,0.40453
"600.8376721",0.16819,0.18583,0.42405,0.41606,0.41377,0.41264,0.41195,0.41187
"1152.685907",0.16791,0.17684,0.38084,0.40396,0.4435,0.45084,0.45141,0.45135
"695.4175065",0.16562,0.16311,0.2971,0.45445,0.47207,0.56162,0.56046,0.5612
"735.4105481",0.16503,0.17392,0.40906,0.40906,0.40402,0.4101,0.40914,0.40908
"426.333325",0.16462,0.16914,0.36943,0.41022,0.42639,0.43887,0.4417,0.44162
"512.2858749",0.16295,0.18912,0.44078,0.43083,0.42782,0.42403,0.42351,0.42347
"672.4091501",0.16105,0.2531,0.44052,0.45677,0.4565,0.47506,0.48046,0.48037
"707.9253884",0.15951,0.31267,0.43166,0.42699,0.43352,0.44183,0.44259,0.44251
"895.5605071",0.15763,0.20301,0.43611,0.42649,0.44428,0.45029,0.44924,0.44928
"691.3882504",0.15754,0.25901,0.38672,0.38465,0.50914,0.51219,0.51261,0.5126
"514.2713212",0.15667,0.14908,0.40395,0.47012,0.50812,0.51367,0.51255,0.51249
"404.2034057",0.15572,0.14498,0.40701,0.40093,0.40275,0.39861,0.39784,0.39784
"807.5054949",0.15491,0.19181,0.45042,0.44375,0.44368,0.43892,0.4381,0.43806
"947.5847043",0.15443,0.19658,0.42135,0.42774,0.42745,0.42354,0.42272,0.4227
"1284.760866",0.15401,0.17279,0.38581,0.39734,0.45934,0.46249,0.46279,0.46278
"740.4173179",0.1539,0.29892,0.54284,0.60282,0.60496,0.60123,0.60102,0.60091
"785.4919185",0.15369,0.17822,0.42133,0.41396,0.40919,0.41026,0.40933,0.40925
"666.8746868",0.15361,0.17489,0.41485,0.4106,0.40696,0.40995,0.409,0.40892
"1282.754793",0.15259,0.17285,0.38693,0.39679,0.46248,0.46507,0.46527,0.46527
"236.9973496.2",0.15259,0.45781,0.43978,0.73019,0.72282,0.72293,0.78713,0.78698
"1150.679616",0.15147,0.16912,0.38182,0.39946,0.44708,0.45414,0.45383,0.45378
"724.4246909",0.14928,0.1704,0.418,0.41114,0.40403,0.40734,0.40655,0.40652
"426.7139781",0.14908,0.14163,0.39376,0.38458,0.38768,0.38491,0.38415,0.38415
"156.1356155",0.14841,0.2117,0.3801,0.74234,0.78894,0.78687,0.78505,0.79065
"1016.643282",0.14804,0.18466,0.43756,0.42712,0.42161,0.421,0.42347,0.42347
"1194.704778",0.14647,0.16578,0.38034,0.39964,0.44325,0.45106,0.45089,0.45084
"824.4699488",0.14562,0.15001,0.39424,0.38983,0.4365,0.43545,0.43842,0.43835
"622.8493602",0.14549,0.1768,0.42438,0.4155,0.41599,0.41512,0.4142,0.41412
"1196.712983",0.14537,0.16541,0.38063,0.40002,0.44247,0.45018,0.45012,0.45006
"382.6904547",0.14533,0.16826,0.42313,0.41339,0.40888,0.40637,0.40662,0.40655
"762.9326157",0.14418,0.18701,0.44882,0.6034,0.62526,0.64902,0.64918,0.64908
"724.9235284.1",0.14364,0.1677,0.41786,0.41079,0.40335,0.40628,0.40542,0.40537
"896.0601135",0.14334,0.20862,0.42717,0.43115,0.44237,0.45271,0.45166,0.45186
"779.4412728",0.14159,0.14775,0.38915,0.39575,0.44607,0.46092,0.46153,0.46149
"1151.682543",0.14108,0.16499,0.38288,0.39801,0.44776,0.45445,0.45406,0.454
"1240.735905",0.13964,0.16584,0.38522,0.39717,0.45322,0.45757,0.45769,0.45766
"1238.736238",0.13824,0.16658,0.38702,0.39535,0.46179,0.46426,0.46451,0.46451
"785.4529329",0.13784,0.18092,0.37376,0.43394,0.42928,0.53915,0.53804,0.53795
"1005.541163",0.13716,0.33244,0.43499,0.42787,0.43378,0.43318,0.43281,0.43274
"1195.70939",0.13708,0.15926,0.37695,0.39834,0.43883,0.44681,0.44744,0.44739
"821.5235639",0.1365,0.17567,0.39988,0.39699,0.49495,0.49268,0.49234,0.49245
"1107.654537",0.13644,0.15622,0.37266,0.40113,0.43095,0.44201,0.44263,0.44257
"545.8210992",0.1362,0.80838,0.77655,0.76006,0.77106,0.77339,0.77178,0.77191
"784.9559507",0.13598,0.33776,0.50698,0.49948,0.50579,0.56153,0.56148,0.5615
"523.8023842",0.1336,0.67581,0.66514,0.65207,0.65705,0.66013,0.66005,0.66058
"1006.544919",0.13329,0.33041,0.43385,0.42701,0.43302,0.43241,0.43214,0.43207
"762.4280187",0.13195,0.18448,0.45038,0.61293,0.63168,0.65689,0.65681,0.6567
"404.2034057.2",0.13089,0.23266,0.37755,0.38058,0.43899,0.44375,0.44312,0.44309
"1108.661697",0.13072,0.1546,0.37389,0.39911,0.4331,0.44439,0.44424,0.44419
"697.3997889",0.13009,0.26563,0.3869,0.3847,0.47667,0.52182,0.52073,0.52072
"1011.604391",0.12849,0.19752,0.46869,0.48891,0.4913,0.49794,0.5027,0.50267
"847.4482931",0.12804,0.28958,0.39686,0.39518,0.48356,0.48417,0.48404,0.48396
"1018.604074",0.12643,0.14949,0.36916,0.40034,0.4273,0.43867,0.44014,0.4401
"835.4929854",0.12605,0.29536,0.5498,0.60865,0.59683,0.59478,0.59413,0.59402
"776.444103",0.12484,0.28053,0.53293,0.59055,0.5883,0.58386,0.58617,0.58606
"718.3840816",0.12386,0.29349,0.53413,0.68363,0.67253,0.67163,0.70157,0.70165
"852.496055",0.12261,0.1559,0.4116,0.40698,0.40284,0.40939,0.40875,0.40874
"340.1774005",0.12206,0.18055,0.42852,0.41975,0.43848,0.43756,0.43687,0.43684
"823.4642013",0.12124,0.1354,0.39219,0.38686,0.43637,0.43547,0.43846,0.4384
"385.2049104",0.12008,0.23511,0.45711,0.45276,0.44395,0.45707,0.45652,0.4565
"471.2444745",0.11996,0.26913,0.52491,0.59913,0.60004,0.60304,0.60193,0.60182
"1062.624646",0.11841,0.14974,0.3743,0.39663,0.43478,0.4427,0.44425,0.44423
"948.0837068",0.11791,0.1594,0.41341,0.40854,0.4006,0.40713,0.40662,0.40661
"675.8944951",0.11506,0.13328,0.37939,0.37407,0.41177,0.42981,0.42896,0.42896
"1063.633809",0.11408,0.14855,0.37503,0.39606,0.43485,0.44228,0.4442,0.44417
"215.0145333.1",0.11377,0.15094,0.27769,0.54445,0.58765,0.5812,0.58461,0.58458
"470.7463546",0.11352,0.28156,0.54299,0.64338,0.63183,0.64064,0.63925,0.63917
"790.9632663",0.11253,0.19668,0.48268,0.54291,0.53237,0.53441,0.53666,0.53658
"523.3010799",0.11221,0.70019,0.68418,0.6687,0.66955,0.67812,0.67717,0.6776
"963.5225098",0.11118,0.2174,0.39416,0.39668,0.40159,0.39918,0.39875,0.39869
"873.55129",0.111,0.22041,0.45888,0.44847,0.44395,0.47841,0.47803,0.47837
"758.4195073",0.11057,0.16779,0.43328,0.42276,0.41619,0.41504,0.41448,0.41443
"856.5013129",0.10962,0.27724,0.5356,0.58522,0.57427,0.57082,0.57066,0.57056
"340.6778836",0.10916,0.15162,0.41426,0.40735,0.40095,0.40168,0.40201,0.40195
"564.824817",0.10754,0.16487,0.44489,0.44454,0.44171,0.43836,0.44065,0.44057
"470.240957",0.10558,0.25898,0.51944,0.59398,0.59418,0.59762,0.59651,0.5964
"1507.846415",0.10549,0.16959,0.43593,0.42553,0.42755,0.42386,0.42311,0.42304
"609.3492903",0.10538,0.19152,0.49356,0.59293,0.58658,0.58479,0.58615,0.58605
"1508.845872",0.10532,0.16733,0.43254,0.42202,0.42224,0.41921,0.41848,0.41841
"696.9039538",0.1052,0.33331,0.57432,0.64554,0.64371,0.64954,0.65353,0.65371
"583.8427666",0.10458,0.13778,0.38502,0.4049,0.39969,0.41691,0.41626,0.41628
"898.0495106",0.10407,0.15382,0.41593,0.40906,0.40112,0.40318,0.4025,0.40243
"498.8991033",0.10221,0.62848,0.68848,0.69641,0.84899,0.90718,0.90521,0.90505
"1019.605998",0.10165,0.1418,0.37154,0.39703,0.42738,0.43811,0.4395,0.43945
"854.4060224",0.10164,0.15804,0.39134,0.39715,0.45326,0.45997,0.4589,0.45882
"405.7080162",0.10075,0.21134,0.42096,0.43815,0.43776,0.45899,0.46037,0.46035
"404.3152805",0.099653,0.13522,0.36373,0.40545,0.41231,0.42972,0.4324,0.43234
"829.5227781",0.099277,0.14052,0.38981,0.38224,0.43975,0.46241,0.49515,0.49524
"563.3508874",0.099242,0.66829,0.63983,0.80334,0.80048,0.87325,0.87135,0.87125
"404.6999679",0.095469,0.092216,0.38391,0.3773,0.39185,0.38779,0.38694,0.38693
"760.4608018",0.095416,0.12438,0.3501,0.40288,0.4097,0.42778,0.43323,0.43316
"523.2692591",0.095107,0.28389,0.41461,0.55734,0.57647,0.57039,0.56929,0.56961
"382.2687796",0.095019,0.13302,0.36259,0.40701,0.41056,0.43056,0.43249,0.43246
"906.824875",0.093368,0.40093,0.51209,0.50968,0.64148,0.77985,0.77803,0.77795
"725.9257402",0.092863,0.18072,0.46709,0.48658,0.47772,0.47456,0.47388,0.47379
"688.3922391",0.092155,0.16604,0.44987,0.45215,0.45012,0.4453,0.44428,0.44421
"780.4416124",0.091695,0.14175,0.4119,0.40437,0.41174,0.4171,0.41665,0.41658
"898.5498106",0.091476,0.15266,0.41862,0.41067,0.40273,0.40438,0.40363,0.40356
"754.4311128.1",0.090687,0.26513,0.53178,0.59523,0.58389,0.58223,0.58239,0.58229
"492.2567464",0.090159,0.089125,0.3671,0.36865,0.50452,0.49904,0.49856,0.49847
"955.5402591",0.089639,0.21226,0.45587,0.44515,0.48766,0.50487,0.52286,0.52321
"768.9523287",0.088056,0.19167,0.47724,0.50463,0.49609,0.4922,0.49509,0.495
"718.5037114",0.087639,0.21671,0.36274,0.55579,0.54787,0.54246,0.561,0.56098
"971.6138398",0.08738,0.15953,0.43078,0.4203,0.4127,0.41202,0.41115,0.41115
"406.7173183",0.087048,0.13824,0.3723,0.40096,0.41804,0.43306,0.43389,0.43382
"901.0026636",0.086416,0.1262,0.29969,0.29921,0.80054,0.80514,0.8105,0.81164
"822.0278048",0.086226,0.15522,0.40989,0.40387,0.40116,0.39884,0.40533,0.40526
"785.9598217",0.084807,0.14623,0.40977,0.40561,0.39832,0.40144,0.40174,0.40167
"681.330016",0.084231,0.22233,0.40489,0.48191,0.47643,0.48179,0.48125,0.48117
"338.1599617",0.084018,0.13674,0.36701,0.35831,0.38615,0.38395,0.38307,0.38307
"236.9973496.5",0.083935,0.1759,0.32574,0.44072,0.60718,0.61072,0.61457,0.61447
"876.5345512",0.082853,0.15092,0.41758,0.41018,0.40221,0.40504,0.40416,0.40409
"1110.786715",0.081878,0.81441,0.81371,1.0054,1.117,1.1057,1.1038,1.1039
"784.9462076",0.080859,0.16475,0.44499,0.55659,0.59463,0.61154,0.61025,0.61013
"666.3718718.1",0.078906,0.24096,0.41866,0.48221,0.48988,0.48707,0.48623,0.48621
"830.0236523",0.077908,0.31,0.57603,0.69845,0.76352,0.773,0.77261,0.7728
"405.2038353",0.07553,0.20229,0.44514,0.43804,0.43011,0.43813,0.43788,0.43784
"939.547444",0.074346,0.12406,0.39946,0.39308,0.4355,0.43728,0.43753,0.4375
"832.0085989",0.071211,0.20046,0.43986,0.43555,0.42724,0.43904,0.4382,0.43816
"718.4027235",0.067865,0.24172,0.51571,0.58135,0.57235,0.57334,0.57218,0.5721
"724.9235284",0.067748,0.17812,0.46571,0.47795,0.469,0.46471,0.46389,0.46381
"930.5511235",0.067684,0.18816,0.40888,0.41975,0.4428,0.45336,0.45716,0.45716
"383.1940487",0.065468,0.14668,0.42177,0.41229,0.40737,0.40812,0.40741,0.40734
"427.7202937",0.065184,0.19012,0.41227,0.42431,0.43496,0.44952,0.45185,0.45179
"258.9798636.1",0.064795,0.33258,0.48527,0.50824,0.52096,0.53391,0.58169,0.58196
"845.418411",0.06453,0.17755,0.41722,0.41551,0.43289,0.43828,0.44223,0.44216
"785.6106125",0.063685,0.2001,0.42463,0.42549,0.45793,0.46562,0.46679,0.4667
"867.487351",0.063602,0.2219,0.48788,0.49705,0.48742,0.48752,0.50202,0.50203
"384.7068174",0.063091,0.14792,0.41886,0.41093,0.40311,0.40512,0.40478,0.40472
"567.331858",0.061398,0.8585,0.82167,0.80396,0.82098,0.82036,0.81864,0.81879
"1093.595759",0.061335,0.25773,0.40378,0.41015,0.40975,0.41274,0.41284,0.41277
"545.3174855",0.059668,0.84736,0.81157,0.79344,0.80474,0.80506,0.80333,0.8035
"876.0404189",0.057923,0.14989,0.41875,0.41148,0.40354,0.40728,0.40642,0.40635
"511.7901133",0.057797,0.13468,0.41649,0.40636,0.42932,0.42555,0.42983,0.42977
"427.2169878",0.057376,0.14636,0.41883,0.41063,0.40312,0.40448,0.40466,0.4046
"1050.57459",0.057176,0.25575,0.40339,0.41052,0.40939,0.4133,0.41296,0.41289
"725.429231",0.057153,0.17664,0.46454,0.47473,0.46636,0.46183,0.46093,0.46084
"318.1666828",0.056132,0.23497,0.42943,0.48161,0.47476,0.46984,0.46982,0.46982
"798.9603892",0.054968,0.17504,0.45602,0.58501,0.61241,0.62348,0.62515,0.62503
"724.4207614",0.05447,0.18053,0.46921,0.48374,0.4745,0.47045,0.4695,0.46941
"931.5485775",0.054261,0.173,0.39668,0.41487,0.43148,0.44417,0.44923,0.44923
"360.1734169",0.054201,0.14107,0.35949,0.35187,0.41203,0.41049,0.4097,0.40967
"716.9400679",0.05334,0.16761,0.38891,0.40914,0.42587,0.44388,0.4455,0.44545
"407.2224395",0.052696,0.13772,0.37782,0.40073,0.42032,0.43532,0.4358,0.43573
"829.4827147",0.050196,0.13211,0.45749,0.51814,0.52526,0.52051,0.52162,0.52152
"1049.571642",0.049067,0.2556,0.40274,0.40954,0.40879,0.41217,0.41198,0.4119
"122.0937358.1",0.047804,0.54825,0.52358,0.54962,1.1485,1.1654,1.1706,1.1704
"857.0015356",0.047023,0.23191,0.50541,0.55022,0.54181,0.5375,0.54016,0.54006
"589.8447335",0.046405,0.902,0.86208,0.84189,0.85465,0.85228,0.85049,0.85069
"653.8809083",0.045833,0.21558,0.4705,0.46227,0.46224,0.47602,0.47591,0.47588
"853.3999753",0.045603,0.15476,0.42225,0.41434,0.40829,0.41198,0.41106,0.41099
"611.8585342",0.04509,0.94085,0.89859,0.87744,0.88826,0.88464,0.88257,0.88273
"382.1871919",0.043566,0.065916,0.37343,0.36953,0.39111,0.38685,0.38597,0.38594
"404.2873103",0.043169,0.13176,0.37155,0.40505,0.41111,0.4302,0.43202,0.43197
"788.4869531",0.042816,0.19663,0.38303,0.48334,0.4771,0.48057,0.47989,0.47983
"740.3983925",0.041466,0.24512,0.51452,0.66532,0.65263,0.65749,0.67585,0.67594
"275.1062167",0.040818,1.0131,0.96791,0.94556,0.93422,0.92396,0.92517,0.92499
"586.8380268",0.040557,0.16995,0.45902,0.46755,0.46448,0.46083,0.46095,0.46086
"450.7421715",0.040409,0.21229,0.4919,0.53963,0.53622,0.53684,0.53606,0.53596
"902.6199129",0.039376,0.39808,0.43557,0.57536,0.58137,0.69965,0.70152,0.70307
"820.4731234",0.038557,0.19569,0.45528,0.45367,0.48639,0.49521,0.49422,0.49418
"758.9175984",0.037483,0.16383,0.43497,0.42444,0.41733,0.41915,0.41849,0.41845
"472.2566189",0.036925,0.17789,0.46158,0.59308,0.61303,0.6319,0.63044,0.63032
"492.7583968",0.036229,0.17242,0.4528,0.59184,0.62265,0.64364,0.64221,0.6421
"857.5082081",0.035931,0.21107,0.4855,0.51068,0.51303,0.50742,0.51119,0.51114
"694.4261623",0.034506,0.13855,0.36435,0.41457,0.40992,0.43129,0.44394,0.44385
"854.5280078",0.030449,0.17727,0.43481,0.42698,0.41879,0.4265,0.42551,0.42545
"587.3351725",0.028501,0.16933,0.45383,0.45083,0.44402,0.43918,0.43978,0.4397
"854.0197929",0.026829,0.17409,0.43056,0.42421,0.41596,0.42298,0.4225,0.42245
"450.2402523",0.026814,0.18563,0.47879,0.5345,0.52668,0.5354,0.5372,0.53715
"565.32082",0.02607,0.19273,0.46744,0.46428,0.45574,0.45074,0.45229,0.4522
"162.1278967",0.025904,0.30442,0.35485,0.48133,0.53416,0.52828,0.53111,0.53706
"320.1361087",0.025162,1.0963,1.0517,1.0292,1.031,1.0458,1.0534,1.0532
"873.4690652",0.024801,0.1933,0.38061,0.37739,0.38091,0.37967,0.37881,0.37874
"231.0814166",0.02339,1.2195,1.1853,1.1763,1.1569,1.1489,1.1494,1.1491
"633.3683955",0.023187,0.195,0.41348,0.42321,0.42586,0.47602,0.47567,0.4756
"828.9820037",0.021728,0.091271,0.42941,0.44921,0.44687,0.44822,0.4484,0.44833
"911.5151667",0.021332,0.16468,0.42602,0.41566,0.46475,0.48845,0.51753,0.51794
"611.3583258",0.020335,0.19685,0.41437,0.42444,0.42535,0.47766,0.47727,0.47719
"961.5157469",0.019758,0.1291,0.36362,0.3576,0.41517,0.4106,0.41038,0.41031
"716.4373334",0.019109,0.13611,0.36687,0.40998,0.41065,0.43483,0.43885,0.43877
"747.4363157",0.018176,0.1854,0.37073,0.36294,0.41204,0.40763,0.40877,0.40871
"589.342745",0.018157,0.88201,0.84337,0.8238,0.8396,0.83921,0.83725,0.83745
"798.4591514",0.016721,0.20438,0.45877,0.45286,0.48325,0.49144,0.49037,0.49035
"903.6231948",0.015418,0.83126,0.871,0.8663,0.85423,0.88994,0.89227,0.89309
"361.177302",0.015288,0.16347,0.42433,0.41903,0.41207,0.41921,0.41911,0.41909
"472.7555369",0.014929,0.18418,0.45787,0.58488,0.6234,0.64463,0.64508,0.64497
"875.4743968",0.012993,0.14475,0.3773,0.38287,0.3813,0.38213,0.38134,0.38129
"448.2280091",0.012644,0.10318,0.36705,0.36142,0.38199,0.37797,0.3771,0.37707
"567.8289603",0.012512,0.85497,0.81835,0.80013,0.82351,0.82204,0.82061,0.82082
"918.4968725",0.011763,0.14203,0.36265,0.35486,0.41599,0.4115,0.41106,0.41099
"136.1120487.1",0.011531,0.31963,0.35369,0.34643,0.53508,0.52935,0.52958,0.55438
"1012.611168",0.011033,0.17813,0.44784,0.43838,0.44035,0.44181,0.44249,0.44284
"983.574314",0.0086172,0.15979,0.4357,0.42534,0.4295,0.42782,0.42697,0.42689
"517.2962375",0.0082103,0.1628,0.35747,0.48287,0.47386,0.47869,0.47906,0.47897
"590.3478157",0.0065713,0.86386,0.82679,0.80824,0.81789,0.8199,0.81816,0.81821
"917.4958988",0.0053023,0.095002,0.37184,0.37481,0.3929,0.3901,0.38925,0.38919
"703.9170487",0.0050732,0.19479,0.47547,0.49832,0.49438,0.4891,0.50184,0.50176
"975.5744316",0.0048973,0.14309,0.38087,0.40338,0.42281,0.43724,0.43943,0.43938
"874.4663017",0.004845,0.2285,0.38121,0.37201,0.40639,0.40192,0.40118,0.40111
"689.3881109",0.0046318,0.075684,0.2786,0.43673,0.42835,0.4927,0.49232,0.49224
"868.4914166",0.0046287,0.18053,0.46162,0.46551,0.459,0.45501,0.45528,0.45583
"732.9229474",0.0041184,0.1898,0.47109,0.47388,0.46498,0.45994,0.45951,0.45943
"630.3531608",0.0027913,0.16368,0.43592,0.42541,0.42171,0.42392,0.42293,0.4229
"974.5753861",0.0019242,0.1433,0.38046,0.4038,0.42247,0.43726,0.43948,0.43945
"718.3840816.1",0.00051029,0.22908,0.50657,0.66518,0.65225,0.65962,0.67809,0.67816
"493.2603028",0.00021195,0.19371,0.46943,0.63323,0.65007,0.67486,0.67328,0.67317
"665.0170118.2",7.1974e-05,0.35125,0.34597,0.47153,0.73129,0.73047,0.74643,0.74693
